loan_id,borrower_id,loan_type,origination_date,maturity_date,original_principal,current_balance,interest_rate,term_months,borrower_state,loan_purpose,credit_grade,employment_length,income_band,payment_status,days_past_due,servicer_name,last_payment_date,last_updated_at,document_status,source_system
L000001,B9935,CONVENTIONAL,2012-07-01,2027-07-01,338389.00,155381.36,6.043,180,XX,PURCHASE,B,16,LOW,CURRENT,0,US Bank,2013-09-23,2013-09-29,COMPLETE,MANUAL_ENTRY
L000002,B3615,JUMBO,2022-03-23,2042-03-23,-281148.00,166435.65,4.542,180,WI,REFINANCE,A,2,VERY_HIGH,CURRENT,0,Wells Fargo,2032-01-20,2032-01-31,INCOMPLETE,MANUAL_ENTRY
L000003,B5803,VA,2015-12-07,2030-12-07,531741.00,0.00,5.964,360,TX,PURCHASE,C,2,MEDIUM,CLOSED,0,Freedom Mortgage,2020-04-04,2020-04-07,COMPLETE,SERVICING_SYS
L000004,B2169,FHA,2018-03-08,2033-03-08,438162.00,232631.58,5.705,180,MO,REFINANCE,B+,22,MEDIUM,DELINQUENT,74,PNC Bank,2028-10-07,2028-10-17,INCOMPLETE,ORIGINATION_SYS
L000005,B6155,FHA,2015-02-20,2030-02-20,380776.00,213522.85,6.433,240,TN,REFINANCE,B,8,MEDIUM,CURRENT,0,JPMorgan Chase,2025-06-17,2025-07-10,COMPLETE,SERVICING_SYS
L000006,B2489,CONVENTIONAL,2023-02-10,2043-02-10,661878.00,370393.76,7.667,180,DC,CASH_OUT,D,19,LOW,CURRENT,0,Quicken Loans,2024-09-28,2024-10-10,COMPLETE,SERVICING_SYS
L000007,B9797,VA,2021-11-13,2041-11-13,630099.00,541574.38,7.112,240,NV,PURCHASE,D,0,HIGH,CURRENT,0,US Bank,2030-01-12,2030-02-05,COMPLETE,ORIGINATION_SYS
L000008,B9689,CONVENTIONAL,2016-09-10,2046-09-10,582323.00,405198.18,6.094,240,XX,REFINANCE,C,7,LOW,CURRENT,0,JPMorgan Chase,2025-04-29,2025-05-27,COMPLETE,ORIGINATION_SYS
L000009,B3103,JUMBO,2011-12-03,2041-12-03,559597.00,0.00,8.181,180,RI,REFINANCE,B,29,MEDIUM,CLOSED,0,PNC Bank,2017-12-22,2017-12-31,COMPLETE,MANUAL_ENTRY
L000010,B4770,FHA,2018-05-18,2038-05-18,592717.00,351757.38,2.543,360,IA,PURCHASE,A,27,HIGH,CURRENT,0,Wells Fargo,2019-03-06,2019-03-22,COMPLETE,MANUAL_ENTRY
L000011,B4981,JUMBO,2020-11-20,2035-11-20,615427.00,0.00,7.345,180,TX,REFINANCE,C,13,VERY_HIGH,PAID_OFF,0,Quicken Loans,2027-05-16,2027-06-12,COMPLETE,MANUAL_ENTRY
L000012,B4116,JUMBO,2012-03-17,2027-03-17,472179.00,0.00,3.341,180,KS,PURCHASE,D,25,LOW,PAID_OFF,0,Wells Fargo,2013-07-07,2013-07-27,MISSING,ORIGINATION_SYS
L000013,B1960,FHA,2012-02-04,2027-02-04,224389.00,126593.35,4.774,240,DC,REFINANCE,C,13,VERY_HIGH,CURRENT,0,JPMorgan Chase,2021-11-14,2021-11-20,COMPLETE,ORIGINATION_SYS
L000014,B9238,FHA,2022-12-28,2052-12-28,618532.00,210067.34,2.841,360,ID,PURCHASE,A+,2,MEDIUM,CURRENT,0,Quicken Loans,2023-08-20,2023-08-23,MISSING,MANUAL_ENTRY
L000015,B9565,VA,2015-07-10,2045-07-10,673398.00,219414.67,8.108,180,MA,PURCHASE,C,12,MEDIUM,CURRENT,0,PNC Bank,2022-12-22,2023-01-11,COMPLETE,SERVICING_SYS
L000016,B4492,VA,2011-08-18,2026-08-18,530547.00,373374.32,3.295,240,KS,REFINANCE,C,5,VERY_HIGH,CURRENT,0,Freedom Mortgage,2012-10-30,2012-11-16,COMPLETE,MANUAL_ENTRY
L000017,B2753,FHA,2021-11-12,2036-11-12,631542.00,312358.27,4.134,360,MI,PURCHASE,B+,20,HIGH,DELINQUENT,86,US Bank,2023-06-15,2023-06-30,COMPLETE,ORIGINATION_SYS
L000018,B5291,FHA,2012-01-27,2042-01-27,494151.00,414630.37,6.947,360,OK,PURCHASE,A,2,MEDIUM,CURRENT,0,US Bank,2015-11-23,2015-11-24,INCOMPLETE,MANUAL_ENTRY
L000019,B1653,VA,2022-05-24,2037-05-24,500664.00,191674.00,3.76,180,MN,CASH_OUT,D,19,MEDIUM,CURRENT,0,JPMorgan Chase,2032-07-22,2032-08-18,COMPLETE,ORIGINATION_SYS
L000020,B5065,VA,2019-04-01,2034-04-01,238073.00,185403.37,3.455,360,AZ,REFINANCE,B,6,VERY_HIGH,CURRENT,0,Bank of America,2029-10-07,2029-10-16,INCOMPLETE,ORIGINATION_SYS
L000021,B5573,VA,2015-01-01,2030-01-01,742094.00,315786.50,6.349,240,OH,REFINANCE,A,3,HIGH,CURRENT,0,JPMorgan Chase,2024-10-10,2024-10-28,MISSING,SERVICING_SYS
L000022,B9379,CONVENTIONAL,2010-11-10,2025-11-10,675550.00,393485.21,4.811,360,AZ,CASH_OUT,D,0,MEDIUM,DELINQUENT,50,Bank of America,2015-11-01,2015-11-14,COMPLETE,MANUAL_ENTRY
L000023,B6067,JUMBO,2017-05-28,2047-05-28,379164.00,277245.42,4.457,360,FL,PURCHASE,D,21,VERY_HIGH,CURRENT,0,PNC Bank,2027-07-31,2027-08-23,MISSING,MANUAL_ENTRY
L000024,B6279,JUMBO,2022-10-07,2042-10-07,475800.00,312200.54,5.151,360,NM,CASH_OUT,B,21,LOW,CURRENT,0,Bank of America,2026-01-24,2026-02-09,COMPLETE,MANUAL_ENTRY
L000025,B1757,FHA,2017-07-08,2032-07-08,296277.00,218450.12,8.404,360,CA,REFINANCE,D,28,MEDIUM,CURRENT,0,PNC Bank,2019-10-31,2019-11-22,COMPLETE,SERVICING_SYS
L000026,B2746,JUMBO,2015-06-22,2030-06-22,737926.00,0.00,3.813,360,AR,CASH_OUT,B,29,LOW,PAID_OFF,0,Quicken Loans,2025-03-15,2025-03-19,INCOMPLETE,MANUAL_ENTRY
L000027,B9270,JUMBO,2021-11-30,2051-11-30,674377.00,341399.09,7.483,360,HI,CASH_OUT,D,14,HIGH,DEFAULT,316,Freedom Mortgage,2028-11-12,2028-11-19,INCOMPLETE,SERVICING_SYS
L000028,B5451,VA,2021-09-10,2041-09-10,707193.00,322133.35,4.418,360,GA,PURCHASE,D,22,MEDIUM,CURRENT,0,PNC Bank,2029-10-10,2029-10-16,COMPLETE,SERVICING_SYS
L000029,B1320,JUMBO,2017-06-03,2047-06-03,538557.00,307113.88,5.362,240,MO,REFINANCE,A+,23,MEDIUM,CURRENT,0,Quicken Loans,2022-03-19,2022-03-26,COMPLETE,SERVICING_SYS
L000030,B3091,CONVENTIONAL,2010-08-26,2030-08-26,402457.00,295712.47,7.942,360,AK,PURCHASE,B+,13,MEDIUM,DEFAULT,174,Freedom Mortgage,2020-02-27,2020-03-12,COMPLETE,SERVICING_SYS
L000031,B7906,VA,2018-07-03,2038-07-03,271941.00,161955.70,7.509,240,XX,CASH_OUT,A,30,HIGH,CURRENT,0,JPMorgan Chase,2028-06-13,2028-07-03,COMPLETE,MANUAL_ENTRY
L000032,B8758,CONVENTIONAL,2010-11-26,2025-11-26,309295.00,132868.32,5.884,180,KY,REFINANCE,B,19,LOW,CURRENT,0,Freedom Mortgage,2012-09-10,2012-10-06,COMPLETE,SERVICING_SYS
L000033,B7498,FHA,2012-06-04,2042-06-04,76925.00,69523.02,2.956,360,KS,PURCHASE,B+,24,HIGH,CURRENT,0,Freedom Mortgage,2022-09-09,2022-09-30,COMPLETE,ORIGINATION_SYS
L000034,B1207,JUMBO,2022-09-11,2037-09-11,414069.00,267606.34,7.434,180,MS,CASH_OUT,D,22,MEDIUM,DELINQUENT,34,Quicken Loans,2028-06-13,2028-06-18,COMPLETE,MANUAL_ENTRY
L000035,B5397,VA,2016-01-22,2046-01-22,614315.00,493612.51,7.61,180,NH,PURCHASE,D,18,VERY_HIGH,CURRENT,0,Bank of America,2025-05-26,2025-05-26,COMPLETE,SERVICING_SYS
L000036,B5526,CONVENTIONAL,2014-01-29,2034-01-29,272423.00,144557.51,5.6,180,WA,REFINANCE,D,17,MEDIUM,CURRENT,0,PNC Bank,2017-04-18,2017-05-03,COMPLETE,SERVICING_SYS
L000037,B7046,JUMBO,2020-01-20,2035-01-20,147573.00,72495.70,5.821,240,WV,CASH_OUT,C,11,VERY_HIGH,CURRENT,0,Bank of America,2022-11-11,2022-11-20,COMPLETE,ORIGINATION_SYS
L000038,B4545,JUMBO,2014-04-27,2034-04-27,175362.00,0.00,4.159,360,ND,CASH_OUT,C,3,MEDIUM,CLOSED,0,Bank of America,2022-02-20,2022-02-27,COMPLETE,SERVICING_SYS
L000039,B3068,JUMBO,2010-04-26,2040-04-26,610081.00,233221.11,3.116,180,NM,REFINANCE,D,10,MEDIUM,CURRENT,0,Wells Fargo,2011-01-04,2011-01-12,MISSING,SERVICING_SYS
L000040,B3444,VA,2012-07-23,2027-07-23,470172.00,291335.15,3.011,180,WI,REFINANCE,A+,19,MEDIUM,CURRENT,0,Freedom Mortgage,2020-05-03,2020-05-19,COMPLETE,SERVICING_SYS
L000041,B4404,FHA,2016-09-01,2046-09-01,499660.00,249079.09,4.088,180,ID,CASH_OUT,A,5,LOW,DELINQUENT,69,Quicken Loans,2027-07-08,2027-07-22,COMPLETE,SERVICING_SYS
L000042,B4824,VA,2016-07-13,2031-07-13,292720.00,142633.14,7.227,360,IL,REFINANCE,A,17,MEDIUM,CURRENT,0,PNC Bank,2026-04-02,2026-04-06,MISSING,ORIGINATION_SYS
L000043,B5728,JUMBO,2011-08-08,2026-08-08,223982.00,182592.05,3.246,360,MT,REFINANCE,A+,17,VERY_HIGH,CURRENT,0,Quicken Loans,2020-12-04,2020-12-06,COMPLETE,SERVICING_SYS
L000044,B1339,VA,2017-03-25,2047-03-25,312529.00,99012.99,5.957,180,TN,REFINANCE,C,5,VERY_HIGH,CURRENT,0,PNC Bank,2024-11-14,2024-12-10,COMPLETE,ORIGINATION_SYS
L000045,B9117,VA,2020-07-17,2040-07-17,478184.00,247053.98,6.476,240,OK,PURCHASE,D,2,HIGH,DELINQUENT,84,Bank of America,2022-06-05,2022-06-15,COMPLETE,SERVICING_SYS
L000046,B6927,JUMBO,2021-07-17,2036-07-17,739606.00,639824.91,6.252,180,OK,PURCHASE,C,14,VERY_HIGH,CURRENT,0,Wells Fargo,2022-03-26,2022-03-26,MISSING,MANUAL_ENTRY
L000047,B2858,JUMBO,2015-05-15,2045-05-15,216071.00,108464.96,8.182,360,NY,CASH_OUT,C,16,HIGH,CURRENT,0,Quicken Loans,2020-01-10,2020-02-05,COMPLETE,SERVICING_SYS
L000048,B3236,CONVENTIONAL,2015-06-20,2035-06-20,628043.00,247459.79,4.157,240,DC,CASH_OUT,C,26,LOW,CURRENT,0,Bank of America,2022-04-09,2022-05-02,COMPLETE,MANUAL_ENTRY
L000049,B9903,JUMBO,2023-01-03,2053-01-03,563425.00,485908.64,5.232,240,VT,PURCHASE,A+,12,MEDIUM,CURRENT,0,Freedom Mortgage,2028-07-08,2028-08-01,COMPLETE,SERVICING_SYS
L000050,B9115,CONVENTIONAL,2020-08-10,2050-08-10,449749.00,247789.75,3.257,360,CT,REFINANCE,A,16,VERY_HIGH,DELINQUENT,82,Wells Fargo,2028-01-01,2028-01-24,COMPLETE,MANUAL_ENTRY
L000051,B2315,VA,2013-06-18,2028-06-18,542296.00,438170.53,7.614,360,MA,CASH_OUT,B+,28,VERY_HIGH,CURRENT,0,Freedom Mortgage,2020-07-13,2020-07-30,COMPLETE,ORIGINATION_SYS
L000052,B2646,JUMBO,2015-04-08,2045-04-08,351338.00,333183.26,3.498,240,AZ,REFINANCE,A,9,HIGH,DELINQUENT,57,Bank of America,2016-06-14,2016-06-27,COMPLETE,MANUAL_ENTRY
L000053,B4945,JUMBO,2019-03-30,2049-03-30,238803.00,98026.09,7.977,180,SD,REFINANCE,D,8,LOW,CURRENT,0,Freedom Mortgage,2029-02-01,2029-02-15,MISSING,MANUAL_ENTRY
L000054,B7951,VA,2022-04-05,2037-04-05,127449.00,74828.41,5.241,240,MO,REFINANCE,A,7,VERY_HIGH,CURRENT,0,US Bank,2028-12-05,2028-12-16,COMPLETE,MANUAL_ENTRY
L000055,B1803,JUMBO,2016-08-15,2031-08-15,740203.00,412495.69,7.497,240,IA,CASH_OUT,C,7,MEDIUM,CURRENT,0,US Bank,2026-05-28,2026-06-05,COMPLETE,MANUAL_ENTRY
L000056,B6977,FHA,2013-01-25,2043-01-25,151883.00,134752.48,3.041,240,NE,PURCHASE,B,4,HIGH,DELINQUENT,49,US Bank,2021-12-29,2022-01-14,MISSING,ORIGINATION_SYS
L000057,B2233,FHA,2015-10-07,2035-10-07,359478.00,282284.98,7.025,180,WA,CASH_OUT,D,30,HIGH,CURRENT,0,Wells Fargo,2017-02-19,2017-03-16,COMPLETE,SERVICING_SYS
L000058,B7086,CONVENTIONAL,2022-01-13,2037-01-13,526877.00,284292.65,6.549,240,XX,CASH_OUT,C,29,MEDIUM,DELINQUENT,46,PNC Bank,2028-09-02,2028-09-04,COMPLETE,SERVICING_SYS
L000059,B9071,CONVENTIONAL,2016-10-11,2046-10-11,478129.00,179699.70,3.083,360,NJ,REFINANCE,B+,30,VERY_HIGH,CURRENT,0,US Bank,2017-04-11,2017-05-04,COMPLETE,SERVICING_SYS
L000060,B4559,JUMBO,2012-03-22,2032-03-22,695558.00,0.00,5.168,180,CT,CASH_OUT,C,17,HIGH,CLOSED,0,Wells Fargo,2012-09-02,2012-09-14,COMPLETE,ORIGINATION_SYS
L000061,B4990,FHA,2020-03-14,2035-03-14,744963.00,326196.04,7.222,180,WI,CASH_OUT,B,18,MEDIUM,DELINQUENT,31,Freedom Mortgage,2020-11-06,2020-12-03,COMPLETE,ORIGINATION_SYS
L000062,B3858,CONVENTIONAL,2023-05-15,2038-05-15,340743.00,292345.22,6.466,180,MN,PURCHASE,A+,10,LOW,CURRENT,0,JPMorgan Chase,2024-11-27,2024-12-05,COMPLETE,MANUAL_ENTRY
L000063,B2786,JUMBO,2019-06-11,2049-06-11,169169.00,132743.94,5.523,360,DC,CASH_OUT,A+,9,VERY_HIGH,CURRENT,0,PNC Bank,2028-03-31,2028-04-30,COMPLETE,SERVICING_SYS
L000064,B6277,FHA,2019-01-04,2039-01-04,163206.00,0.00,2.894,240,PA,CASH_OUT,B+,10,VERY_HIGH,PAID_OFF,0,US Bank,2019-12-01,2019-12-17,COMPLETE,MANUAL_ENTRY
L000065,B4522,JUMBO,2023-07-31,2043-07-31,153996.00,125585.66,5.209,180,NJ,REFINANCE,D,23,LOW,CURRENT,0,Bank of America,2031-01-01,2031-01-14,COMPLETE,SERVICING_SYS
L000066,B7105,FHA,2018-05-25,2033-05-25,547305.00,0.00,5.838,360,OK,REFINANCE,B+,3,VERY_HIGH,PAID_OFF,0,Bank of America,2019-07-10,2019-08-06,COMPLETE,SERVICING_SYS
L000067,B8900,FHA,2011-02-26,2031-02-26,679575.00,341888.60,7.584,240,MS,PURCHASE,C,18,MEDIUM,CURRENT,0,Freedom Mortgage,2016-12-04,2016-12-17,INCOMPLETE,MANUAL_ENTRY
L000068,B1474,FHA,2023-10-06,2053-10-06,723918.00,479147.45,4.14,240,MN,PURCHASE,B,27,MEDIUM,DELINQUENT,72,US Bank,2033-02-22,2033-03-15,COMPLETE,ORIGINATION_SYS
L000069,B6105,VA,2010-09-09,2025-09-09,606251.00,266651.24,7.161,360,AR,PURCHASE,B,24,LOW,CURRENT,0,PNC Bank,2014-08-05,2014-08-07,COMPLETE,MANUAL_ENTRY
L000070,B6655,JUMBO,2019-07-06,2039-07-06,686565.00,403239.34,3.165,360,NY,CASH_OUT,B+,9,LOW,CURRENT,0,JPMorgan Chase,2028-01-22,2028-02-03,MISSING,ORIGINATION_SYS
L000071,B1126,JUMBO,2010-03-04,2025-03-04,366061.00,334748.38,6.982,180,OH,CASH_OUT,B,16,HIGH,DEFAULT,220,Wells Fargo,2013-07-01,2013-07-13,INCOMPLETE,ORIGINATION_SYS
L000072,B7626,JUMBO,2019-10-14,2034-10-14,532087.00,0.00,4.237,240,XX,REFINANCE,B,25,VERY_HIGH,PAID_OFF,0,Freedom Mortgage,2026-04-28,2026-05-20,MISSING,ORIGINATION_SYS
L000073,B6083,VA,2019-10-18,2034-10-18,305135.00,177951.60,3.829,180,SD,PURCHASE,A+,16,MEDIUM,CURRENT,0,Freedom Mortgage,2020-10-04,2020-10-15,COMPLETE,MANUAL_ENTRY
L000074,B2234,FHA,2013-04-24,2028-04-24,157798.00,62359.99,8.208,360,WI,CASH_OUT,A+,14,HIGH,CURRENT,0,Freedom Mortgage,2020-02-24,2020-03-15,COMPLETE,SERVICING_SYS
L000075,B6085,JUMBO,2011-07-14,2031-07-14,513688.00,364924.12,5.211,180,ME,PURCHASE,B+,27,LOW,DEFAULT,118,US Bank,2015-07-24,2015-08-12,COMPLETE,SERVICING_SYS
L000076,B8792,FHA,2023-01-07,2053-01-07,93015.00,0.00,8.246,240,MI,CASH_OUT,A,16,MEDIUM,PAID_OFF,0,Wells Fargo,2030-05-29,2030-06-05,COMPLETE,SERVICING_SYS
L000077,B6543,CONVENTIONAL,2021-10-03,2051-10-03,689427.00,277966.65,7.235,360,MI,PURCHASE,A+,21,VERY_HIGH,CURRENT,0,Bank of America,2025-01-03,2025-01-11,COMPLETE,MANUAL_ENTRY
L000078,B7421,FHA,2023-07-09,2038-07-09,399555.00,141033.44,6.07,180,MO,CASH_OUT,C,26,MEDIUM,DELINQUENT,88,PNC Bank,2027-07-10,2027-08-01,INCOMPLETE,MANUAL_ENTRY
L000079,B3953,FHA,2021-10-22,2036-10-22,727406.00,535222.74,4.55,240,FL,PURCHASE,A,9,LOW,CURRENT,0,US Bank,2022-02-03,2022-02-27,COMPLETE,MANUAL_ENTRY
L000080,B3658,FHA,2021-10-23,2036-10-23,744083.00,386102.32,7.488,360,HI,CASH_OUT,D,1,VERY_HIGH,DEFAULT,157,Bank of America,2028-08-03,2028-08-24,COMPLETE,SERVICING_SYS
L000081,B8684,FHA,2023-09-11,2043-09-11,520735.00,235425.29,4.707,360,NJ,REFINANCE,D,16,VERY_HIGH,CURRENT,0,JPMorgan Chase,2034-08-09,2034-09-04,COMPLETE,MANUAL_ENTRY
L000082,B9452,CONVENTIONAL,2013-02-07,2033-02-07,104714.00,0.00,4.21,180,NC,PURCHASE,D,2,MEDIUM,PAID_OFF,0,Freedom Mortgage,2019-05-28,2019-06-11,INCOMPLETE,ORIGINATION_SYS
L000083,B1461,VA,2019-04-22,2034-04-22,465712.00,291677.58,8.085,360,DC,PURCHASE,B,1,HIGH,CURRENT,0,Freedom Mortgage,2020-04-20,2020-05-05,COMPLETE,ORIGINATION_SYS
L000084,B3449,JUMBO,2020-07-09,2040-07-09,695239.00,210944.74,3.167,240,DE,PURCHASE,B,13,VERY_HIGH,CURRENT,0,Wells Fargo,2023-06-22,2023-06-25,INCOMPLETE,SERVICING_SYS
L000085,B8032,CONVENTIONAL,2023-05-21,2053-05-21,67233.00,47787.25,6.189,180,ID,CASH_OUT,B+,2,HIGH,CURRENT,0,Wells Fargo,2031-07-11,2031-08-10,COMPLETE,MANUAL_ENTRY
L000086,B7116,VA,2021-05-21,2051-05-21,71322.00,39497.76,6.984,240,MN,PURCHASE,B+,21,LOW,CURRENT,0,Freedom Mortgage,2028-08-05,2028-08-23,COMPLETE,SERVICING_SYS
L000087,B8612,JUMBO,2012-12-28,2027-12-28,419412.00,0.00,6.29,180,WY,REFINANCE,A,9,MEDIUM,PAID_OFF,0,Wells Fargo,2015-01-14,2015-02-08,COMPLETE,ORIGINATION_SYS
L000088,B4131,VA,2017-01-29,2037-01-29,590418.00,0.00,4.642,180,MI,REFINANCE,A,25,HIGH,PAID_OFF,0,Quicken Loans,2022-06-21,2022-07-19,COMPLETE,SERVICING_SYS
L000089,B5369,CONVENTIONAL,2018-09-03,2038-09-03,245892.00,153075.66,6.862,180,ID,CASH_OUT,C,10,LOW,CURRENT,0,Wells Fargo,2029-02-12,2029-02-22,COMPLETE,SERVICING_SYS
L000090,B6776,JUMBO,2020-01-01,2050-01-01,496815.00,202859.05,4.147,180,SD,REFINANCE,C,16,MEDIUM,CURRENT,0,Wells Fargo,2025-02-04,2025-02-08,INCOMPLETE,MANUAL_ENTRY
L000091,B1530,FHA,2019-10-30,2034-10-30,182361.00,62677.78,6.574,240,WI,PURCHASE,A+,4,HIGH,DEFAULT,277,Quicken Loans,2023-12-21,2023-12-31,COMPLETE,ORIGINATION_SYS
L000092,B5264,JUMBO,2012-07-18,2027-07-18,245085.00,153025.82,3.787,360,NY,PURCHASE,A,4,LOW,CURRENT,0,Quicken Loans,2018-12-04,2018-12-09,INCOMPLETE,SERVICING_SYS
L000093,B5914,FHA,2011-12-21,2041-12-21,385112.00,282709.13,6.771,360,DC,REFINANCE,A+,7,LOW,DELINQUENT,65,JPMorgan Chase,2018-02-17,2018-03-14,COMPLETE,SERVICING_SYS
L000094,B2412,CONVENTIONAL,2010-08-04,2030-08-04,630933.00,423974.56,4.356,360,ND,REFINANCE,D,26,LOW,CURRENT,0,JPMorgan Chase,2016-11-09,2016-11-19,COMPLETE,SERVICING_SYS
L000095,B3981,FHA,2020-06-13,2050-06-13,592491.00,0.00,5.096,180,ND,PURCHASE,C,5,MEDIUM,PAID_OFF,0,Bank of America,2029-04-12,2029-05-11,COMPLETE,SERVICING_SYS
L000096,B5961,CONVENTIONAL,2021-08-21,2041-08-21,132690.00,61421.33,5.515,180,PA,PURCHASE,B,21,HIGH,DELINQUENT,65,Freedom Mortgage,2024-10-18,2024-11-16,COMPLETE,ORIGINATION_SYS
L000097,B7825,CONVENTIONAL,2011-10-28,2026-10-28,722612.00,578931.11,5.488,360,TN,REFINANCE,D,7,VERY_HIGH,CURRENT,0,Bank of America,2014-04-08,2014-04-22,COMPLETE,ORIGINATION_SYS
L000098,B6231,VA,2013-07-18,2033-07-18,485810.00,298658.13,8.352,180,NC,CASH_OUT,A,10,MEDIUM,CURRENT,0,Quicken Loans,2020-06-05,2020-06-08,COMPLETE,ORIGINATION_SYS
L000099,B3616,VA,2013-02-28,2028-02-28,103063.00,50360.48,8.103,360,WI,PURCHASE,D,16,VERY_HIGH,CURRENT,0,Quicken Loans,2020-02-22,2020-03-21,COMPLETE,ORIGINATION_SYS
L000100,B1828,VA,2012-01-08,2032-01-08,579996.00,346373.56,5.469,360,ME,CASH_OUT,A,27,LOW,CURRENT,0,Quicken Loans,2018-08-23,2018-08-27,INCOMPLETE,MANUAL_ENTRY
L000101,B5728,CONVENTIONAL,2018-03-16,2038-03-16,433713.00,142868.34,4.818,240,LA,CASH_OUT,B+,19,LOW,CURRENT,0,JPMorgan Chase,2024-08-02,2024-08-05,COMPLETE,SERVICING_SYS
L000102,B1637,FHA,2022-07-06,2042-07-06,201275.00,86424.99,6.782,240,GA,CASH_OUT,A+,4,HIGH,CURRENT,0,US Bank,2026-01-17,2026-01-27,COMPLETE,MANUAL_ENTRY
L000103,B5911,JUMBO,2016-09-17,2046-09-17,402713.00,253610.42,7.394,240,DE,REFINANCE,A+,9,LOW,CURRENT,0,US Bank,2022-04-15,2022-04-30,COMPLETE,MANUAL_ENTRY
L000104,B7229,FHA,2022-12-22,2052-12-22,288596.00,221904.37,7.43,180,VT,PURCHASE,B,0,VERY_HIGH,CURRENT,0,Bank of America,2024-12-19,2025-01-01,COMPLETE,MANUAL_ENTRY
L000105,B2020,FHA,2014-07-29,2034-07-29,576195.00,0.00,5.612,360,TX,REFINANCE,A+,12,HIGH,PAID_OFF,0,JPMorgan Chase,2024-06-11,2024-06-25,MISSING,SERVICING_SYS
L000106,B5038,VA,2022-04-03,2042-04-03,724558.00,595857.77,5.849,180,MD,REFINANCE,B+,6,VERY_HIGH,CURRENT,0,Bank of America,2027-10-07,2027-10-22,COMPLETE,MANUAL_ENTRY
L000107,B6654,FHA,2016-02-19,2036-02-19,177794.00,119612.68,4.243,240,CO,REFINANCE,D,20,HIGH,CURRENT,0,PNC Bank,2026-04-06,2026-04-21,COMPLETE,MANUAL_ENTRY
L000108,B9700,FHA,2016-01-31,2046-01-31,334815.00,130319.18,6.328,180,MI,CASH_OUT,D,3,MEDIUM,DELINQUENT,67,Wells Fargo,2018-11-06,2018-12-06,COMPLETE,ORIGINATION_SYS
L000109,B5676,CONVENTIONAL,2019-02-16,2049-02-16,548807.00,334959.71,7.948,180,IA,CASH_OUT,B+,23,LOW,CURRENT,0,JPMorgan Chase,2030-01-07,2030-01-20,INCOMPLETE,ORIGINATION_SYS
L000110,B1613,CONVENTIONAL,2010-10-25,2030-10-25,569447.00,239795.59,4.29,360,MI,REFINANCE,D,20,VERY_HIGH,DELINQUENT,85,JPMorgan Chase,2021-04-13,2021-05-10,COMPLETE,SERVICING_SYS
L000111,B1230,VA,2014-04-29,2029-04-29,396747.00,160929.02,7.245,360,IL,PURCHASE,A+,27,VERY_HIGH,CURRENT,0,Freedom Mortgage,2017-04-16,2017-04-29,COMPLETE,ORIGINATION_SYS
L000112,B1111,VA,2018-12-28,2048-12-28,150018.00,63023.73,4.801,240,MI,REFINANCE,A+,23,LOW,CURRENT,0,Bank of America,2022-09-13,2022-10-03,COMPLETE,ORIGINATION_SYS
L000113,B6095,CONVENTIONAL,2011-05-24,2041-05-24,173967.00,104816.29,6.332,240,IA,PURCHASE,B,15,MEDIUM,CURRENT,0,Quicken Loans,2019-03-03,2019-03-26,MISSING,SERVICING_SYS
L000114,B2341,JUMBO,2019-04-30,2049-04-30,625914.00,559140.23,5.669,240,OR,PURCHASE,A,26,MEDIUM,DEFAULT,201,US Bank,2027-12-14,2027-12-31,COMPLETE,SERVICING_SYS
L000115,B8298,CONVENTIONAL,2021-09-02,2041-09-02,171886.00,127572.40,5.221,360,OR,PURCHASE,A+,14,HIGH,DELINQUENT,61,PNC Bank,2022-10-09,2022-10-09,COMPLETE,ORIGINATION_SYS
L000116,B1987,CONVENTIONAL,2014-11-21,2044-11-21,126577.00,41699.32,8.417,240,NE,PURCHASE,B,24,VERY_HIGH,CURRENT,0,Bank of America,2015-09-08,2015-10-06,COMPLETE,SERVICING_SYS
L000117,B3924,JUMBO,2018-06-05,2033-06-05,743939.00,646081.20,5.673,360,AL,PURCHASE,C,14,VERY_HIGH,CURRENT,0,US Bank,2028-02-26,2028-03-09,INCOMPLETE,ORIGINATION_SYS
L000118,B1527,JUMBO,2020-05-01,2040-05-01,212656.00,0.00,6.19,180,CA,PURCHASE,A+,1,VERY_HIGH,PAID_OFF,0,US Bank,2028-07-17,2028-08-07,COMPLETE,ORIGINATION_SYS
L000119,B1924,FHA,2015-06-28,2045-06-28,96385.00,54117.52,5.523,240,WA,CASH_OUT,C,18,HIGH,CURRENT,0,JPMorgan Chase,2018-01-02,2018-01-11,INCOMPLETE,MANUAL_ENTRY
L000120,B3869,JUMBO,2021-09-10,2036-09-10,483649.00,239563.74,5.835,180,TN,CASH_OUT,D,25,HIGH,CURRENT,0,PNC Bank,2032-05-30,2032-06-12,COMPLETE,SERVICING_SYS
L000121,B3365,JUMBO,2018-06-11,2033-06-11,614058.00,0.00,7.988,360,NE,CASH_OUT,A+,4,VERY_HIGH,PAID_OFF,0,JPMorgan Chase,2021-11-23,2021-12-01,COMPLETE,MANUAL_ENTRY
L000122,B1647,CONVENTIONAL,2011-10-10,2031-10-10,439102.00,158121.33,3.629,360,OK,PURCHASE,D,6,HIGH,DELINQUENT,42,Bank of America,2012-06-07,2012-07-07,MISSING,ORIGINATION_SYS
L000123,B4350,JUMBO,2014-04-06,2044-04-06,173014.00,135897.57,7.991,360,ME,REFINANCE,D,17,HIGH,DEFAULT,214,Bank of America,2022-02-22,2022-03-02,COMPLETE,SERVICING_SYS
L000124,B7781,CONVENTIONAL,2020-06-14,2035-06-14,542296.00,431157.22,5.875,180,AK,REFINANCE,A+,29,VERY_HIGH,CURRENT,0,Bank of America,2022-10-24,2022-10-28,COMPLETE,ORIGINATION_SYS
L000125,B9005,JUMBO,2018-07-09,2048-07-09,307666.00,192151.56,5.265,360,HI,PURCHASE,B+,17,VERY_HIGH,DELINQUENT,73,JPMorgan Chase,2022-05-21,2022-06-19,INCOMPLETE,MANUAL_ENTRY
L000126,B1104,JUMBO,2011-04-27,2041-04-27,85466.00,72252.49,3.325,360,VA,PURCHASE,A,6,VERY_HIGH,CURRENT,0,Bank of America,2020-07-28,2020-07-29,COMPLETE,MANUAL_ENTRY
L000127,B1274,VA,2023-10-30,2043-10-30,741309.00,457465.75,5.714,240,XX,CASH_OUT,B+,13,MEDIUM,CURRENT,0,Wells Fargo,2030-02-04,2030-03-05,COMPLETE,ORIGINATION_SYS
L000128,B2294,VA,2015-05-29,2030-05-29,699887.00,0.00,8.256,240,VT,PURCHASE,C,21,LOW,PAID_OFF,0,PNC Bank,2018-06-26,2018-07-23,COMPLETE,ORIGINATION_SYS
L000129,B3807,CONVENTIONAL,2012-02-05,2032-02-05,-447687.00,244061.14,5.499,240,MI,CASH_OUT,A,28,LOW,CURRENT,0,JPMorgan Chase,2019-04-27,2019-05-03,MISSING,MANUAL_ENTRY
L000130,B9897,CONVENTIONAL,2022-09-18,2042-09-18,334263.00,110395.46,3.576,240,XX,PURCHASE,A+,4,VERY_HIGH,CURRENT,0,Wells Fargo,2033-03-05,2033-03-14,COMPLETE,ORIGINATION_SYS
L000131,B2284,VA,2022-09-17,2042-09-17,616820.00,318047.44,2.822,240,CA,REFINANCE,A+,24,VERY_HIGH,DEFAULT,161,Freedom Mortgage,2031-08-28,2031-09-07,COMPLETE,SERVICING_SYS
L000132,B7227,CONVENTIONAL,2020-02-08,2040-02-08,289220.00,0.00,7.133,240,VA,PURCHASE,A,8,MEDIUM,PAID_OFF,0,Quicken Loans,2025-01-10,2025-02-01,INCOMPLETE,ORIGINATION_SYS
L000133,B5419,CONVENTIONAL,2018-09-27,2038-09-27,428221.00,158124.07,3.295,180,OK,CASH_OUT,A+,13,LOW,CURRENT,0,Wells Fargo,2022-04-11,2022-04-13,COMPLETE,ORIGINATION_SYS
L000134,B2387,FHA,2023-05-23,2053-05-23,390189.00,336115.37,5.932,180,HI,PURCHASE,C,9,HIGH,CURRENT,0,Quicken Loans,2028-02-10,2028-02-14,COMPLETE,SERVICING_SYS
L000135,B9123,FHA,2016-03-10,2036-03-10,364313.00,223961.55,5.247,180,MT,REFINANCE,A+,12,HIGH,CURRENT,0,Quicken Loans,2019-02-03,2019-02-13,COMPLETE,MANUAL_ENTRY
L000136,B3910,JUMBO,2023-05-02,2038-05-02,365029.00,0.00,8.312,240,SD,REFINANCE,A+,25,MEDIUM,PAID_OFF,0,Bank of America,2025-08-31,2025-09-12,COMPLETE,SERVICING_SYS
L000137,B1440,JUMBO,2018-03-10,2033-03-10,641240.00,0.00,8.158,180,ME,CASH_OUT,A,26,VERY_HIGH,CLOSED,0,PNC Bank,2020-04-14,2020-04-29,COMPLETE,SERVICING_SYS
L000138,B8851,JUMBO,2015-06-06,2035-06-06,740658.00,296406.22,5.706,360,AZ,REFINANCE,B+,28,LOW,CURRENT,0,Wells Fargo,2019-09-27,2019-10-21,COMPLETE,MANUAL_ENTRY
L000139,B7547,VA,2017-12-18,2032-12-18,728428.00,508618.03,8.294,240,CT,REFINANCE,B,16,MEDIUM,CURRENT,0,Quicken Loans,2025-04-12,2025-04-23,COMPLETE,MANUAL_ENTRY
L000140,B7815,CONVENTIONAL,2023-03-15,2053-03-15,574776.00,0.00,3.196,360,MD,REFINANCE,D,25,MEDIUM,CLOSED,0,US Bank,2028-09-11,2028-09-26,COMPLETE,ORIGINATION_SYS
L000141,B1370,VA,2019-10-30,2049-10-30,524425.00,266036.17,6.388,360,WV,PURCHASE,A+,5,MEDIUM,CURRENT,0,Bank of America,2028-12-29,2029-01-15,COMPLETE,SERVICING_SYS
L000142,B4232,JUMBO,2015-03-15,2035-03-15,710351.00,298271.88,6.053,240,XX,PURCHASE,B,8,LOW,CURRENT,45,US Bank,2019-09-20,2019-09-23,INCOMPLETE,MANUAL_ENTRY
L000143,B9646,VA,2014-03-12,2034-03-12,391819.00,167737.04,6.082,360,DE,REFINANCE,C,27,VERY_HIGH,CURRENT,0,US Bank,2021-10-18,2021-10-23,INCOMPLETE,MANUAL_ENTRY
L000144,B2916,FHA,2016-09-02,2046-09-02,668836.00,237496.16,4.74,180,NE,CASH_OUT,B,18,VERY_HIGH,CURRENT,0,Quicken Loans,2018-01-27,2018-02-01,COMPLETE,MANUAL_ENTRY
L000145,B1878,VA,2013-11-20,2043-11-20,224971.00,139092.22,8.211,240,MO,CASH_OUT,A+,20,VERY_HIGH,CURRENT,0,Quicken Loans,2017-06-30,2017-07-21,COMPLETE,MANUAL_ENTRY
L000146,B1535,VA,2019-12-16,2039-12-16,225377.00,79723.94,3.849,240,NJ,CASH_OUT,B+,24,VERY_HIGH,CURRENT,0,US Bank,2028-07-28,2028-08-13,COMPLETE,ORIGINATION_SYS
L000147,B7965,CONVENTIONAL,2016-01-04,2046-01-04,434682.00,283555.33,6.916,360,MD,PURCHASE,D,8,HIGH,DEFAULT,315,Freedom Mortgage,2022-03-20,2022-04-15,COMPLETE,ORIGINATION_SYS
L000148,B3719,FHA,2015-04-26,2030-04-26,666482.00,0.00,7.209,180,OR,REFINANCE,A+,8,MEDIUM,PAID_OFF,0,Bank of America,2022-03-29,2022-04-20,COMPLETE,MANUAL_ENTRY
L000149,B5543,FHA,2015-12-31,2045-12-31,149850.00,58161.70,6.709,180,VA,REFINANCE,B,24,VERY_HIGH,DEFAULT,300,Quicken Loans,2026-05-20,2026-05-24,COMPLETE,SERVICING_SYS
L000150,B5558,VA,2019-04-17,2039-04-17,523947.00,182902.34,5.228,240,AL,CASH_OUT,A,23,VERY_HIGH,DEFAULT,137,PNC Bank,2023-11-22,2023-12-13,COMPLETE,ORIGINATION_SYS
L000151,B5646,VA,2021-12-27,2041-12-27,278411.00,0.00,5.784,180,NY,REFINANCE,B+,24,LOW,PAID_OFF,0,Wells Fargo,2027-08-14,2027-08-17,COMPLETE,SERVICING_SYS
L000152,B3161,VA,2010-05-14,2025-05-14,215657.00,126555.26,3.454,240,MS,REFINANCE,A,11,MEDIUM,CURRENT,0,Wells Fargo,2021-03-11,2021-03-23,COMPLETE,MANUAL_ENTRY
L000153,B3174,FHA,2015-04-03,2035-04-03,737326.00,264906.10,5.617,240,XX,CASH_OUT,C,26,LOW,CURRENT,0,Freedom Mortgage,2017-09-23,2017-10-06,COMPLETE,SERVICING_SYS
L000154,B5902,FHA,2011-08-04,2026-08-04,451677.00,0.00,4.796,180,UT,PURCHASE,A,16,LOW,PAID_OFF,0,US Bank,2012-10-29,2012-11-18,COMPLETE,SERVICING_SYS
L000155,B2646,FHA,2014-10-12,2044-10-12,208727.00,187422.48,7.015,360,MN,REFINANCE,C,25,MEDIUM,DELINQUENT,58,JPMorgan Chase,2024-07-03,2024-07-11,COMPLETE,ORIGINATION_SYS
L000156,B5942,FHA,2022-05-31,2052-05-31,679153.00,522110.25,5.606,360,MT,REFINANCE,B+,1,MEDIUM,CURRENT,0,Quicken Loans,2033-01-18,2033-01-30,COMPLETE,SERVICING_SYS
L000157,B3162,JUMBO,2023-04-28,2038-04-28,603948.00,530067.61,7.665,360,OH,CASH_OUT,B,24,VERY_HIGH,CURRENT,0,Freedom Mortgage,2027-06-15,2027-06-17,COMPLETE,ORIGINATION_SYS
L000158,B5693,JUMBO,2010-04-23,2030-04-23,276222.00,90017.29,5.041,240,OH,CASH_OUT,A+,4,HIGH,CURRENT,0,Wells Fargo,2019-03-29,2019-04-07,COMPLETE,ORIGINATION_SYS
L000159,B2083,VA,2013-06-26,2043-06-26,392622.00,217502.96,6.692,360,KS,PURCHASE,B,2,VERY_HIGH,DELINQUENT,83,Wells Fargo,2020-11-07,2020-11-21,COMPLETE,ORIGINATION_SYS
L000160,B1185,FHA,2016-12-08,2046-12-08,740017.00,578269.87,5.478,240,DC,CASH_OUT,C,5,HIGH,CURRENT,0,JPMorgan Chase,2024-12-15,2025-01-07,INCOMPLETE,SERVICING_SYS
L000161,B2262,JUMBO,2012-08-25,2027-08-25,401284.00,330906.85,5.231,240,OR,PURCHASE,C,5,HIGH,CURRENT,0,Freedom Mortgage,2013-06-12,2013-06-15,INCOMPLETE,MANUAL_ENTRY
L000162,B8729,VA,2012-08-02,2027-08-02,583541.00,0.00,4.798,180,AZ,CASH_OUT,B+,23,VERY_HIGH,PAID_OFF,0,JPMorgan Chase,2012-10-21,2012-10-31,COMPLETE,MANUAL_ENTRY
L000163,B3938,FHA,2017-03-05,2037-03-05,131670.00,88416.19,7.326,180,CA,REFINANCE,C,24,HIGH,CURRENT,0,Bank of America,2024-10-21,2024-10-23,COMPLETE,ORIGINATION_SYS
L000164,B7033,JUMBO,2018-04-11,2033-04-11,355759.00,237104.26,8.487,180,OH,PURCHASE,B,0,VERY_HIGH,CURRENT,0,Wells Fargo,2025-05-04,2025-05-11,COMPLETE,MANUAL_ENTRY
L000165,B2703,FHA,2010-03-20,2030-03-20,51533.00,40881.33,5.679,180,AR,PURCHASE,B+,8,LOW,CURRENT,0,Wells Fargo,2018-07-29,2018-08-27,COMPLETE,MANUAL_ENTRY
L000166,B7461,CONVENTIONAL,2019-04-07,2049-04-07,440586.00,263469.42,6.051,180,FL,PURCHASE,C,8,HIGH,DELINQUENT,67,Freedom Mortgage,2020-06-01,2020-06-13,COMPLETE,MANUAL_ENTRY
L000167,B2785,FHA,2017-04-26,2037-04-26,524751.00,250186.23,3.134,240,NE,PURCHASE,A+,11,MEDIUM,CURRENT,0,Quicken Loans,2019-09-03,2019-09-12,COMPLETE,ORIGINATION_SYS
L000168,B6370,FHA,2012-01-11,2027-01-11,368992.00,308902.15,3.047,180,MT,CASH_OUT,A,21,HIGH,DELINQUENT,32,Bank of America,2014-07-09,2014-08-04,MISSING,ORIGINATION_SYS
L000169,B3290,CONVENTIONAL,2019-01-26,2039-01-26,632959.00,497664.64,2.572,180,MT,REFINANCE,B+,20,LOW,CURRENT,0,US Bank,2024-05-01,2024-05-19,COMPLETE,ORIGINATION_SYS
L000170,B6432,CONVENTIONAL,2010-06-28,2025-06-28,257356.00,228177.61,2.756,240,OR,REFINANCE,B+,12,VERY_HIGH,CURRENT,0,Wells Fargo,2012-01-06,2012-01-18,COMPLETE,ORIGINATION_SYS
L000171,B5026,VA,2017-12-09,2032-12-09,246242.00,15000.00,5.493,360,CO,REFINANCE,D,4,VERY_HIGH,CLOSED,0,JPMorgan Chase,2019-09-08,2019-09-28,INCOMPLETE,MANUAL_ENTRY
L000172,B8859,JUMBO,2015-08-04,2045-08-04,620065.00,0.00,4.564,360,MO,REFINANCE,B,0,HIGH,CLOSED,0,US Bank,2024-06-09,2024-06-16,COMPLETE,SERVICING_SYS
L000173,B2640,FHA,2011-04-25,2031-04-25,605149.00,322139.80,6.441,240,DC,CASH_OUT,A,24,MEDIUM,CURRENT,0,US Bank,2014-01-02,2014-01-29,MISSING,SERVICING_SYS
L000174,B1462,VA,2017-12-16,2032-12-16,234654.00,106476.19,8.185,360,IL,REFINANCE,A+,9,MEDIUM,CURRENT,0,Quicken Loans,2026-04-26,2026-04-27,COMPLETE,ORIGINATION_SYS
L000175,B3137,VA,2023-06-30,2038-06-30,70896.00,45528.81,6.802,240,GA,CASH_OUT,B+,29,MEDIUM,CURRENT,0,Freedom Mortgage,2033-11-13,2033-11-16,INCOMPLETE,SERVICING_SYS
L000176,B3580,JUMBO,2011-08-18,2031-08-18,744303.00,414678.83,7.251,240,ID,CASH_OUT,A+,22,HIGH,CURRENT,0,JPMorgan Chase,2015-02-04,2015-02-25,COMPLETE,ORIGINATION_SYS
L000177,B1530,FHA,2018-06-27,2038-06-27,358823.00,137348.99,6.114,360,OR,PURCHASE,D,4,HIGH,DELINQUENT,74,PNC Bank,2029-03-16,2029-03-18,COMPLETE,SERVICING_SYS
L000178,B1186,VA,2013-10-07,2043-10-07,143035.00,119302.66,3.758,360,KY,PURCHASE,B+,0,LOW,DELINQUENT,76,Quicken Loans,2023-10-16,2023-10-30,COMPLETE,ORIGINATION_SYS
L000179,B4695,FHA,2019-04-15,2039-04-15,447108.00,236207.27,5.208,180,MA,REFINANCE,A,2,HIGH,CURRENT,0,JPMorgan Chase,2028-08-29,2028-09-26,COMPLETE,MANUAL_ENTRY
L000180,B1507,JUMBO,2011-09-07,2041-09-07,147627.00,0.00,8.155,180,NV,PURCHASE,A,3,HIGH,CLOSED,0,JPMorgan Chase,2021-10-12,2021-10-18,COMPLETE,MANUAL_ENTRY
L000181,B9043,FHA,2022-02-11,2042-02-11,742687.00,358710.39,2.827,180,ME,CASH_OUT,B+,19,VERY_HIGH,CURRENT,0,JPMorgan Chase,2022-10-02,2022-10-05,COMPLETE,ORIGINATION_SYS
L000182,B5341,CONVENTIONAL,2016-07-18,2031-07-18,546574.00,463740.65,6.351,240,MO,REFINANCE,B,14,LOW,CURRENT,0,Bank of America,2021-01-31,2021-02-14,COMPLETE,ORIGINATION_SYS
L000183,B9871,JUMBO,2016-01-10,2046-01-10,114633.00,45650.87,8.324,360,AR,REFINANCE,A+,13,VERY_HIGH,DELINQUENT,36,US Bank,2017-01-25,2017-02-22,COMPLETE,SERVICING_SYS
L000184,B3415,CONVENTIONAL,2011-10-09,2031-10-09,86415.00,0.00,8.196,240,HI,PURCHASE,B,4,LOW,PAID_OFF,0,Quicken Loans,2020-10-29,2020-10-31,MISSING,SERVICING_SYS
L000185,B2097,CONVENTIONAL,2014-07-13,2044-07-13,205061.00,172696.28,4.829,240,LA,CASH_OUT,D,29,LOW,CURRENT,0,Freedom Mortgage,2024-10-28,2024-11-19,COMPLETE,MANUAL_ENTRY
L000186,B2641,CONVENTIONAL,2019-05-31,2034-05-31,484574.00,192505.51,5.876,180,OH,REFINANCE,D,8,VERY_HIGH,CURRENT,0,PNC Bank,2026-01-10,2026-01-25,COMPLETE,SERVICING_SYS
L000187,B7484,VA,2010-11-03,2025-11-03,338792.00,190378.43,6.643,180,LA,REFINANCE,A,10,HIGH,DELINQUENT,73,Bank of America,2018-09-13,2018-09-21,INCOMPLETE,MANUAL_ENTRY
L000188,B7828,CONVENTIONAL,2012-03-15,2027-03-15,190913.00,94561.56,3.628,180,NE,CASH_OUT,D,24,HIGH,DELINQUENT,79,Freedom Mortgage,2021-07-18,2021-07-19,COMPLETE,ORIGINATION_SYS
L000189,B3846,FHA,2011-06-22,2031-06-22,581413.00,326870.59,7.751,180,KS,PURCHASE,D,1,HIGH,DEFAULT,358,PNC Bank,2021-05-31,2021-06-06,COMPLETE,SERVICING_SYS
L000190,B8308,FHA,2021-04-30,2041-04-30,716275.00,644645.94,8.263,240,MN,REFINANCE,B,26,HIGH,DELINQUENT,45,PNC Bank,2025-08-02,2025-08-28,COMPLETE,SERVICING_SYS
L000191,B4626,FHA,2010-08-13,2030-08-13,102062.00,41425.93,6.566,240,NC,PURCHASE,B+,0,VERY_HIGH,CURRENT,0,JPMorgan Chase,2021-07-08,2021-07-28,COMPLETE,ORIGINATION_SYS
L000192,B5511,JUMBO,2015-01-08,2035-01-08,687894.00,566347.00,7.873,240,IN,REFINANCE,C,21,VERY_HIGH,CURRENT,0,US Bank,2025-12-11,2025-12-14,COMPLETE,MANUAL_ENTRY
L000193,B2045,VA,2018-05-24,2048-05-24,728787.00,499913.01,8.43,360,LA,REFINANCE,B+,22,HIGH,CURRENT,0,JPMorgan Chase,2026-02-24,2026-02-28,COMPLETE,ORIGINATION_SYS
L000194,B5843,VA,2011-04-11,2041-04-11,473727.00,345510.28,7.941,240,AZ,CASH_OUT,B+,18,MEDIUM,DELINQUENT,76,Bank of America,2011-08-23,2011-09-15,COMPLETE,MANUAL_ENTRY
L000195,B3967,VA,2021-12-28,2051-12-28,548844.00,488055.26,3.086,180,WA,CASH_OUT,B,30,HIGH,DELINQUENT,62,PNC Bank,2025-06-09,2025-06-11,COMPLETE,ORIGINATION_SYS
L000196,B8709,CONVENTIONAL,2016-11-20,2036-11-20,397411.00,215235.25,7.698,360,SC,PURCHASE,D,28,MEDIUM,CURRENT,0,US Bank,2022-03-03,2022-03-06,INCOMPLETE,SERVICING_SYS
L000197,B6614,JUMBO,2021-11-19,2041-11-19,483174.00,0.00,8.423,240,VA,PURCHASE,A,15,HIGH,PAID_OFF,0,PNC Bank,2023-07-04,2023-07-09,COMPLETE,ORIGINATION_SYS
L000198,B2442,FHA,2010-02-08,2030-02-08,336814.00,146884.09,6.187,360,NV,REFINANCE,D,0,LOW,DEFAULT,171,US Bank,2015-09-05,2015-09-11,COMPLETE,ORIGINATION_SYS
L000199,B6641,VA,2017-03-24,2047-03-24,249834.00,77859.64,3.274,240,MD,PURCHASE,A,26,LOW,CURRENT,0,Bank of America,2025-07-14,2025-08-13,COMPLETE,MANUAL_ENTRY
L000200,B9031,VA,2021-09-02,2051-09-02,599577.00,0.00,7.001,180,MT,PURCHASE,B,7,MEDIUM,PAID_OFF,0,JPMorgan Chase,2023-04-03,2023-04-26,COMPLETE,MANUAL_ENTRY
L000201,B9761,CONVENTIONAL,2013-10-16,2028-10-16,434398.00,331107.52,6.064,180,TN,PURCHASE,A,22,LOW,DEFAULT,282,Quicken Loans,2023-09-14,2023-09-28,COMPLETE,MANUAL_ENTRY
L000202,B2654,VA,2015-09-02,2035-09-02,210565.00,91295.02,6.237,360,CT,CASH_OUT,B+,19,LOW,DELINQUENT,30,Bank of America,2019-02-16,2019-02-19,INCOMPLETE,SERVICING_SYS
L000203,B7713,VA,2014-06-16,2044-06-16,259452.00,0.00,3.462,360,IN,CASH_OUT,D,10,MEDIUM,PAID_OFF,0,Wells Fargo,2025-06-13,2025-06-13,COMPLETE,ORIGINATION_SYS
L000204,B2659,VA,2022-11-17,2052-11-17,568105.00,225505.83,6.366,240,ME,REFINANCE,D,1,LOW,CURRENT,0,Freedom Mortgage,2028-09-11,2028-09-16,INCOMPLETE,SERVICING_SYS
L000205,B1751,CONVENTIONAL,2018-01-29,2048-01-29,377897.00,218007.60,7.612,360,MI,REFINANCE,D,30,HIGH,CURRENT,0,PNC Bank,2027-09-15,2027-09-17,COMPLETE,SERVICING_SYS
L000206,B8835,JUMBO,2014-02-07,2029-02-07,470245.00,263413.68,6.393,180,VT,CASH_OUT,A,30,MEDIUM,CURRENT,0,Wells Fargo,2023-07-23,2023-08-05,MISSING,SERVICING_SYS
L000207,B3140,JUMBO,2022-10-05,2052-10-05,509447.00,212856.82,8.022,180,NH,PURCHASE,A,8,HIGH,CURRENT,0,Wells Fargo,2026-11-11,2026-12-03,INCOMPLETE,MANUAL_ENTRY
L000208,B9570,CONVENTIONAL,2022-12-07,2052-12-07,642458.00,0.00,5.097,360,MN,CASH_OUT,B+,20,VERY_HIGH,CLOSED,0,JPMorgan Chase,2032-10-21,2032-11-16,INCOMPLETE,MANUAL_ENTRY
L000209,B3709,CONVENTIONAL,2011-03-24,2026-03-24,724652.00,657506.78,7.009,240,LA,PURCHASE,A+,7,VERY_HIGH,CURRENT,0,Quicken Loans,2016-07-27,2016-08-22,COMPLETE,SERVICING_SYS
L000210,B9148,CONVENTIONAL,2019-12-18,2049-12-18,519865.00,185702.49,3.116,240,OK,PURCHASE,A,25,HIGH,CURRENT,0,US Bank,2023-08-03,2023-08-20,COMPLETE,MANUAL_ENTRY
L000211,B8751,VA,2020-03-26,2040-03-26,430992.00,0.00,6.795,180,TX,PURCHASE,A,10,HIGH,PAID_OFF,0,Freedom Mortgage,2029-10-13,2029-11-02,MISSING,SERVICING_SYS
L000212,B7704,CONVENTIONAL,2022-04-14,2052-04-14,442052.00,334351.53,4.026,180,MT,PURCHASE,D,26,MEDIUM,CURRENT,0,PNC Bank,2024-03-16,2024-03-26,COMPLETE,SERVICING_SYS
L000213,B9260,FHA,2011-01-16,2041-01-16,667413.00,0.00,8.283,180,AR,CASH_OUT,D,26,VERY_HIGH,PAID_OFF,0,US Bank,2016-04-02,2016-04-26,MISSING,ORIGINATION_SYS
L000214,B7302,JUMBO,2022-12-23,2037-12-23,184618.00,67812.05,8.377,360,LA,REFINANCE,C,9,VERY_HIGH,DELINQUENT,68,Freedom Mortgage,2032-12-15,2032-12-19,COMPLETE,MANUAL_ENTRY
L000215,B4291,FHA,2021-06-28,2041-06-28,624416.00,536660.52,6.245,240,UT,PURCHASE,B+,20,MEDIUM,DELINQUENT,89,US Bank,2027-10-12,2027-10-29,COMPLETE,SERVICING_SYS
L000216,B9747,VA,2012-08-03,2032-08-03,639593.00,391584.71,7.765,240,ND,PURCHASE,A,12,MEDIUM,CURRENT,0,Wells Fargo,2020-02-25,2020-03-17,COMPLETE,SERVICING_SYS
L000217,B9866,CONVENTIONAL,2013-08-11,2033-08-11,312732.00,123584.95,4.652,240,UT,CASH_OUT,A+,27,MEDIUM,CURRENT,0,PNC Bank,2022-06-27,2022-07-17,COMPLETE,ORIGINATION_SYS
L000218,B6122,CONVENTIONAL,2021-06-17,2051-06-17,351610.00,263851.11,2.578,240,WY,REFINANCE,B,29,HIGH,CURRENT,0,Freedom Mortgage,2025-10-26,2025-11-13,COMPLETE,MANUAL_ENTRY
L000219,B3847,CONVENTIONAL,2014-05-29,2044-05-29,252897.00,124226.93,4.763,240,KY,PURCHASE,B,18,HIGH,CURRENT,0,Wells Fargo,2022-02-22,2022-03-04,COMPLETE,ORIGINATION_SYS
L000220,B6866,CONVENTIONAL,2010-11-24,2025-11-24,388302.00,267140.99,7.204,240,ID,CASH_OUT,A,25,MEDIUM,DEFAULT,244,Quicken Loans,2016-06-24,2016-07-11,COMPLETE,ORIGINATION_SYS
L000221,B9691,JUMBO,2017-11-02,2032-11-02,273717.00,200132.95,8.48,360,XX,CASH_OUT,C,14,MEDIUM,CURRENT,0,PNC Bank,2021-03-18,2021-04-06,MISSING,ORIGINATION_SYS
L000222,B5633,CONVENTIONAL,2010-11-23,2040-11-23,386526.00,211774.58,7.968,240,NC,REFINANCE,D,1,HIGH,DEFAULT,148,PNC Bank,2015-04-21,2015-04-27,COMPLETE,ORIGINATION_SYS
L000223,B4492,JUMBO,2012-02-26,2027-02-26,614107.00,397071.63,7.514,180,VT,CASH_OUT,D,20,LOW,DELINQUENT,43,PNC Bank,2019-10-02,2019-10-23,COMPLETE,SERVICING_SYS
L000224,B4729,VA,2017-06-10,2032-06-10,141772.00,49281.54,4.946,240,NV,REFINANCE,A,12,LOW,CURRENT,0,US Bank,2020-05-06,2020-05-06,COMPLETE,MANUAL_ENTRY
L000225,B2738,VA,2011-06-03,2041-06-03,664054.00,0.00,7.221,240,ME,REFINANCE,D,12,LOW,PAID_OFF,0,Quicken Loans,2015-07-07,2015-07-12,COMPLETE,ORIGINATION_SYS
L000226,B7113,CONVENTIONAL,2018-10-09,2048-10-09,359307.00,332031.03,5.821,360,AZ,PURCHASE,A+,19,VERY_HIGH,CURRENT,0,US Bank,2026-06-13,2026-06-30,MISSING,SERVICING_SYS
L000227,B3637,FHA,2014-09-17,2044-09-17,410554.00,0.00,3.825,240,ID,CASH_OUT,A+,27,LOW,PAID_OFF,0,Freedom Mortgage,2024-05-04,2024-05-28,MISSING,MANUAL_ENTRY
L000228,B8982,VA,2020-05-06,2050-05-06,626365.00,217689.38,4.643,360,CT,REFINANCE,A+,2,MEDIUM,DELINQUENT,46,Bank of America,2021-07-12,2021-07-27,COMPLETE,MANUAL_ENTRY
L000229,B8017,FHA,2016-11-09,2046-11-09,662546.00,264393.44,2.529,180,VA,CASH_OUT,B+,13,HIGH,CURRENT,0,Freedom Mortgage,2025-12-30,2026-01-10,COMPLETE,MANUAL_ENTRY
L000230,B2343,VA,2017-06-09,2037-06-09,535331.00,315568.35,7.652,180,IL,REFINANCE,B+,28,LOW,DEFAULT,339,PNC Bank,2023-09-15,2023-09-17,INCOMPLETE,MANUAL_ENTRY
L000231,B5269,JUMBO,2010-09-13,2040-09-13,657021.00,370124.50,6.423,180,IA,CASH_OUT,B+,27,HIGH,CURRENT,0,JPMorgan Chase,2026-01-17,2026-01-31,COMPLETE,ORIGINATION_SYS
L000232,B3717,FHA,2018-11-25,2038-11-25,576560.00,176937.38,5.177,180,OR,CASH_OUT,B,23,VERY_HIGH,CURRENT,0,Bank of America,2029-10-16,2029-10-17,COMPLETE,SERVICING_SYS
L000233,B6918,JUMBO,2015-03-14,2030-03-14,327198.00,176730.39,5.318,240,AZ,CASH_OUT,C,3,HIGH,CURRENT,0,Freedom Mortgage,2017-08-06,2017-08-29,COMPLETE,MANUAL_ENTRY
L000234,B2275,VA,2022-10-15,2037-10-15,444956.00,322543.69,4.758,180,MN,REFINANCE,D,25,VERY_HIGH,CURRENT,0,US Bank,2030-03-13,2030-03-13,COMPLETE,ORIGINATION_SYS
L000235,B6934,CONVENTIONAL,2019-11-13,2034-11-13,291162.00,101937.96,6.467,240,WA,PURCHASE,D,21,VERY_HIGH,DELINQUENT,43,Quicken Loans,2021-08-19,2021-08-25,COMPLETE,MANUAL_ENTRY
L000236,B9399,CONVENTIONAL,2019-03-21,2034-03-21,305506.00,100219.35,7.845,180,KY,PURCHASE,A+,30,VERY_HIGH,CURRENT,0,US Bank,2021-02-07,2021-02-25,COMPLETE,MANUAL_ENTRY
L000237,B4594,JUMBO,2016-05-11,2031-05-11,277114.00,0.00,6.105,360,ID,CASH_OUT,B+,16,HIGH,CLOSED,0,JPMorgan Chase,2026-03-02,2026-03-25,COMPLETE,SERVICING_SYS
L000238,B9564,JUMBO,2023-05-19,2053-05-19,122187.00,152733.75,7.459,360,NM,CASH_OUT,A+,1,LOW,CURRENT,0,Wells Fargo,2024-09-04,2024-09-19,COMPLETE,MANUAL_ENTRY
L000239,B9680,JUMBO,2022-02-04,2037-02-04,730768.00,424191.05,3.877,240,MO,REFINANCE,A+,25,LOW,CURRENT,0,Quicken Loans,2031-12-27,2031-12-31,COMPLETE,ORIGINATION_SYS
L000240,B1116,CONVENTIONAL,2011-11-18,2031-11-18,-677354.00,589228.96,5.619,240,VT,REFINANCE,D,11,LOW,CURRENT,0,JPMorgan Chase,2014-01-30,2014-02-12,COMPLETE,SERVICING_SYS
L000241,B7770,JUMBO,2015-11-11,2045-11-11,494136.00,329606.33,3.572,360,KY,REFINANCE,A+,11,VERY_HIGH,DELINQUENT,73,PNC Bank,2020-05-25,2020-05-29,INCOMPLETE,MANUAL_ENTRY
L000242,B7562,VA,2012-09-02,2042-09-02,290932.00,171733.28,7.305,360,VA,PURCHASE,B,12,LOW,DELINQUENT,40,Freedom Mortgage,2013-11-16,2013-11-18,INCOMPLETE,SERVICING_SYS
L000243,B7296,JUMBO,2023-06-19,2043-06-19,142422.00,48658.80,6.184,360,RI,PURCHASE,B,20,VERY_HIGH,CURRENT,0,Quicken Loans,2024-06-10,2024-06-10,COMPLETE,MANUAL_ENTRY
L000244,B3776,CONVENTIONAL,2021-08-15,2041-08-15,254206.00,81815.20,4.658,360,XX,PURCHASE,A,8,VERY_HIGH,CURRENT,0,Bank of America,2027-06-27,2027-07-18,COMPLETE,MANUAL_ENTRY
L000245,B6703,VA,2014-06-29,2044-06-29,66112.00,51501.35,8.28,240,IL,REFINANCE,D,18,LOW,CURRENT,0,Bank of America,2015-08-02,2015-08-07,COMPLETE,ORIGINATION_SYS
L000246,B5222,VA,2022-07-13,2037-07-13,577611.00,0.00,6.665,240,WY,PURCHASE,C,30,VERY_HIGH,PAID_OFF,0,PNC Bank,2031-08-13,2031-08-27,INCOMPLETE,ORIGINATION_SYS
L000247,B6172,JUMBO,2020-10-23,2035-10-23,320343.00,110169.25,8.233,360,VT,REFINANCE,B,9,LOW,DELINQUENT,44,Quicken Loans,2028-06-25,2028-07-16,COMPLETE,SERVICING_SYS
L000248,B3994,FHA,2011-09-15,2041-09-15,237155.00,144607.88,5.494,180,KS,REFINANCE,B,7,MEDIUM,CURRENT,0,Freedom Mortgage,2021-10-25,2021-11-01,INCOMPLETE,SERVICING_SYS
L000249,B9871,CONVENTIONAL,2013-07-01,2028-07-01,175701.00,157800.98,7.588,240,NY,CASH_OUT,C,15,MEDIUM,DELINQUENT,72,Freedom Mortgage,2019-02-07,2019-03-08,COMPLETE,SERVICING_SYS
L000250,B9232,VA,2014-12-25,2044-12-25,184475.00,61835.34,4.862,360,NJ,PURCHASE,B+,16,VERY_HIGH,DEFAULT,334,Bank of America,2025-08-07,2025-08-29,COMPLETE,MANUAL_ENTRY
L000251,B9987,VA,2014-09-23,2034-09-23,659231.00,240939.76,3.923,240,MI,REFINANCE,B,15,VERY_HIGH,CURRENT,0,JPMorgan Chase,2024-06-22,2024-07-05,COMPLETE,SERVICING_SYS
L000252,B2636,VA,2018-03-10,2038-03-10,343212.00,203515.74,7.325,360,MO,PURCHASE,B,25,MEDIUM,CURRENT,0,Quicken Loans,2024-09-22,2024-10-17,COMPLETE,SERVICING_SYS
L000253,B1781,JUMBO,2021-03-16,2036-03-16,711286.00,452416.69,3.094,180,KY,REFINANCE,B+,3,VERY_HIGH,DELINQUENT,80,PNC Bank,2026-09-29,2026-10-09,COMPLETE,SERVICING_SYS
L000254,B4259,FHA,2022-07-27,2052-07-27,320233.00,167703.20,8.376,240,UT,CASH_OUT,D,24,VERY_HIGH,CURRENT,0,Wells Fargo,2026-08-03,2026-08-15,COMPLETE,SERVICING_SYS
L000255,B7631,CONVENTIONAL,2013-04-01,2028-04-01,721697.00,595411.68,2.975,240,MA,CASH_OUT,C,22,HIGH,CURRENT,0,US Bank,2020-05-29,2020-06-18,COMPLETE,SERVICING_SYS
L000256,B1378,FHA,2018-02-23,2048-02-23,665429.00,424948.42,6.867,360,WV,CASH_OUT,B+,2,MEDIUM,CURRENT,0,JPMorgan Chase,2020-02-08,2020-02-20,COMPLETE,ORIGINATION_SYS
L000257,B2702,VA,2020-08-12,2050-08-12,106440.00,33756.08,6.209,180,MO,REFINANCE,B,7,HIGH,CURRENT,0,Quicken Loans,2029-04-10,2029-04-30,COMPLETE,MANUAL_ENTRY
L000258,B8654,VA,2013-10-29,2028-10-29,86862.00,0.00,5.791,180,VT,CASH_OUT,B,18,VERY_HIGH,PAID_OFF,0,PNC Bank,2017-07-22,2017-08-14,COMPLETE,MANUAL_ENTRY
L000259,B4721,CONVENTIONAL,2019-10-04,2049-10-04,720864.00,515917.58,5.151,240,GA,REFINANCE,A,0,MEDIUM,CURRENT,0,Bank of America,2023-09-25,2023-10-04,COMPLETE,ORIGINATION_SYS
L000260,B1118,VA,2021-01-12,2041-01-12,364164.00,111410.95,3.631,360,KS,PURCHASE,B+,23,VERY_HIGH,CURRENT,0,Freedom Mortgage,2024-05-25,2024-06-06,COMPLETE,ORIGINATION_SYS
L000261,B9715,VA,2019-06-21,2049-06-21,301198.00,191500.65,4.977,180,ME,PURCHASE,B+,14,VERY_HIGH,DEFAULT,229,Bank of America,2022-09-29,2022-10-21,COMPLETE,ORIGINATION_SYS
L000262,B5622,VA,2017-03-11,2032-03-11,209540.00,69621.94,3.25,240,IA,PURCHASE,B,0,VERY_HIGH,CURRENT,0,JPMorgan Chase,2019-05-11,2019-05-21,COMPLETE,SERVICING_SYS
L000263,B5366,JUMBO,2018-05-01,2038-05-01,83278.00,0.00,2.928,240,KY,REFINANCE,A,3,MEDIUM,PAID_OFF,0,Quicken Loans,2029-01-30,2029-02-23,MISSING,ORIGINATION_SYS
L000264,B8746,JUMBO,2010-10-02,2025-10-02,533220.00,414823.73,6.589,240,HI,CASH_OUT,B+,1,LOW,CURRENT,0,Bank of America,2018-04-20,2018-05-05,COMPLETE,ORIGINATION_SYS
L000265,B1246,FHA,2018-01-31,2033-01-31,749080.00,330765.53,7.266,360,DC,PURCHASE,A,1,VERY_HIGH,CURRENT,0,PNC Bank,2025-04-06,2025-04-25,COMPLETE,ORIGINATION_SYS
L000266,B1983,CONVENTIONAL,2015-07-31,2030-07-31,574203.00,206374.88,4.633,180,DC,PURCHASE,B,15,MEDIUM,DELINQUENT,89,Bank of America,2026-07-14,2026-07-31,INCOMPLETE,SERVICING_SYS
L000267,B1646,JUMBO,2019-11-03,2049-11-03,252338.00,79203.69,6.74,360,VT,REFINANCE,B,18,MEDIUM,CURRENT,0,US Bank,2028-01-17,2028-01-28,COMPLETE,SERVICING_SYS
L000268,B5314,VA,2016-03-05,2046-03-05,631456.00,255249.18,5.224,360,WA,PURCHASE,A,19,HIGH,CURRENT,0,Freedom Mortgage,2021-04-18,2021-05-07,COMPLETE,MANUAL_ENTRY
L000269,B3525,VA,2011-06-03,2041-06-03,615136.00,512028.34,4.436,360,CT,CASH_OUT,B+,2,LOW,CURRENT,0,Freedom Mortgage,2019-03-01,2019-03-31,COMPLETE,ORIGINATION_SYS
L000270,B9026,VA,2014-07-14,2029-07-14,558947.00,237301.41,2.795,180,CA,PURCHASE,B,20,VERY_HIGH,CURRENT,0,Freedom Mortgage,2021-10-23,2021-10-25,COMPLETE,MANUAL_ENTRY
L000271,B1955,VA,2011-05-13,2031-05-13,635126.00,0.00,5.674,360,MD,PURCHASE,B,30,LOW,PAID_OFF,0,Wells Fargo,2020-08-30,2020-09-22,COMPLETE,SERVICING_SYS
L000272,B7802,CONVENTIONAL,2014-04-02,2029-04-02,601752.00,437455.49,7.098,360,NJ,CASH_OUT,B+,13,LOW,CURRENT,0,JPMorgan Chase,2024-12-15,2025-01-09,COMPLETE,SERVICING_SYS
L000273,B6163,VA,2021-04-27,2041-04-27,739472.00,0.00,7.569,240,NV,CASH_OUT,C,19,MEDIUM,CLOSED,0,US Bank,2026-05-15,2026-06-01,COMPLETE,MANUAL_ENTRY
L000274,B5660,CONVENTIONAL,2015-09-13,2035-09-13,524379.00,15000.00,5.606,240,XX,PURCHASE,B,27,HIGH,CLOSED,0,Wells Fargo,2023-12-04,2023-12-28,INCOMPLETE,MANUAL_ENTRY
L000275,B8542,VA,2016-03-10,2046-03-10,586107.00,0.00,3.437,240,PA,PURCHASE,B,8,HIGH,PAID_OFF,0,Wells Fargo,2018-01-02,2018-01-20,COMPLETE,ORIGINATION_SYS
L000276,B2562,VA,2011-09-25,2041-09-25,390464.00,318379.55,2.724,360,WY,PURCHASE,C,11,VERY_HIGH,CURRENT,0,Quicken Loans,2021-01-27,2021-02-25,INCOMPLETE,ORIGINATION_SYS
L000277,B6231,FHA,2023-07-06,2038-07-06,714678.00,575545.99,4.461,360,AR,CASH_OUT,B+,12,VERY_HIGH,CURRENT,0,Freedom Mortgage,2027-01-04,2027-01-23,COMPLETE,ORIGINATION_SYS
L000278,B1807,JUMBO,2014-12-25,2034-12-25,353859.00,287028.97,4.075,240,WY,CASH_OUT,B,24,MEDIUM,CURRENT,0,Quicken Loans,2018-10-31,2018-11-17,COMPLETE,SERVICING_SYS
L000279,B8046,VA,2022-10-25,2037-10-25,638426.00,447152.26,6.608,360,TX,REFINANCE,D,11,HIGH,DELINQUENT,45,JPMorgan Chase,2025-08-12,2025-08-22,COMPLETE,MANUAL_ENTRY
L000280,B8216,CONVENTIONAL,2010-07-18,2030-07-18,227477.00,214277.36,8.045,180,MS,PURCHASE,B+,27,LOW,DELINQUENT,81,Wells Fargo,2015-08-02,2015-08-25,COMPLETE,MANUAL_ENTRY
L000281,B1372,VA,2013-04-24,2033-04-24,64400.00,0.00,3.754,360,OH,CASH_OUT,C,17,VERY_HIGH,PAID_OFF,0,US Bank,2016-10-24,2016-11-16,MISSING,MANUAL_ENTRY
L000282,B5653,FHA,2010-05-31,2030-05-31,661324.00,587868.22,7.235,360,NJ,CASH_OUT,A,2,VERY_HIGH,CURRENT,0,PNC Bank,2013-05-11,2013-05-19,COMPLETE,MANUAL_ENTRY
L000283,B7237,CONVENTIONAL,2018-01-29,2033-01-29,70005.00,0.00,7.923,240,OH,PURCHASE,B,6,VERY_HIGH,PAID_OFF,0,US Bank,2022-06-30,2022-07-29,COMPLETE,ORIGINATION_SYS
L000284,B6765,VA,2015-07-20,2045-07-20,369739.00,191088.61,6.251,180,NC,REFINANCE,A,20,HIGH,PENDING,0,Quicken Loans,2017-05-23,2017-06-20,MISSING,ORIGINATION_SYS
L000285,B7262,FHA,2022-06-13,2042-06-13,286540.00,0.00,5.004,360,MD,CASH_OUT,C,14,MEDIUM,PAID_OFF,0,JPMorgan Chase,2029-11-23,2029-12-13,COMPLETE,MANUAL_ENTRY
L000286,B3378,FHA,2014-07-16,2029-07-16,374008.00,0.00,4.405,360,WA,PURCHASE,B,10,MEDIUM,PAID_OFF,0,PNC Bank,2024-10-26,2024-10-26,INCOMPLETE,SERVICING_SYS
L000287,B5485,FHA,2019-03-23,2039-03-23,514523.00,0.00,7.175,180,AK,CASH_OUT,A+,8,MEDIUM,PAID_OFF,0,US Bank,2026-06-12,2026-06-19,COMPLETE,ORIGINATION_SYS
L000288,B7126,FHA,2018-01-22,2033-01-22,549753.00,0.00,7.613,240,HI,PURCHASE,B,1,VERY_HIGH,PAID_OFF,0,Freedom Mortgage,2023-05-26,2023-05-26,MISSING,SERVICING_SYS
L000289,B8197,JUMBO,2014-12-29,2044-12-29,262686.00,208193.05,6.627,240,NV,REFINANCE,A,19,VERY_HIGH,CURRENT,0,PNC Bank,2025-06-21,2025-07-01,COMPLETE,MANUAL_ENTRY
L000290,B2791,JUMBO,2022-10-30,2052-10-30,612203.00,0.00,5.241,180,KS,CASH_OUT,A+,12,LOW,PAID_OFF,0,US Bank,2026-01-17,2026-01-29,COMPLETE,MANUAL_ENTRY
L000291,B8558,FHA,2011-02-08,2026-02-08,355323.00,0.00,5.035,360,VT,CASH_OUT,B,14,VERY_HIGH,PAID_OFF,0,Wells Fargo,2019-11-11,2019-12-04,COMPLETE,ORIGINATION_SYS
L000292,B8433,FHA,2023-02-17,2053-02-17,622949.00,241672.65,7.795,180,VT,CASH_OUT,B+,25,MEDIUM,CURRENT,45,PNC Bank,2028-04-07,2028-04-30,COMPLETE,ORIGINATION_SYS
L000293,B3619,JUMBO,2020-01-30,2050-01-30,430573.00,153046.85,5.802,180,MI,CASH_OUT,B+,27,MEDIUM,DELINQUENT,76,JPMorgan Chase,2029-01-12,2029-02-08,COMPLETE,MANUAL_ENTRY
L000294,B2926,FHA,2011-02-25,2031-02-25,373026.00,186955.74,8.263,180,KY,PURCHASE,D,15,VERY_HIGH,DEFAULT,318,US Bank,2014-06-21,2014-07-16,COMPLETE,SERVICING_SYS
L000295,B1107,FHA,2015-05-03,2030-05-03,667466.00,486353.04,7.793,240,OK,PURCHASE,A,5,MEDIUM,CURRENT,0,Wells Fargo,2020-05-15,2020-06-04,COMPLETE,ORIGINATION_SYS
L000296,B2784,JUMBO,2010-09-23,2040-09-23,656174.00,554276.33,8.462,180,SC,CASH_OUT,B+,22,MEDIUM,CURRENT,0,Quicken Loans,2021-02-16,2021-03-11,COMPLETE,ORIGINATION_SYS
L000297,B2063,VA,2012-02-02,2032-02-02,388503.00,209624.61,5.325,180,LA,REFINANCE,A+,13,MEDIUM,CURRENT,0,PNC Bank,2012-12-05,2012-12-11,COMPLETE,ORIGINATION_SYS
L000298,B5705,JUMBO,2022-10-25,2052-10-25,709531.00,456806.92,6.153,240,OR,CASH_OUT,C,29,MEDIUM,CURRENT,0,US Bank,2031-01-06,2031-01-24,COMPLETE,MANUAL_ENTRY
L000299,B1025,CONVENTIONAL,2021-03-01,2041-03-01,238646.00,208667.62,2.644,360,WV,PURCHASE,A+,13,VERY_HIGH,CURRENT,0,Wells Fargo,2024-07-02,2024-07-12,COMPLETE,MANUAL_ENTRY
L000300,B5919,VA,2014-10-06,2029-10-06,721736.00,310903.40,7.102,180,MI,REFINANCE,B+,18,LOW,CURRENT,0,Freedom Mortgage,2023-09-15,2023-09-20,COMPLETE,SERVICING_SYS
L000301,B9797,VA,2020-09-29,2040-09-29,87285.00,62816.74,5.275,240,AR,CASH_OUT,C,18,HIGH,CURRENT,0,US Bank,2027-11-11,2027-11-28,COMPLETE,MANUAL_ENTRY
L000302,B7147,FHA,2017-06-10,2037-06-10,119429.00,111098.66,5.926,240,DE,REFINANCE,B+,27,HIGH,CURRENT,0,PNC Bank,2017-11-14,2017-11-15,COMPLETE,ORIGINATION_SYS
L000303,B3867,CONVENTIONAL,2021-02-23,2036-02-23,439633.00,0.00,4.745,180,CO,REFINANCE,A+,0,VERY_HIGH,CLOSED,0,US Bank,2023-08-27,2023-08-31,COMPLETE,SERVICING_SYS
L000304,B9456,FHA,2021-09-29,2041-09-29,393238.00,0.00,3.731,180,VA,CASH_OUT,A,0,HIGH,PAID_OFF,0,Wells Fargo,2031-01-17,2031-02-07,INCOMPLETE,ORIGINATION_SYS
L000305,B6114,FHA,2017-06-23,2037-06-23,98381.00,36107.48,4.425,180,OH,REFINANCE,D,21,LOW,DEFAULT,249,Bank of America,2017-10-23,2017-10-27,COMPLETE,ORIGINATION_SYS
L000306,B5440,FHA,2010-05-05,2040-05-05,636810.00,403826.33,8.16,240,HI,PURCHASE,C,19,HIGH,CURRENT,0,US Bank,2014-05-08,2014-05-22,COMPLETE,ORIGINATION_SYS
L000307,B8304,VA,2020-07-23,2050-07-23,102906.00,37957.14,4.375,180,TX,CASH_OUT,A,29,VERY_HIGH,CURRENT,0,US Bank,2025-06-03,2025-06-07,COMPLETE,MANUAL_ENTRY
L000308,B4666,FHA,2020-07-03,2035-07-03,527714.00,264782.92,7.667,360,MS,REFINANCE,B,22,HIGH,DELINQUENT,79,Freedom Mortgage,2025-10-21,2025-11-17,INCOMPLETE,SERVICING_SYS
L000309,B5624,VA,2020-12-07,2035-12-07,118540.00,72186.99,6.127,180,MT,CASH_OUT,A,10,LOW,CURRENT,0,Freedom Mortgage,2026-03-10,2026-03-19,COMPLETE,SERVICING_SYS
L000310,B6582,FHA,2023-03-31,2043-03-31,300164.00,211185.98,7.383,360,NV,CASH_OUT,C,17,MEDIUM,CURRENT,0,JPMorgan Chase,2028-09-25,2028-10-16,COMPLETE,MANUAL_ENTRY
L000311,B8294,FHA,2022-11-17,2042-11-17,169876.00,116349.10,4.348,240,CT,CASH_OUT,A+,24,VERY_HIGH,CURRENT,0,Bank of America,2029-03-08,2029-03-23,COMPLETE,ORIGINATION_SYS
L000312,B3403,FHA,2012-01-12,2027-01-12,195664.00,0.00,5.218,240,OR,REFINANCE,B,6,HIGH,PAID_OFF,0,Bank of America,2019-03-31,2019-04-18,INCOMPLETE,MANUAL_ENTRY
L000313,B7622,FHA,2016-10-30,2036-10-30,410987.00,387843.51,7.615,180,OK,PURCHASE,A,22,HIGH,CURRENT,0,Wells Fargo,2023-10-08,2023-11-04,COMPLETE,ORIGINATION_SYS
L000314,B8130,FHA,2015-04-12,2035-04-12,668831.00,372053.57,6.475,240,OK,REFINANCE,C,26,VERY_HIGH,CURRENT,0,JPMorgan Chase,2019-08-26,2019-09-04,MISSING,MANUAL_ENTRY
L000315,B8155,FHA,2012-10-25,2027-10-25,62166.00,21548.91,3.008,360,NJ,CASH_OUT,A+,29,VERY_HIGH,CURRENT,0,US Bank,2020-12-26,2020-12-31,COMPLETE,SERVICING_SYS
L000316,B9161,FHA,2022-05-20,2042-05-20,-453402.00,240733.66,6.773,240,OH,CASH_OUT,C,1,LOW,CURRENT,0,US Bank,2029-03-30,2029-04-14,COMPLETE,ORIGINATION_SYS
L000317,B8617,CONVENTIONAL,2023-01-06,2043-01-06,133952.00,52556.99,5.64,360,NM,CASH_OUT,B+,21,LOW,DELINQUENT,84,PNC Bank,2031-07-07,2031-07-27,COMPLETE,MANUAL_ENTRY
L000318,B9399,JUMBO,2017-01-03,2047-01-03,105337.00,93468.73,5.944,240,ME,REFINANCE,B,1,HIGH,CURRENT,0,PNC Bank,2017-03-18,2017-04-12,COMPLETE,ORIGINATION_SYS
L000319,B1447,VA,2020-08-12,2050-08-12,227292.00,152821.82,5.409,180,DC,REFINANCE,C,4,HIGH,DELINQUENT,48,Bank of America,2029-10-07,2029-11-03,COMPLETE,MANUAL_ENTRY
L000320,B3873,VA,2012-07-02,2042-07-02,233095.00,207824.11,7.195,180,ND,PURCHASE,C,2,MEDIUM,DELINQUENT,72,US Bank,2017-08-04,2017-09-02,INCOMPLETE,SERVICING_SYS
L000321,B6653,CONVENTIONAL,2019-04-06,2039-04-06,299505.00,218469.05,6.354,180,NJ,REFINANCE,D,9,VERY_HIGH,DELINQUENT,40,PNC Bank,2021-09-15,2021-10-15,INCOMPLETE,MANUAL_ENTRY
L000322,B5731,JUMBO,2015-03-30,2035-03-30,459018.00,279304.75,4.792,240,UT,PURCHASE,A,29,HIGH,CURRENT,0,Freedom Mortgage,2025-01-30,2025-02-12,COMPLETE,MANUAL_ENTRY
L000323,B8554,FHA,2016-02-12,2036-02-12,333457.00,157927.60,6.906,360,ND,REFINANCE,B+,22,MEDIUM,CURRENT,0,Bank of America,2023-07-15,2023-08-01,COMPLETE,ORIGINATION_SYS
L000324,B5641,VA,2011-07-11,2026-07-11,481225.00,174927.31,3.658,180,AR,CASH_OUT,B+,28,MEDIUM,CURRENT,0,US Bank,2016-08-09,2016-08-29,COMPLETE,ORIGINATION_SYS
L000325,B4018,VA,2011-12-09,2041-12-09,186217.00,101371.50,4.267,360,SD,REFINANCE,C,24,VERY_HIGH,DEFAULT,184,PNC Bank,2022-01-25,2022-02-22,COMPLETE,SERVICING_SYS
L000326,B1984,VA,2015-10-10,2030-10-10,127591.00,61273.90,8.234,240,CA,REFINANCE,B,19,VERY_HIGH,CURRENT,0,JPMorgan Chase,2020-03-18,2020-04-07,COMPLETE,ORIGINATION_SYS
L000327,B2692,CONVENTIONAL,2022-02-15,2042-02-15,278994.00,195038.59,2.938,360,WY,REFINANCE,A,28,VERY_HIGH,CURRENT,0,JPMorgan Chase,2027-02-27,2027-03-19,COMPLETE,ORIGINATION_SYS
,B9039,JUMBO,2018-10-04,2038-10-04,208971.00,0.00,5.116,360,DC,PURCHASE,A+,7,LOW,PAID_OFF,0,Quicken Loans,2025-04-13,2025-05-13,COMPLETE,SERVICING_SYS
L000329,B1904,CONVENTIONAL,2012-09-19,2042-09-19,611307.00,554930.69,4.692,240,NJ,REFINANCE,B+,6,MEDIUM,CURRENT,0,US Bank,2020-06-11,2020-06-12,MISSING,MANUAL_ENTRY
L000330,B8175,FHA,2014-04-14,2034-04-14,459054.00,405206.71,3.34,180,XX,CASH_OUT,B,15,VERY_HIGH,DELINQUENT,52,Wells Fargo,2019-10-27,2019-11-21,COMPLETE,SERVICING_SYS
L000331,B1701,JUMBO,2021-03-17,2051-03-17,521132.00,483752.86,3.209,360,NJ,CASH_OUT,A+,4,MEDIUM,CURRENT,0,Wells Fargo,2025-02-03,2025-02-04,COMPLETE,SERVICING_SYS
L000332,B1818,VA,2010-06-06,2030-06-06,698410.00,230315.43,7.424,180,HI,CASH_OUT,A,26,LOW,DELINQUENT,38,Wells Fargo,2010-09-02,2010-09-17,COMPLETE,MANUAL_ENTRY
L000333,B6312,CONVENTIONAL,2014-12-12,2029-12-12,262484.00,0.00,8.355,360,MA,PURCHASE,A,18,MEDIUM,PAID_OFF,0,Bank of America,2023-04-21,2023-04-23,COMPLETE,ORIGINATION_SYS
L000334,B3185,CONVENTIONAL,2019-04-24,2034-04-24,437896.00,288886.57,7.246,360,WY,PURCHASE,A,28,VERY_HIGH,CURRENT,0,Wells Fargo,2029-10-09,2029-10-09,COMPLETE,ORIGINATION_SYS
L000335,B3344,VA,2023-04-26,2043-04-26,486440.00,365208.11,5.639,240,ID,CASH_OUT,B+,1,MEDIUM,DEFAULT,333,PNC Bank,2031-02-28,2031-03-15,COMPLETE,ORIGINATION_SYS
L000336,B2567,VA,2016-10-03,2036-10-03,489128.00,148191.37,7.676,360,NJ,CASH_OUT,B+,6,HIGH,CURRENT,0,Wells Fargo,2018-02-26,2018-03-04,COMPLETE,ORIGINATION_SYS
L000337,B5670,FHA,2020-08-22,2040-08-22,234888.00,0.00,5.108,240,WI,REFINANCE,A,3,LOW,PAID_OFF,0,US Bank,2021-04-30,2021-05-05,COMPLETE,ORIGINATION_SYS
L000338,B6340,JUMBO,2020-11-17,2050-11-17,171703.00,59419.31,3.693,360,IA,PURCHASE,C,7,LOW,CURRENT,0,JPMorgan Chase,2025-12-12,2026-01-04,COMPLETE,ORIGINATION_SYS
L000339,B4541,JUMBO,2018-06-04,2033-06-04,127101.00,77041.47,3.568,240,WA,PURCHASE,B+,11,HIGH,CURRENT,0,JPMorgan Chase,2028-06-28,2028-07-08,COMPLETE,MANUAL_ENTRY
L000340,B6629,FHA,2022-10-03,2037-10-03,344234.00,0.00,7.818,360,DC,CASH_OUT,A+,28,MEDIUM,PAID_OFF,0,US Bank,2027-12-24,2028-01-10,INCOMPLETE,ORIGINATION_SYS
L000341,B5573,CONVENTIONAL,2019-03-27,2049-03-27,562977.00,484401.95,6.88,360,KS,REFINANCE,D,18,MEDIUM,CURRENT,0,US Bank,2024-08-16,2024-09-15,COMPLETE,MANUAL_ENTRY
L000342,B7974,JUMBO,2010-02-11,2030-02-11,96372.00,31420.95,5.376,360,NH,REFINANCE,B,2,LOW,CURRENT,0,PNC Bank,2018-10-25,2018-11-17,COMPLETE,ORIGINATION_SYS
L000343,B5994,FHA,2012-12-23,2032-12-23,360158.00,0.00,6.72,360,AK,REFINANCE,D,24,MEDIUM,CLOSED,0,Freedom Mortgage,2013-03-28,2013-04-19,COMPLETE,SERVICING_SYS
L000344,B9698,CONVENTIONAL,2020-05-31,2050-05-31,714170.00,214884.02,4.28,240,SC,CASH_OUT,A+,25,MEDIUM,DELINQUENT,54,Freedom Mortgage,2030-07-07,2030-07-28,COMPLETE,SERVICING_SYS
L000345,B1669,VA,2011-03-26,2041-03-26,431671.00,378655.60,4.699,360,CA,CASH_OUT,B+,24,MEDIUM,CURRENT,0,JPMorgan Chase,2015-05-31,2015-06-10,COMPLETE,ORIGINATION_SYS
L000346,B6250,VA,2020-09-24,2050-09-24,658299.00,570241.90,7.888,360,LA,PURCHASE,A,11,HIGH,DELINQUENT,78,Quicken Loans,2029-03-02,2029-03-17,COMPLETE,ORIGINATION_SYS
L000347,B7031,CONVENTIONAL,2020-07-18,2050-07-18,607742.00,450276.28,3.63,240,MT,PURCHASE,C,30,LOW,CURRENT,0,Wells Fargo,2023-11-27,2023-12-02,COMPLETE,MANUAL_ENTRY
L000348,B7824,FHA,2013-04-27,2033-04-27,207808.00,180532.27,5.343,240,TN,PURCHASE,C,6,LOW,PENDING,0,Wells Fargo,2020-06-08,2020-07-05,INCOMPLETE,MANUAL_ENTRY
L000349,B9686,JUMBO,2017-07-14,2037-07-14,656815.00,343392.81,5.248,360,DC,REFINANCE,B,25,HIGH,DELINQUENT,50,JPMorgan Chase,2023-01-25,2023-02-09,COMPLETE,SERVICING_SYS
L000350,B9770,VA,2011-01-23,2026-01-23,420274.00,0.00,3.594,180,VT,CASH_OUT,B,5,MEDIUM,CLOSED,0,Wells Fargo,2018-01-29,2018-01-30,MISSING,MANUAL_ENTRY
L000351,B6192,VA,2012-11-02,2032-11-02,323056.00,15000.00,3.388,240,HI,CASH_OUT,C,3,LOW,CLOSED,0,Quicken Loans,2020-11-06,2020-12-05,COMPLETE,ORIGINATION_SYS
L000352,B5842,JUMBO,2020-04-10,2040-04-10,213633.00,64686.21,7.876,360,OR,CASH_OUT,D,10,LOW,DELINQUENT,62,PNC Bank,2024-01-26,2024-02-10,MISSING,ORIGINATION_SYS
L000353,B6347,CONVENTIONAL,2022-05-11,2037-05-11,373047.00,117926.55,6.149,180,IA,REFINANCE,B,0,LOW,DELINQUENT,44,US Bank,2027-06-10,2027-07-07,COMPLETE,MANUAL_ENTRY
L000354,B1918,VA,2011-12-17,2041-12-17,463583.00,197668.33,4.885,360,MS,REFINANCE,C,0,HIGH,CURRENT,0,Bank of America,2018-10-29,2018-11-09,COMPLETE,SERVICING_SYS
L000355,B5728,FHA,2022-08-01,2037-08-01,276172.00,213509.87,7.334,240,NE,PURCHASE,A+,19,LOW,CURRENT,0,JPMorgan Chase,2027-04-29,2027-05-05,COMPLETE,MANUAL_ENTRY
L000356,B5478,JUMBO,2017-07-10,2032-07-10,669371.00,529789.83,3.549,240,WI,PURCHASE,B,5,VERY_HIGH,CURRENT,0,Bank of America,2022-03-13,2022-03-30,COMPLETE,SERVICING_SYS
L000357,B3523,VA,2023-02-16,2043-02-16,568101.00,376953.58,4.301,360,NM,PURCHASE,B+,21,HIGH,CURRENT,0,Quicken Loans,2023-07-05,2023-07-10,COMPLETE,MANUAL_ENTRY
L000358,B6927,JUMBO,2015-06-28,2030-06-28,175152.00,139607.87,5.893,240,NM,CASH_OUT,A,11,LOW,CURRENT,0,Freedom Mortgage,2026-06-15,2026-06-23,COMPLETE,ORIGINATION_SYS
L000359,B6917,JUMBO,2013-04-12,2033-04-12,533439.00,464575.34,6.317,240,ME,CASH_OUT,B+,29,LOW,CURRENT,0,US Bank,2015-03-11,2015-03-17,INCOMPLETE,ORIGINATION_SYS
L000360,B5932,VA,2012-02-14,2042-02-14,225254.00,0.00,6.613,360,OH,CASH_OUT,C,26,MEDIUM,PAID_OFF,0,Wells Fargo,2021-06-22,2021-06-26,COMPLETE,SERVICING_SYS
L000361,B4622,FHA,2020-11-16,2040-11-16,406844.00,365585.87,7.271,360,ND,CASH_OUT,B+,17,LOW,CURRENT,0,Quicken Loans,2023-05-27,2023-06-10,MISSING,ORIGINATION_SYS
L000362,B9570,VA,2012-12-11,2027-12-11,552811.00,290964.58,3.533,240,XX,PURCHASE,B,4,MEDIUM,DELINQUENT,38,PNC Bank,2022-03-10,2022-03-17,COMPLETE,ORIGINATION_SYS
L000363,B8065,CONVENTIONAL,2012-12-02,2027-12-02,495440.00,371100.31,3.678,180,NC,CASH_OUT,A,15,LOW,DEFAULT,129,Bank of America,2013-03-19,2013-03-20,COMPLETE,MANUAL_ENTRY
L000364,B6759,CONVENTIONAL,2010-03-26,2025-03-26,179806.00,161477.25,3.045,360,PA,REFINANCE,C,5,MEDIUM,CURRENT,0,US Bank,2020-06-02,2020-06-20,COMPLETE,MANUAL_ENTRY
L000365,B9800,CONVENTIONAL,2010-04-25,2040-04-25,277538.00,0.00,8.341,180,NC,CASH_OUT,D,11,MEDIUM,CLOSED,0,Quicken Loans,2012-04-27,2012-05-18,MISSING,ORIGINATION_SYS
L000366,B6149,CONVENTIONAL,2017-12-16,2037-12-16,494692.00,217307.36,5.295,360,WI,REFINANCE,B+,9,LOW,CURRENT,0,Wells Fargo,2019-04-22,2019-05-02,COMPLETE,SERVICING_SYS
L000367,B7672,VA,2016-05-12,2036-05-12,679554.00,529041.88,8.41,240,CA,REFINANCE,B+,11,MEDIUM,DELINQUENT,83,Wells Fargo,2021-06-03,2021-06-24,COMPLETE,ORIGINATION_SYS
L000368,B2666,FHA,2018-11-22,2038-11-22,598051.00,435414.84,2.888,180,RI,REFINANCE,A,7,VERY_HIGH,CURRENT,0,PNC Bank,2020-07-31,2020-08-15,COMPLETE,MANUAL_ENTRY
L000369,B8795,JUMBO,2023-01-20,2053-01-20,336232.00,0.00,8.425,360,WY,REFINANCE,A,3,HIGH,PAID_OFF,0,Quicken Loans,2033-09-17,2033-10-02,COMPLETE,ORIGINATION_SYS
L000370,B7269,VA,2010-09-01,2025-09-01,105419.00,88520.66,3.416,360,WI,PURCHASE,B+,24,VERY_HIGH,CURRENT,0,Freedom Mortgage,2011-01-18,2011-02-01,COMPLETE,MANUAL_ENTRY
L000371,B1289,CONVENTIONAL,2021-03-02,2041-03-02,579315.00,272325.80,8.444,180,MA,REFINANCE,D,14,LOW,CURRENT,0,Wells Fargo,2030-11-21,2030-11-26,COMPLETE,SERVICING_SYS
L000372,B9037,JUMBO,2013-09-06,2033-09-06,501601.00,194328.93,5.355,180,MT,REFINANCE,D,18,VERY_HIGH,DELINQUENT,61,US Bank,2022-05-01,2022-05-22,COMPLETE,SERVICING_SYS
L000373,B1440,VA,2017-03-10,2032-03-10,79514.00,54371.77,4.783,240,MN,REFINANCE,C,1,MEDIUM,CURRENT,0,JPMorgan Chase,2021-05-18,2021-05-25,COMPLETE,MANUAL_ENTRY
L000374,B6343,CONVENTIONAL,2011-11-27,2041-11-27,118681.00,102636.63,5.265,240,NE,REFINANCE,A,22,VERY_HIGH,PENDING,0,US Bank,2013-11-21,2013-11-21,MISSING,SERVICING_SYS
L000375,B4373,VA,2022-10-17,2042-10-17,388083.00,0.00,5.48,360,SC,REFINANCE,C,13,MEDIUM,PAID_OFF,0,Quicken Loans,2023-12-30,2024-01-19,INCOMPLETE,ORIGINATION_SYS
L000376,B4700,CONVENTIONAL,2022-01-07,2037-01-07,351314.00,165943.45,6.806,360,MI,REFINANCE,A,18,VERY_HIGH,CURRENT,0,Quicken Loans,2028-07-13,2028-07-19,COMPLETE,ORIGINATION_SYS
L000377,B5116,JUMBO,2016-10-08,2046-10-08,364477.00,211903.94,6.529,360,AK,CASH_OUT,B+,16,MEDIUM,CURRENT,0,US Bank,2019-02-04,2019-02-19,COMPLETE,MANUAL_ENTRY
L000378,B1981,FHA,2020-06-25,2040-06-25,718914.00,464610.80,4.686,180,WV,CASH_OUT,C,27,VERY_HIGH,DELINQUENT,79,Quicken Loans,2030-09-25,2030-10-05,INCOMPLETE,ORIGINATION_SYS
L000379,B7649,FHA,2014-07-26,2034-07-26,329901.00,275603.24,3.181,180,XX,REFINANCE,D,15,VERY_HIGH,DELINQUENT,46,Quicken Loans,2022-05-08,2022-05-28,MISSING,ORIGINATION_SYS
L000380,B1691,JUMBO,2013-07-29,2033-07-29,193057.00,61574.03,7.193,180,CO,REFINANCE,A+,9,LOW,DEFAULT,232,Quicken Loans,2021-01-15,2021-02-12,COMPLETE,MANUAL_ENTRY
L000381,B9551,VA,2012-01-10,2032-01-10,197388.00,89501.00,5.479,180,DE,REFINANCE,C,26,VERY_HIGH,CURRENT,0,Freedom Mortgage,2017-09-19,2017-10-12,COMPLETE,SERVICING_SYS
L000382,B1916,JUMBO,2014-11-21,2029-11-21,162002.00,0.00,5.701,360,MA,CASH_OUT,D,15,MEDIUM,CLOSED,0,Bank of America,2019-11-25,2019-12-23,INCOMPLETE,ORIGINATION_SYS
L000383,B1570,CONVENTIONAL,2018-02-21,2038-02-21,435602.00,363243.06,6.644,360,OK,REFINANCE,C,20,HIGH,CURRENT,0,Freedom Mortgage,2029-01-24,2029-02-14,COMPLETE,ORIGINATION_SYS
L000384,B2478,FHA,2019-12-04,2039-12-04,58248.00,51920.11,4.285,180,SD,REFINANCE,B+,13,LOW,CURRENT,0,Bank of America,2030-04-19,2030-05-16,COMPLETE,SERVICING_SYS
L000385,B2644,FHA,2020-07-26,2050-07-26,483021.00,435792.75,6.691,360,NE,CASH_OUT,B+,26,HIGH,CURRENT,0,Quicken Loans,2025-05-21,2025-06-12,COMPLETE,ORIGINATION_SYS
L000386,B6006,VA,2014-02-14,2044-02-14,514943.00,419247.31,5.955,180,ND,CASH_OUT,B+,24,MEDIUM,CURRENT,0,Freedom Mortgage,2018-09-12,2018-10-01,COMPLETE,SERVICING_SYS
L000387,B4254,CONVENTIONAL,2020-02-16,2040-02-16,189995.00,89191.62,4.987,180,MO,CASH_OUT,B,0,LOW,DELINQUENT,82,US Bank,2023-11-18,2023-12-08,COMPLETE,ORIGINATION_SYS
L000388,B8027,VA,2011-12-30,2031-12-30,257897.00,0.00,3.396,240,OR,PURCHASE,A,22,VERY_HIGH,PAID_OFF,0,Freedom Mortgage,2012-08-19,2012-09-17,MISSING,MANUAL_ENTRY
L000389,B5361,VA,2021-01-31,2036-01-31,285388.00,217984.04,6.979,240,IN,CASH_OUT,B,26,HIGH,CURRENT,0,PNC Bank,2030-10-31,2030-11-21,COMPLETE,ORIGINATION_SYS
L000390,B5068,VA,2019-03-01,2034-03-01,80170.00,39173.10,5.997,360,AL,REFINANCE,B,27,HIGH,CURRENT,0,PNC Bank,2026-03-04,2026-03-16,COMPLETE,MANUAL_ENTRY
L000391,B1853,VA,2018-08-08,2048-08-08,493852.00,384447.82,8.086,240,RI,CASH_OUT,A+,22,LOW,CURRENT,0,Wells Fargo,2019-10-02,2019-10-10,COMPLETE,SERVICING_SYS
L000392,B5264,FHA,2016-10-14,2036-10-14,438918.00,0.00,5.522,240,FL,PURCHASE,C,22,VERY_HIGH,PAID_OFF,0,JPMorgan Chase,2017-04-30,2017-05-08,COMPLETE,ORIGINATION_SYS
L000393,B5312,VA,2012-11-13,2032-11-13,344650.00,0.00,5.602,240,MA,CASH_OUT,D,24,MEDIUM,PAID_OFF,0,US Bank,2016-02-14,2016-03-12,MISSING,MANUAL_ENTRY
L000394,B3679,JUMBO,2019-11-14,2034-11-14,248096.00,98395.75,5.119,240,MN,CASH_OUT,A+,15,VERY_HIGH,CURRENT,0,Quicken Loans,2020-05-08,2020-05-11,INCOMPLETE,ORIGINATION_SYS
L000395,B9335,VA,2012-10-09,2032-10-09,148123.00,64052.37,5.879,360,PA,PURCHASE,A+,24,MEDIUM,CURRENT,0,Quicken Loans,2022-03-20,2022-04-18,COMPLETE,SERVICING_SYS
L000396,B2737,VA,2012-02-12,2032-02-12,77223.00,0.00,3.423,180,VA,CASH_OUT,D,14,HIGH,CLOSED,0,US Bank,2013-07-25,2013-08-15,COMPLETE,ORIGINATION_SYS
L000397,B3118,FHA,2023-12-17,2043-12-17,390698.00,0.00,7.68,360,AR,CASH_OUT,A,17,VERY_HIGH,CLOSED,0,Wells Fargo,2034-03-18,2034-03-30,COMPLETE,ORIGINATION_SYS
L000398,B3525,CONVENTIONAL,2018-12-12,2033-12-12,71508.00,61069.60,4.291,240,MD,CASH_OUT,A+,4,HIGH,CURRENT,0,PNC Bank,2027-10-08,2027-10-11,INCOMPLETE,MANUAL_ENTRY
L000399,B2478,JUMBO,2014-06-26,2034-06-26,517080.00,452713.09,7.366,360,SD,REFINANCE,A,1,HIGH,CURRENT,0,Quicken Loans,2020-11-17,2020-12-08,COMPLETE,MANUAL_ENTRY
L000400,B2297,JUMBO,2013-06-24,2033-06-24,602891.00,427578.57,4.302,180,MD,PURCHASE,A+,13,HIGH,CURRENT,0,US Bank,2016-10-26,2016-10-27,COMPLETE,ORIGINATION_SYS
L000401,B5151,VA,2021-07-07,2036-07-07,585456.00,337336.11,4.029,180,AK,PURCHASE,B+,21,VERY_HIGH,CURRENT,0,JPMorgan Chase,2029-01-02,2029-01-27,COMPLETE,SERVICING_SYS
L000402,B8371,VA,2011-01-06,2026-01-06,486471.00,423176.73,4.548,180,CO,CASH_OUT,A+,8,LOW,CURRENT,0,Quicken Loans,2017-09-06,2017-09-23,COMPLETE,SERVICING_SYS
L000403,B8974,VA,2012-08-13,2027-08-13,230077.00,167098.17,6.211,360,UT,CASH_OUT,B+,12,HIGH,CURRENT,0,Wells Fargo,2017-03-29,2017-04-02,COMPLETE,ORIGINATION_SYS
L000404,B4961,JUMBO,2012-07-05,2027-07-05,247364.00,212326.82,7.553,360,MD,REFINANCE,B,15,VERY_HIGH,CURRENT,0,Wells Fargo,2019-11-12,2019-11-15,COMPLETE,ORIGINATION_SYS
L000405,B7418,CONVENTIONAL,2019-12-27,2039-12-27,544392.00,170262.98,4.503,180,VA,REFINANCE,D,27,VERY_HIGH,CURRENT,0,PNC Bank,2022-10-15,2022-11-02,COMPLETE,MANUAL_ENTRY
L000406,B8993,FHA,2016-07-10,2031-07-10,561177.00,314142.53,6.786,360,XX,CASH_OUT,C,17,LOW,CURRENT,0,Bank of America,2024-09-24,2024-10-22,COMPLETE,SERVICING_SYS
L000407,B3643,VA,2012-08-15,2032-08-15,702944.00,639908.84,6.857,240,IA,CASH_OUT,B,18,HIGH,CURRENT,0,US Bank,2020-07-11,2020-08-07,INCOMPLETE,MANUAL_ENTRY
L000408,B6902,JUMBO,2020-07-04,2035-07-04,357645.00,275367.61,7.299,180,ME,CASH_OUT,B+,2,VERY_HIGH,CURRENT,0,JPMorgan Chase,2025-04-06,2025-04-11,COMPLETE,MANUAL_ENTRY
L000409,B1770,CONVENTIONAL,2021-01-14,2036-01-14,486191.00,443885.36,4.653,240,HI,PURCHASE,A+,1,LOW,CURRENT,0,Bank of America,2023-10-02,2023-10-15,COMPLETE,ORIGINATION_SYS
L000410,B1764,VA,2012-09-15,2042-09-15,284981.00,0.00,7.878,360,RI,CASH_OUT,A,22,LOW,CLOSED,0,Quicken Loans,2021-08-03,2021-08-28,COMPLETE,ORIGINATION_SYS
L000411,B9311,CONVENTIONAL,2012-05-17,2042-05-17,689270.00,0.00,3.502,180,MS,PURCHASE,B+,9,VERY_HIGH,PAID_OFF,0,Freedom Mortgage,2021-09-10,2021-09-26,COMPLETE,ORIGINATION_SYS
L000412,B7811,CONVENTIONAL,2013-06-17,2043-06-17,431405.00,223249.88,3.972,240,NC,PURCHASE,A,8,HIGH,CURRENT,0,PNC Bank,2023-01-21,2023-02-14,COMPLETE,MANUAL_ENTRY
L000413,B7706,JUMBO,2015-07-04,2030-07-04,605378.00,347559.28,8.211,360,MS,PURCHASE,D,4,LOW,CURRENT,0,PNC Bank,2024-07-30,2024-08-24,COMPLETE,ORIGINATION_SYS
L000414,B1607,FHA,2011-11-26,2031-11-26,380096.00,213261.63,7.915,180,VA,CASH_OUT,A+,9,VERY_HIGH,DEFAULT,312,Quicken Loans,2012-09-02,2012-09-30,COMPLETE,MANUAL_ENTRY
L000415,B3406,JUMBO,2016-10-29,2046-10-29,378933.00,337629.32,5.177,180,SC,CASH_OUT,B+,14,HIGH,CURRENT,0,Freedom Mortgage,2020-01-17,2020-02-11,COMPLETE,ORIGINATION_SYS
L000416,B3064,VA,2016-10-06,2031-10-06,88766.00,57638.58,3.782,360,ND,REFINANCE,B+,5,LOW,CURRENT,0,Wells Fargo,2024-11-27,2024-12-25,INCOMPLETE,MANUAL_ENTRY
L000417,B7110,VA,2015-10-21,2030-10-21,368706.00,0.00,6.262,240,WI,CASH_OUT,A,14,HIGH,CLOSED,0,US Bank,2017-02-14,2017-03-09,COMPLETE,SERVICING_SYS
L000418,B4831,VA,2015-04-19,2045-04-19,659845.00,0.00,4.295,360,VA,CASH_OUT,B+,4,VERY_HIGH,PAID_OFF,0,US Bank,2022-06-02,2022-06-25,COMPLETE,SERVICING_SYS
L000419,B7974,JUMBO,2021-08-01,2051-08-01,251908.00,210304.83,2.992,180,FL,REFINANCE,B,14,LOW,CURRENT,0,Bank of America,2022-10-06,2022-10-27,COMPLETE,MANUAL_ENTRY
L000420,B8210,JUMBO,2022-07-16,2052-07-16,463959.00,402164.12,6.89,240,GA,CASH_OUT,B,15,VERY_HIGH,CURRENT,0,JPMorgan Chase,2029-10-03,2029-11-02,COMPLETE,MANUAL_ENTRY
L000421,B7051,CONVENTIONAL,2012-08-25,2042-08-25,272971.00,162699.19,6.11,240,MS,CASH_OUT,C,1,MEDIUM,CURRENT,0,Wells Fargo,2014-06-28,2014-07-09,COMPLETE,SERVICING_SYS
L000422,B1797,VA,2016-10-20,2036-10-20,559529.00,178034.05,7.834,180,WV,REFINANCE,A,3,HIGH,CURRENT,0,Wells Fargo,2025-09-03,2025-09-30,COMPLETE,SERVICING_SYS
L000423,B3175,FHA,2022-11-08,2042-11-08,643246.00,382116.03,5.529,240,TX,REFINANCE,B,27,HIGH,CURRENT,0,Wells Fargo,2027-03-02,2027-03-27,COMPLETE,MANUAL_ENTRY
L000424,B8259,VA,2019-03-10,2039-03-10,294131.00,260352.66,6.375,180,OR,CASH_OUT,B+,9,LOW,CURRENT,0,PNC Bank,2019-10-13,2019-10-30,COMPLETE,MANUAL_ENTRY
L000425,B1305,CONVENTIONAL,2022-02-25,2052-02-25,105442.00,97242.86,6.45,360,AK,REFINANCE,B,7,VERY_HIGH,CURRENT,0,Wells Fargo,2030-08-26,2030-09-20,COMPLETE,SERVICING_SYS
L000426,B7798,CONVENTIONAL,2019-01-05,2049-01-05,97168.00,0.00,7.658,240,CO,PURCHASE,A,17,MEDIUM,PAID_OFF,0,Bank of America,2022-11-27,2022-12-01,COMPLETE,ORIGINATION_SYS
L000427,B1445,CONVENTIONAL,2013-06-17,2033-06-17,477060.00,353547.05,4.288,180,NE,REFINANCE,C,12,LOW,CURRENT,0,Wells Fargo,2024-04-26,2024-05-02,COMPLETE,MANUAL_ENTRY
L000428,B1993,VA,2023-02-22,2038-02-22,566926.00,357505.71,5.289,240,AK,REFINANCE,B+,7,LOW,CURRENT,0,Bank of America,2033-11-14,2033-12-01,MISSING,MANUAL_ENTRY
L000429,B2374,FHA,2012-04-11,2027-04-11,631652.00,457005.33,7.197,180,HI,PURCHASE,A+,30,VERY_HIGH,CURRENT,0,US Bank,2018-09-24,2018-10-08,COMPLETE,SERVICING_SYS
L000430,B5477,VA,2023-12-04,2043-12-04,734781.00,684708.01,7.537,240,SD,PURCHASE,A+,26,HIGH,CURRENT,0,Wells Fargo,2034-06-22,2034-06-27,COMPLETE,MANUAL_ENTRY
L000431,B5578,JUMBO,2011-07-27,2031-07-27,144073.00,80241.20,3.765,360,MA,CASH_OUT,C,20,HIGH,CURRENT,0,Freedom Mortgage,2013-03-20,2013-04-11,COMPLETE,ORIGINATION_SYS
L000432,B3190,CONVENTIONAL,2017-03-19,2037-03-19,270855.00,162206.82,6.153,180,UT,PURCHASE,D,17,VERY_HIGH,CURRENT,0,Freedom Mortgage,2017-06-22,2017-07-04,COMPLETE,MANUAL_ENTRY
L000433,B6783,JUMBO,2011-09-28,2041-09-28,82450.00,0.00,7.465,240,WY,CASH_OUT,A,3,VERY_HIGH,PAID_OFF,0,Bank of America,2016-10-24,2016-11-22,COMPLETE,ORIGINATION_SYS
L000434,B5967,FHA,2014-12-20,2044-12-20,70742.00,56096.54,3.906,240,AZ,REFINANCE,D,28,MEDIUM,DELINQUENT,75,Wells Fargo,2019-01-23,2019-01-29,MISSING,MANUAL_ENTRY
L000435,B3875,CONVENTIONAL,2018-11-19,2033-11-19,340819.00,228320.25,6.029,360,KY,CASH_OUT,B,28,HIGH,CURRENT,0,JPMorgan Chase,2025-02-25,2025-03-24,COMPLETE,MANUAL_ENTRY
L000436,B1849,VA,2021-12-14,2051-12-14,315206.00,0.00,5.095,240,UT,CASH_OUT,D,15,HIGH,PAID_OFF,0,US Bank,2022-01-21,2022-02-14,COMPLETE,MANUAL_ENTRY
L000437,B4188,VA,2015-01-14,2030-01-14,-341433.00,306249.86,2.991,360,WV,PURCHASE,B+,13,LOW,CURRENT,0,JPMorgan Chase,2018-08-31,2018-09-06,COMPLETE,SERVICING_SYS
L000438,B6477,VA,2011-05-30,2041-05-30,705669.00,256067.50,3.983,240,MI,PURCHASE,C,16,MEDIUM,CURRENT,45,Wells Fargo,2020-07-20,2020-08-13,COMPLETE,SERVICING_SYS
L000439,B7183,VA,2012-02-23,2042-02-23,518143.00,350423.95,7.841,360,FL,PURCHASE,D,1,HIGH,CURRENT,0,US Bank,2012-11-27,2012-12-17,COMPLETE,ORIGINATION_SYS
L000440,B7735,FHA,2011-04-03,2041-04-03,104738.00,51499.25,7.687,360,NJ,REFINANCE,D,25,VERY_HIGH,CURRENT,0,US Bank,2012-05-29,2012-06-17,COMPLETE,MANUAL_ENTRY
L000441,B2106,FHA,2010-08-01,2030-08-01,592337.00,740421.25,7.926,180,KY,REFINANCE,D,15,VERY_HIGH,CURRENT,0,JPMorgan Chase,2011-10-25,2011-11-01,COMPLETE,ORIGINATION_SYS
L000442,B6098,FHA,2011-05-11,2026-05-11,376806.00,256205.28,3.384,240,ME,REFINANCE,A,16,MEDIUM,CURRENT,0,Wells Fargo,2018-09-30,2018-10-07,COMPLETE,MANUAL_ENTRY
L000443,B2120,VA,2011-03-24,2031-03-24,410517.00,175296.77,3.636,240,NJ,CASH_OUT,B+,10,HIGH,CURRENT,0,US Bank,2021-06-30,2021-07-09,COMPLETE,ORIGINATION_SYS
L000444,B4772,JUMBO,2012-05-08,2032-05-08,94241.00,0.00,6.244,180,WY,REFINANCE,B+,12,MEDIUM,PAID_OFF,0,Quicken Loans,2019-08-06,2019-08-11,INCOMPLETE,ORIGINATION_SYS
L000445,B4185,VA,2018-02-20,2033-02-20,127312.00,67809.72,2.763,180,ME,PURCHASE,B,28,HIGH,CURRENT,0,PNC Bank,2019-10-26,2019-10-31,COMPLETE,MANUAL_ENTRY
L000446,B3248,JUMBO,2015-07-08,2030-07-08,255507.00,0.00,6.429,180,IN,REFINANCE,D,7,HIGH,PAID_OFF,0,Freedom Mortgage,2025-10-23,2025-11-03,COMPLETE,MANUAL_ENTRY
L000447,B4140,JUMBO,2023-12-24,2043-12-24,118553.00,0.00,6.666,240,SD,PURCHASE,A,24,MEDIUM,PAID_OFF,0,Freedom Mortgage,2025-07-11,2025-07-28,COMPLETE,ORIGINATION_SYS
L000448,B9011,FHA,2017-05-08,2032-05-08,105846.00,75060.53,6.864,240,SC,PURCHASE,B,16,VERY_HIGH,CURRENT,0,Freedom Mortgage,2018-11-06,2018-12-04,COMPLETE,MANUAL_ENTRY
L000449,B8918,JUMBO,2018-05-24,2038-05-24,594098.00,357512.57,5.343,360,DC,CASH_OUT,B+,1,MEDIUM,CURRENT,0,JPMorgan Chase,2022-09-01,2022-09-29,COMPLETE,ORIGINATION_SYS
L000450,B7129,VA,2018-11-18,2033-11-18,370863.00,213715.31,5.803,180,ME,REFINANCE,A+,11,MEDIUM,CURRENT,0,US Bank,2020-09-21,2020-09-22,COMPLETE,MANUAL_ENTRY
L000451,B5473,JUMBO,2017-07-18,2037-07-18,523066.00,315883.82,2.648,240,TN,PURCHASE,C,28,LOW,CURRENT,0,Bank of America,2026-08-25,2026-09-20,COMPLETE,MANUAL_ENTRY
L000452,B6468,FHA,2011-10-03,2031-10-03,288804.00,105114.81,6.551,240,WY,CASH_OUT,C,6,MEDIUM,CURRENT,0,Freedom Mortgage,2012-04-06,2012-04-30,COMPLETE,MANUAL_ENTRY
L000453,B1194,JUMBO,2015-11-10,2030-11-10,364021.00,175894.74,6.425,180,IA,PURCHASE,B+,23,MEDIUM,CURRENT,0,Quicken Loans,2020-06-20,2020-06-27,COMPLETE,MANUAL_ENTRY
L000454,B7843,FHA,2020-07-06,2050-07-06,533814.00,278345.95,5.132,360,FL,CASH_OUT,B,9,LOW,CURRENT,0,Quicken Loans,2030-01-29,2030-02-23,COMPLETE,SERVICING_SYS
L000455,B1380,CONVENTIONAL,2017-08-15,2032-08-15,489507.00,282307.29,8.033,180,MI,CASH_OUT,B+,25,VERY_HIGH,DEFAULT,365,Quicken Loans,2021-01-23,2021-01-29,MISSING,ORIGINATION_SYS
L000456,B5991,CONVENTIONAL,2021-12-27,2041-12-27,247487.00,150621.94,3.529,360,AZ,CASH_OUT,A+,15,LOW,CURRENT,0,JPMorgan Chase,2032-11-09,2032-11-15,COMPLETE,SERVICING_SYS
L000457,B9495,CONVENTIONAL,2016-05-14,2031-05-14,294359.00,144005.90,3.531,240,DE,PURCHASE,A+,13,VERY_HIGH,CURRENT,0,PNC Bank,2021-07-19,2021-07-21,COMPLETE,ORIGINATION_SYS
L000458,B6084,FHA,2012-11-30,2027-11-30,374803.00,217734.47,5.515,360,IL,PURCHASE,B,14,LOW,DELINQUENT,60,Freedom Mortgage,2014-10-11,2014-10-23,COMPLETE,ORIGINATION_SYS
L000459,B2492,VA,2021-10-17,2041-10-17,646879.00,563758.67,6.378,240,VA,REFINANCE,D,19,MEDIUM,CURRENT,0,Quicken Loans,2026-01-17,2026-01-24,COMPLETE,MANUAL_ENTRY
L000460,B1715,FHA,2019-09-10,2039-09-10,453350.00,404407.02,7.813,180,SD,CASH_OUT,C,21,LOW,CURRENT,0,PNC Bank,2026-02-24,2026-03-19,COMPLETE,ORIGINATION_SYS
L000461,B6341,JUMBO,2021-01-25,2041-01-25,629677.00,238521.59,5.206,240,AZ,REFINANCE,A,2,VERY_HIGH,CURRENT,0,Quicken Loans,2029-08-15,2029-08-25,COMPLETE,ORIGINATION_SYS
L000462,B8606,JUMBO,2018-11-24,2033-11-24,61258.00,28355.94,5.268,180,KS,CASH_OUT,D,4,VERY_HIGH,DELINQUENT,38,Freedom Mortgage,2022-08-24,2022-09-01,INCOMPLETE,ORIGINATION_SYS
L000463,B2271,CONVENTIONAL,2010-05-28,2040-05-28,155397.00,64521.42,6.564,180,ID,PURCHASE,B+,1,MEDIUM,CURRENT,0,Quicken Loans,2018-10-19,2018-11-10,COMPLETE,MANUAL_ENTRY
L000464,B8274,CONVENTIONAL,2021-09-23,2051-09-23,744723.00,0.00,6.089,180,WY,PURCHASE,B,11,MEDIUM,PAID_OFF,0,JPMorgan Chase,2026-03-10,2026-03-12,COMPLETE,ORIGINATION_SYS
L000465,B3750,FHA,2010-04-30,2030-04-30,251485.00,186595.25,2.764,360,MA,REFINANCE,A+,20,MEDIUM,CURRENT,0,US Bank,2021-02-28,2021-03-06,MISSING,SERVICING_SYS
L000466,B6181,CONVENTIONAL,2019-08-07,2034-08-07,293697.00,367121.25,4.835,240,TX,REFINANCE,B+,19,HIGH,CURRENT,0,Wells Fargo,2021-08-17,2021-08-19,INCOMPLETE,SERVICING_SYS
L000467,B3809,VA,2016-10-06,2046-10-06,573843.00,538848.11,8.254,360,SD,CASH_OUT,D,21,MEDIUM,CURRENT,0,Bank of America,2022-11-10,2022-11-15,COMPLETE,MANUAL_ENTRY
L000468,B7264,FHA,2017-02-17,2047-02-17,555550.00,191044.63,5.521,360,IA,PURCHASE,A+,24,LOW,CURRENT,0,Bank of America,2027-06-10,2027-06-17,COMPLETE,ORIGINATION_SYS
L000469,B4348,CONVENTIONAL,2023-11-26,2038-11-26,112833.00,43938.42,3.928,360,NH,CASH_OUT,C,4,HIGH,CURRENT,0,Bank of America,2026-04-01,2026-04-21,INCOMPLETE,ORIGINATION_SYS
L000470,B6615,FHA,2021-09-06,2041-09-06,729525.00,604237.73,3.735,180,TX,PURCHASE,B+,22,MEDIUM,DEFAULT,207,US Bank,2031-04-06,2031-05-03,COMPLETE,SERVICING_SYS
L000471,B1853,FHA,2014-02-12,2034-02-12,710374.00,0.00,8.13,180,PA,CASH_OUT,B,7,LOW,PAID_OFF,0,Quicken Loans,2014-12-25,2015-01-17,COMPLETE,ORIGINATION_SYS
L000472,B4299,VA,2014-06-07,2029-06-07,494613.00,205107.64,7.675,240,MS,REFINANCE,D,5,VERY_HIGH,CURRENT,0,Quicken Loans,2017-09-17,2017-09-30,COMPLETE,MANUAL_ENTRY
L000473,B5918,FHA,2019-09-21,2034-09-21,555414.00,173776.38,5.817,180,NJ,REFINANCE,D,9,VERY_HIGH,CURRENT,0,US Bank,2029-05-19,2029-06-07,COMPLETE,SERVICING_SYS
L000474,B9203,VA,2013-01-24,2043-01-24,542053.00,677566.25,5.449,240,WV,REFINANCE,D,15,HIGH,PAID_OFF,0,PNC Bank,2013-03-12,2013-03-30,COMPLETE,ORIGINATION_SYS
L000475,B6711,JUMBO,2012-10-16,2032-10-16,643083.00,260793.02,6.31,240,TN,REFINANCE,D,23,MEDIUM,DEFAULT,220,JPMorgan Chase,2021-07-10,2021-07-25,COMPLETE,SERVICING_SYS
L000476,B3414,VA,2010-08-20,2040-08-20,748011.00,538169.08,3.984,360,HI,PURCHASE,A,24,LOW,CURRENT,0,PNC Bank,2015-10-28,2015-11-19,MISSING,SERVICING_SYS
L000477,B5143,VA,2023-02-23,2038-02-23,593725.00,0.00,5.504,360,MO,CASH_OUT,C,23,VERY_HIGH,PAID_OFF,0,Freedom Mortgage,2025-02-01,2025-03-01,MISSING,ORIGINATION_SYS
L000478,B4432,JUMBO,2012-06-14,2042-06-14,650426.00,523494.86,6.694,180,NY,PURCHASE,A,2,VERY_HIGH,CURRENT,0,US Bank,2014-02-18,2014-03-03,COMPLETE,MANUAL_ENTRY
L000479,B2806,JUMBO,2019-09-01,2034-09-01,234970.00,127711.69,5.903,180,AR,CASH_OUT,B,25,MEDIUM,DELINQUENT,42,Bank of America,2025-03-15,2025-04-12,INCOMPLETE,SERVICING_SYS
L000480,B6605,CONVENTIONAL,2012-06-13,2042-06-13,224195.00,78888.92,6.014,240,WI,PURCHASE,A,1,HIGH,CURRENT,0,Freedom Mortgage,2013-12-05,2014-01-04,COMPLETE,MANUAL_ENTRY
L000481,B5355,JUMBO,2010-12-09,2025-12-09,271321.00,173514.52,5.339,240,MI,REFINANCE,B+,28,HIGH,CURRENT,0,Bank of America,2017-10-12,2017-11-07,COMPLETE,SERVICING_SYS
L000482,B1050,JUMBO,2018-12-09,2038-12-09,690479.00,232834.35,7.723,240,FL,PURCHASE,A+,3,HIGH,CURRENT,0,PNC Bank,2022-09-21,2022-10-15,INCOMPLETE,SERVICING_SYS
L000483,B6278,CONVENTIONAL,2020-02-20,2050-02-20,740881.00,641161.75,6.303,180,WV,REFINANCE,B+,14,MEDIUM,CURRENT,0,US Bank,2027-08-16,2027-08-31,COMPLETE,MANUAL_ENTRY
L000484,B2645,JUMBO,2011-10-29,2031-10-29,498702.00,0.00,4.263,180,ND,CASH_OUT,B+,16,LOW,PAID_OFF,0,JPMorgan Chase,2017-03-31,2017-04-15,INCOMPLETE,SERVICING_SYS
L000485,B4946,FHA,2022-04-23,2042-04-23,226216.00,0.00,3.77,360,CT,REFINANCE,B+,0,MEDIUM,CLOSED,0,Bank of America,2027-10-18,2027-11-15,COMPLETE,SERVICING_SYS
L000486,B3224,JUMBO,2014-12-11,2044-12-11,320143.00,0.00,3.043,360,IA,CASH_OUT,A+,2,HIGH,CLOSED,0,Quicken Loans,2022-07-18,2022-08-16,COMPLETE,MANUAL_ENTRY
L000487,B4662,VA,2018-07-24,2048-07-24,723292.00,0.00,3.194,180,MI,CASH_OUT,A+,29,MEDIUM,CLOSED,0,PNC Bank,2023-07-17,2023-08-16,COMPLETE,SERVICING_SYS
L000488,B4110,JUMBO,2012-11-09,2032-11-09,448663.00,302845.71,8.379,240,UT,PURCHASE,A+,21,MEDIUM,CURRENT,0,Wells Fargo,2013-08-19,2013-08-31,COMPLETE,SERVICING_SYS
L000489,B5643,FHA,2017-02-01,2032-02-01,361242.00,304957.18,6.982,360,MA,REFINANCE,A+,22,LOW,CURRENT,0,Bank of America,2022-04-12,2022-05-09,COMPLETE,SERVICING_SYS
L000490,B4450,FHA,2014-11-03,2034-11-03,355654.00,269475.95,6.702,180,WY,PURCHASE,D,23,VERY_HIGH,CURRENT,0,Bank of America,2024-01-03,2024-01-29,COMPLETE,ORIGINATION_SYS
L000491,B2176,VA,2010-06-26,2040-06-26,461341.00,239582.04,4.194,180,OK,REFINANCE,A,4,HIGH,DELINQUENT,52,Freedom Mortgage,2019-01-23,2019-02-17,COMPLETE,ORIGINATION_SYS
L000492,B3372,FHA,2016-10-26,2036-10-26,736433.00,299287.41,3.809,360,TN,PURCHASE,C,23,LOW,CURRENT,0,PNC Bank,2024-09-14,2024-10-09,MISSING,ORIGINATION_SYS
L000493,B1859,CONVENTIONAL,2018-06-12,2038-06-12,226394.00,204182.59,8.382,360,NV,PURCHASE,B+,23,VERY_HIGH,CURRENT,0,JPMorgan Chase,2023-11-03,2023-11-04,COMPLETE,SERVICING_SYS
L000494,B2468,JUMBO,2020-12-16,2040-12-16,675114.00,621416.10,7.689,360,SD,CASH_OUT,D,11,LOW,DELINQUENT,54,Wells Fargo,2029-09-27,2029-09-30,COMPLETE,SERVICING_SYS
L000495,B2549,FHA,2021-06-07,2036-06-07,74145.00,0.00,4.804,360,MD,CASH_OUT,B,3,HIGH,CLOSED,0,Wells Fargo,2026-11-22,2026-12-14,MISSING,MANUAL_ENTRY
L000496,B9004,CONVENTIONAL,2014-02-23,2034-02-23,70705.00,0.00,5.613,360,DC,CASH_OUT,A,24,MEDIUM,PAID_OFF,0,PNC Bank,2023-01-06,2023-02-03,COMPLETE,MANUAL_ENTRY
L000497,B4378,FHA,2014-01-14,2029-01-14,631667.00,373126.56,3.027,240,AZ,PURCHASE,A,16,HIGH,CURRENT,0,Bank of America,2014-07-23,2014-08-22,COMPLETE,SERVICING_SYS
L000498,B9750,JUMBO,2010-01-01,2025-01-01,365201.00,0.00,3.339,240,ND,REFINANCE,A+,17,MEDIUM,PAID_OFF,0,PNC Bank,2020-03-24,2020-03-27,COMPLETE,ORIGINATION_SYS
L000499,B4539,VA,2015-04-27,2030-04-27,247209.00,0.00,4.164,360,CA,CASH_OUT,C,8,VERY_HIGH,PAID_OFF,0,PNC Bank,2017-10-24,2017-11-21,COMPLETE,SERVICING_SYS
L000500,B5413,FHA,2011-11-14,2031-11-14,496004.00,451923.91,6.787,360,NC,CASH_OUT,B,13,MEDIUM,CURRENT,0,Bank of America,2014-03-27,2014-04-21,COMPLETE,ORIGINATION_SYS
L000501,B2080,VA,2023-07-16,2038-07-16,131290.00,62439.08,6.341,240,WY,REFINANCE,B,27,MEDIUM,CURRENT,0,Bank of America,2031-04-16,2031-04-16,COMPLETE,ORIGINATION_SYS
L000502,B9021,CONVENTIONAL,2018-06-29,2033-06-29,179502.00,74354.29,5.674,360,ME,CASH_OUT,C,19,LOW,DELINQUENT,49,Wells Fargo,2025-03-05,2025-03-10,COMPLETE,SERVICING_SYS
L000503,B3090,VA,2014-01-20,2034-01-20,607509.00,0.00,2.557,360,TX,PURCHASE,B,12,HIGH,PAID_OFF,0,Wells Fargo,2018-08-26,2018-09-24,COMPLETE,SERVICING_SYS
L000504,B8678,VA,2015-08-03,2045-08-03,688271.00,393593.58,4.155,240,VA,PURCHASE,C,20,LOW,CURRENT,0,Bank of America,2020-08-03,2020-08-16,INCOMPLETE,ORIGINATION_SYS
L000505,B5683,JUMBO,2011-10-14,2026-10-14,301696.00,275799.48,7.35,180,NV,CASH_OUT,A+,29,MEDIUM,CURRENT,0,Quicken Loans,2012-07-05,2012-07-20,COMPLETE,MANUAL_ENTRY
L000506,B7962,VA,2021-12-10,2051-12-10,180748.00,101861.70,3.965,360,ND,CASH_OUT,A+,1,VERY_HIGH,DELINQUENT,88,JPMorgan Chase,2031-05-07,2031-05-28,MISSING,MANUAL_ENTRY
L000507,B7925,JUMBO,2015-01-18,2030-01-18,128771.00,69353.89,4.775,240,MI,CASH_OUT,B,26,LOW,CURRENT,0,Bank of America,2019-02-03,2019-02-12,COMPLETE,SERVICING_SYS
L000508,B9446,CONVENTIONAL,2014-10-12,2029-10-12,711836.00,476750.21,8.112,360,AR,REFINANCE,A,19,VERY_HIGH,CURRENT,0,Bank of America,2018-04-12,2018-04-21,COMPLETE,ORIGINATION_SYS
L000509,B2388,FHA,2017-11-04,2047-11-04,245200.00,137641.61,4.964,240,XX,CASH_OUT,C,7,VERY_HIGH,CURRENT,0,Quicken Loans,2022-10-03,2022-10-14,COMPLETE,SERVICING_SYS
L000510,B3291,VA,2014-02-01,2044-02-01,332572.00,123268.39,6.983,180,VA,PURCHASE,A,6,HIGH,CURRENT,0,Wells Fargo,2023-08-01,2023-08-05,COMPLETE,MANUAL_ENTRY
L000511,B5354,CONVENTIONAL,2017-06-06,2032-06-06,218099.00,0.00,5.027,360,UT,CASH_OUT,B,10,VERY_HIGH,PAID_OFF,0,US Bank,2028-04-09,2028-05-02,MISSING,SERVICING_SYS
L000512,B4874,CONVENTIONAL,2012-12-12,2027-12-12,163119.00,132984.95,6.57,240,RI,CASH_OUT,A,13,VERY_HIGH,CURRENT,0,Bank of America,2016-11-20,2016-11-29,COMPLETE,SERVICING_SYS
L000513,B5317,FHA,2015-07-23,2045-07-23,209903.00,162467.35,6.498,240,VA,PURCHASE,B+,23,MEDIUM,CURRENT,0,JPMorgan Chase,2018-10-16,2018-11-12,COMPLETE,MANUAL_ENTRY
L000514,B7984,CONVENTIONAL,2013-05-03,2028-05-03,176312.00,68055.07,6.199,180,MO,REFINANCE,A+,9,MEDIUM,CURRENT,0,JPMorgan Chase,2015-07-29,2015-08-08,COMPLETE,ORIGINATION_SYS
L000515,B6751,JUMBO,2021-06-08,2041-06-08,725149.00,241892.35,3.982,180,AL,PURCHASE,B+,23,HIGH,CURRENT,0,JPMorgan Chase,2025-08-05,2025-08-14,COMPLETE,MANUAL_ENTRY
L000516,B2587,CONVENTIONAL,2012-04-05,2032-04-05,243818.00,113124.48,6.598,180,WV,REFINANCE,B+,24,HIGH,CURRENT,0,JPMorgan Chase,2016-02-03,2016-02-23,COMPLETE,MANUAL_ENTRY
L000517,B4120,FHA,2018-08-13,2033-08-13,161532.00,62160.02,6.728,180,OH,CASH_OUT,C,9,VERY_HIGH,DELINQUENT,37,Freedom Mortgage,2019-02-27,2019-03-05,COMPLETE,ORIGINATION_SYS
L000518,B6690,VA,2010-12-25,2025-12-25,251019.00,143542.24,5.191,360,NV,PURCHASE,D,13,LOW,DELINQUENT,87,JPMorgan Chase,2020-11-24,2020-12-13,COMPLETE,ORIGINATION_SYS
L000519,B7512,JUMBO,2016-06-30,2031-06-30,643677.00,0.00,6.608,360,HI,REFINANCE,A+,12,VERY_HIGH,CLOSED,0,Quicken Loans,2018-09-17,2018-10-06,COMPLETE,ORIGINATION_SYS
L000520,B8461,VA,2010-01-30,2025-01-30,649678.00,286881.58,4.32,180,LA,CASH_OUT,A,5,MEDIUM,DELINQUENT,86,Wells Fargo,2020-07-29,2020-08-15,COMPLETE,ORIGINATION_SYS
L000521,B2903,CONVENTIONAL,2013-04-28,2033-04-28,189430.00,90127.51,6.392,360,MS,REFINANCE,A,30,HIGH,DEFAULT,217,PNC Bank,2022-08-21,2022-08-25,COMPLETE,MANUAL_ENTRY
L000522,B5582,FHA,2016-08-12,2036-08-12,110045.00,77787.61,4.036,180,WY,CASH_OUT,A,23,VERY_HIGH,CURRENT,0,PNC Bank,2020-09-06,2020-09-14,INCOMPLETE,MANUAL_ENTRY
L000523,B7479,FHA,2023-07-22,2053-07-22,266173.00,221176.61,5.176,360,MS,PURCHASE,D,2,VERY_HIGH,CURRENT,0,JPMorgan Chase,2026-08-25,2026-09-08,COMPLETE,ORIGINATION_SYS
L000524,B3669,FHA,2014-03-28,2044-03-28,564345.00,515349.01,7.405,360,CA,PURCHASE,A,13,MEDIUM,PENDING,0,Quicken Loans,2017-06-25,2017-07-24,COMPLETE,SERVICING_SYS
L000525,B7291,CONVENTIONAL,2012-04-01,2042-04-01,602367.00,234464.93,3.16,180,TN,PURCHASE,B,7,LOW,DEFAULT,96,Bank of America,2019-02-05,2019-02-09,MISSING,MANUAL_ENTRY
L000526,B4314,FHA,2010-04-21,2025-04-21,161504.00,0.00,5.383,360,HI,REFINANCE,C,15,MEDIUM,PAID_OFF,0,JPMorgan Chase,2019-12-12,2019-12-13,COMPLETE,SERVICING_SYS
L000527,B7804,FHA,2022-03-12,2037-03-12,72238.00,60405.50,2.507,180,XX,REFINANCE,D,4,HIGH,CURRENT,0,PNC Bank,2025-08-08,2025-08-17,COMPLETE,MANUAL_ENTRY
L000528,B5617,VA,2018-08-18,2048-08-18,167869.00,0.00,2.958,240,CO,PURCHASE,A+,4,MEDIUM,CLOSED,0,Quicken Loans,2021-03-24,2021-04-09,COMPLETE,ORIGINATION_SYS
L000529,B5441,JUMBO,2019-07-16,2034-07-16,749686.00,559756.40,6.47,240,VA,PURCHASE,A,27,MEDIUM,DELINQUENT,48,Freedom Mortgage,2023-07-11,2023-07-31,COMPLETE,ORIGINATION_SYS
L000530,B5562,FHA,2018-10-05,2038-10-05,551672.00,457624.25,3.043,180,MO,REFINANCE,C,15,VERY_HIGH,CURRENT,0,Quicken Loans,2023-08-20,2023-09-11,MISSING,MANUAL_ENTRY
L000531,B9745,JUMBO,2017-06-24,2032-06-24,735720.00,661444.05,5.695,180,PA,CASH_OUT,D,16,MEDIUM,CURRENT,0,PNC Bank,2023-09-21,2023-09-23,COMPLETE,ORIGINATION_SYS
L000532,B6723,VA,2014-07-24,2029-07-24,430002.00,0.00,7.593,180,GA,CASH_OUT,D,7,MEDIUM,CLOSED,0,Freedom Mortgage,2024-12-20,2024-12-27,COMPLETE,ORIGINATION_SYS
L000533,B1886,CONVENTIONAL,2012-08-18,2042-08-18,200026.00,109084.08,6.476,180,RI,PURCHASE,A,4,HIGH,CURRENT,0,JPMorgan Chase,2023-07-14,2023-07-16,COMPLETE,ORIGINATION_SYS
L000534,B5907,JUMBO,2022-10-07,2042-10-07,206989.00,165078.18,4.969,240,TN,CASH_OUT,A,9,LOW,CURRENT,0,JPMorgan Chase,2024-06-01,2024-06-02,INCOMPLETE,ORIGINATION_SYS
L000535,B8443,VA,2023-07-21,2038-07-21,577743.00,233539.15,8.015,360,IA,REFINANCE,B,8,LOW,CURRENT,0,US Bank,2028-05-20,2028-06-01,MISSING,ORIGINATION_SYS
L000536,B2264,JUMBO,2014-10-02,2034-10-02,699114.00,235180.51,5.364,360,MO,PURCHASE,A,25,HIGH,CURRENT,0,PNC Bank,2024-01-21,2024-02-03,COMPLETE,ORIGINATION_SYS
L000537,B3666,CONVENTIONAL,2012-05-05,2027-05-05,430320.00,0.00,2.892,360,XX,REFINANCE,B,17,MEDIUM,PAID_OFF,0,PNC Bank,2012-09-26,2012-10-25,COMPLETE,SERVICING_SYS
L000538,B6154,CONVENTIONAL,2011-11-28,2041-11-28,642232.00,0.00,8.161,180,WI,REFINANCE,D,16,MEDIUM,CLOSED,0,Bank of America,2017-05-31,2017-06-24,COMPLETE,SERVICING_SYS
L000539,B3460,CONVENTIONAL,2012-11-27,2042-11-27,152110.00,0.00,6.023,240,AZ,REFINANCE,B,4,VERY_HIGH,PAID_OFF,0,Wells Fargo,2018-08-20,2018-09-17,COMPLETE,MANUAL_ENTRY
L000540,B9573,VA,2015-03-13,2030-03-13,735999.00,288188.29,5.185,180,MS,CASH_OUT,D,1,VERY_HIGH,DELINQUENT,62,JPMorgan Chase,2021-01-24,2021-01-30,MISSING,MANUAL_ENTRY
L000541,B6071,CONVENTIONAL,2011-09-07,2026-09-07,644438.00,805547.50,5.493,240,ME,PURCHASE,A,8,HIGH,CURRENT,0,Bank of America,2020-10-15,2020-10-17,COMPLETE,MANUAL_ENTRY
L000542,B3031,JUMBO,2020-05-02,2040-05-02,546250.00,511297.89,2.738,240,SC,CASH_OUT,B,14,HIGH,DEFAULT,316,US Bank,2027-09-16,2027-10-13,COMPLETE,SERVICING_SYS
L000543,B1699,CONVENTIONAL,2018-05-20,2033-05-20,483265.00,303907.27,6.946,180,OK,PURCHASE,B,27,LOW,CURRENT,0,Bank of America,2028-04-13,2028-04-25,COMPLETE,SERVICING_SYS
L000544,B9767,JUMBO,2011-08-21,2026-08-21,457081.00,396839.22,3.155,180,MT,REFINANCE,B,12,HIGH,DELINQUENT,52,Wells Fargo,2016-12-10,2016-12-20,COMPLETE,MANUAL_ENTRY
L000545,B8699,FHA,2020-11-27,2035-11-27,549352.00,205629.15,6.341,240,RI,REFINANCE,A,29,HIGH,CURRENT,0,Freedom Mortgage,2027-02-06,2027-02-19,MISSING,ORIGINATION_SYS
L000546,B2369,FHA,2011-03-20,2026-03-20,74057.00,68074.62,2.916,240,VA,REFINANCE,D,16,MEDIUM,DELINQUENT,47,PNC Bank,2014-02-14,2014-03-14,COMPLETE,ORIGINATION_SYS
L000547,B7866,JUMBO,2012-01-28,2032-01-28,408633.00,378470.88,5.353,360,VT,REFINANCE,C,29,VERY_HIGH,CURRENT,0,Freedom Mortgage,2014-05-20,2014-05-20,COMPLETE,MANUAL_ENTRY
L000548,B6185,CONVENTIONAL,2014-06-15,2029-06-15,656590.00,460094.31,3.403,240,NY,REFINANCE,A,25,VERY_HIGH,CURRENT,0,Bank of America,2023-10-09,2023-10-25,COMPLETE,SERVICING_SYS
L000549,B4074,JUMBO,2012-10-26,2042-10-26,521155.00,372779.91,6.679,180,IN,REFINANCE,B,30,MEDIUM,CURRENT,0,PNC Bank,2013-04-23,2013-05-11,MISSING,SERVICING_SYS
L000550,B9177,JUMBO,2018-02-28,2033-02-28,366611.00,323653.61,4.984,240,OH,REFINANCE,A+,24,HIGH,CURRENT,0,Wells Fargo,2027-12-22,2028-01-20,COMPLETE,SERVICING_SYS
L000551,B8167,VA,2018-05-15,2033-05-15,629604.00,432336.27,6.713,180,CT,PURCHASE,B+,0,VERY_HIGH,CURRENT,0,Wells Fargo,2022-09-23,2022-10-08,COMPLETE,MANUAL_ENTRY
L000552,B7891,FHA,2022-03-21,2037-03-21,714299.00,420484.38,3.837,240,DE,PURCHASE,D,30,LOW,CURRENT,0,Bank of America,2022-08-31,2022-09-30,INCOMPLETE,SERVICING_SYS
L000553,B5384,VA,2019-04-06,2049-04-06,465035.00,141809.33,4.344,240,AL,REFINANCE,A,0,LOW,CURRENT,0,JPMorgan Chase,2021-11-08,2021-12-03,COMPLETE,MANUAL_ENTRY
L000554,B7412,FHA,2023-06-16,2043-06-16,401367.00,164868.31,6.198,240,OR,REFINANCE,B,30,VERY_HIGH,CURRENT,0,PNC Bank,2028-05-11,2028-05-16,COMPLETE,SERVICING_SYS
L000555,B7422,VA,2021-08-08,2036-08-08,508648.00,228957.81,7.524,180,IN,PURCHASE,A,0,VERY_HIGH,DELINQUENT,38,Wells Fargo,2027-05-04,2027-05-24,INCOMPLETE,ORIGINATION_SYS
L000556,B3138,JUMBO,2010-08-16,2040-08-16,620081.00,557072.31,6.307,240,TN,PURCHASE,C,6,MEDIUM,CURRENT,45,PNC Bank,2014-12-29,2015-01-22,INCOMPLETE,SERVICING_SYS
L000557,B2694,CONVENTIONAL,2015-11-04,2045-11-04,104262.00,0.00,5.255,360,GA,REFINANCE,C,28,MEDIUM,CURRENT,45,Wells Fargo,2022-12-16,2022-12-18,COMPLETE,SERVICING_SYS
L000558,B2250,FHA,2014-08-31,2034-08-31,155561.00,96319.33,6.624,240,SD,REFINANCE,B,5,HIGH,CURRENT,0,Wells Fargo,2015-07-28,2015-08-25,COMPLETE,MANUAL_ENTRY
L000559,B9953,CONVENTIONAL,2023-08-10,2038-08-10,172900.00,0.00,3.45,360,DE,PURCHASE,A+,0,LOW,CLOSED,0,US Bank,2029-02-11,2029-02-27,INCOMPLETE,ORIGINATION_SYS
L000560,B3073,VA,2018-03-09,2033-03-09,277496.00,88569.36,4.142,180,MN,CASH_OUT,A+,20,HIGH,CURRENT,0,Quicken Loans,2019-03-15,2019-04-07,INCOMPLETE,SERVICING_SYS
L000561,B5605,JUMBO,2021-07-01,2041-07-01,252432.00,116765.08,3.117,360,DC,PURCHASE,B+,15,VERY_HIGH,CURRENT,0,Quicken Loans,2031-01-25,2031-02-07,COMPLETE,SERVICING_SYS
L000562,B2052,JUMBO,2017-02-24,2047-02-24,162783.00,113092.22,3.503,180,KY,CASH_OUT,D,9,HIGH,CURRENT,0,Quicken Loans,2023-08-05,2023-08-05,COMPLETE,SERVICING_SYS
L000563,B6151,CONVENTIONAL,2019-08-19,2034-08-19,425122.00,195325.19,2.558,360,XX,REFINANCE,B,14,HIGH,CURRENT,0,JPMorgan Chase,2023-11-18,2023-12-05,COMPLETE,SERVICING_SYS
L000564,B2225,JUMBO,2023-07-01,2038-07-01,602874.00,266079.18,6.593,240,MA,PURCHASE,B,1,VERY_HIGH,CURRENT,0,Quicken Loans,2031-08-11,2031-08-12,MISSING,SERVICING_SYS
L000565,B1348,VA,2012-09-03,2027-09-03,524779.00,215810.55,2.607,360,NJ,REFINANCE,B,26,VERY_HIGH,CURRENT,0,Wells Fargo,2017-01-18,2017-02-15,COMPLETE,MANUAL_ENTRY
L000566,B5931,VA,2010-11-17,2030-11-17,726096.00,225508.71,4.403,240,OK,REFINANCE,D,19,LOW,CURRENT,0,Quicken Loans,2020-04-07,2020-04-16,COMPLETE,SERVICING_SYS
L000567,B1783,CONVENTIONAL,2021-01-24,2051-01-24,177310.00,0.00,3.332,240,WA,REFINANCE,B,5,LOW,CURRENT,45,JPMorgan Chase,2022-04-19,2022-05-12,MISSING,SERVICING_SYS
L000568,B2229,VA,2022-01-21,2037-01-21,105040.00,49242.44,4.476,360,MO,REFINANCE,B+,5,MEDIUM,DEFAULT,146,US Bank,2022-09-04,2022-09-18,COMPLETE,SERVICING_SYS
L000569,B8830,JUMBO,2013-04-27,2043-04-27,483370.00,345120.08,8.358,240,NM,PURCHASE,A,8,HIGH,DELINQUENT,63,PNC Bank,2019-04-27,2019-04-29,COMPLETE,ORIGINATION_SYS
L000570,B4541,JUMBO,2014-08-14,2044-08-14,131806.00,164757.50,7.411,180,MI,PURCHASE,A+,24,HIGH,CURRENT,0,Freedom Mortgage,2017-01-30,2017-03-01,COMPLETE,SERVICING_SYS
L000571,B8412,FHA,2013-06-15,2043-06-15,160793.00,143778.11,7.18,180,NV,PURCHASE,B+,9,LOW,CURRENT,0,JPMorgan Chase,2017-08-12,2017-08-26,INCOMPLETE,MANUAL_ENTRY
L000572,B9698,JUMBO,2012-06-21,2027-06-21,67393.00,59384.27,4.612,180,CO,REFINANCE,D,6,MEDIUM,CURRENT,0,Quicken Loans,2012-11-15,2012-12-01,COMPLETE,SERVICING_SYS
L000573,B7923,FHA,2011-03-12,2031-03-12,335830.00,181468.24,4.264,240,LA,CASH_OUT,A+,15,VERY_HIGH,CURRENT,0,Wells Fargo,2015-07-25,2015-08-15,COMPLETE,ORIGINATION_SYS
L000574,B9718,CONVENTIONAL,2012-06-28,2027-06-28,170783.00,57133.67,4.153,360,MT,REFINANCE,D,3,MEDIUM,CURRENT,0,PNC Bank,2015-07-23,2015-08-18,INCOMPLETE,SERVICING_SYS
L000575,B5718,CONVENTIONAL,2021-02-08,2036-02-08,229337.00,185928.77,3.065,360,SC,REFINANCE,B+,9,MEDIUM,CURRENT,0,JPMorgan Chase,2024-06-01,2024-06-11,COMPLETE,ORIGINATION_SYS
L000576,B1341,FHA,2014-03-15,2034-03-15,527328.00,206813.76,8.346,180,WI,PURCHASE,A+,11,VERY_HIGH,CURRENT,0,US Bank,2019-08-09,2019-08-09,COMPLETE,ORIGINATION_SYS
L000577,B9606,FHA,2020-08-07,2035-08-07,97371.00,81042.10,7.03,180,WV,REFINANCE,D,15,HIGH,CURRENT,0,US Bank,2023-12-10,2023-12-18,COMPLETE,SERVICING_SYS
L000578,B8935,CONVENTIONAL,2018-03-04,2038-03-04,64219.00,53817.91,4.12,360,AK,PURCHASE,D,27,MEDIUM,CURRENT,0,PNC Bank,2021-12-29,2022-01-02,COMPLETE,ORIGINATION_SYS
L000579,B2768,VA,2015-06-25,2045-06-25,501643.00,267688.22,7.763,360,NH,CASH_OUT,B,8,HIGH,DELINQUENT,42,Bank of America,2025-11-19,2025-12-01,COMPLETE,SERVICING_SYS
L000580,B8455,VA,2016-12-08,2031-12-08,93096.00,62996.75,4.23,180,UT,PURCHASE,D,21,MEDIUM,DELINQUENT,83,US Bank,2023-11-20,2023-12-20,COMPLETE,MANUAL_ENTRY
L000581,B5636,CONVENTIONAL,2013-08-25,2033-08-25,560472.00,273156.66,2.819,240,XX,REFINANCE,B+,26,LOW,DEFAULT,97,Wells Fargo,2026-01-17,2026-01-25,COMPLETE,SERVICING_SYS
L000582,B4223,JUMBO,2021-04-05,2051-04-05,637988.00,255689.04,6.011,180,AZ,REFINANCE,C,7,VERY_HIGH,CURRENT,0,Quicken Loans,2024-05-17,2024-05-29,MISSING,ORIGINATION_SYS
L000583,B3280,FHA,2015-11-11,2035-11-11,676040.00,339357.39,4.0,240,MD,REFINANCE,A,9,VERY_HIGH,CURRENT,0,US Bank,2023-07-22,2023-07-27,COMPLETE,SERVICING_SYS
L000584,B6858,JUMBO,2012-02-26,2027-02-26,602150.00,353604.08,4.625,240,NE,REFINANCE,A,29,LOW,CURRENT,0,Freedom Mortgage,2022-09-20,2022-10-03,COMPLETE,ORIGINATION_SYS
L000585,B5806,CONVENTIONAL,2023-10-19,2043-10-19,304432.00,206164.26,7.032,240,TX,PURCHASE,D,25,VERY_HIGH,CURRENT,0,Freedom Mortgage,2030-11-04,2030-11-05,COMPLETE,SERVICING_SYS
L000586,B1997,CONVENTIONAL,2012-05-26,2032-05-26,673210.00,244583.51,6.943,360,VA,PURCHASE,B+,6,MEDIUM,CURRENT,0,US Bank,2017-11-18,2017-12-11,MISSING,ORIGINATION_SYS
L000587,B1105,JUMBO,2015-01-06,2045-01-06,720740.00,615487.60,6.242,180,AL,PURCHASE,A+,28,LOW,CURRENT,0,US Bank,2018-08-01,2018-08-04,COMPLETE,ORIGINATION_SYS
L000588,B8925,FHA,2020-08-16,2035-08-16,580374.00,341538.68,7.422,360,SC,CASH_OUT,D,27,LOW,CURRENT,0,Quicken Loans,2022-01-26,2022-01-30,COMPLETE,ORIGINATION_SYS
L000589,B8801,JUMBO,2013-03-06,2043-03-06,739402.00,337495.04,4.24,360,PA,REFINANCE,C,21,HIGH,CURRENT,0,Quicken Loans,2021-02-07,2021-02-19,COMPLETE,ORIGINATION_SYS
L000590,B1180,VA,2020-05-28,2040-05-28,495469.00,196358.45,2.705,360,SC,REFINANCE,A,29,HIGH,CURRENT,0,JPMorgan Chase,2021-11-01,2021-11-15,INCOMPLETE,SERVICING_SYS
L000591,B9602,JUMBO,2016-03-18,2031-03-18,216004.00,0.00,5.578,180,MN,CASH_OUT,B+,18,HIGH,PAID_OFF,0,Quicken Loans,2021-12-08,2021-12-30,INCOMPLETE,ORIGINATION_SYS
L000592,B7168,JUMBO,2016-03-30,2046-03-30,367645.00,330976.09,6.135,180,NC,CASH_OUT,A+,8,MEDIUM,CURRENT,0,PNC Bank,2025-09-26,2025-10-06,COMPLETE,MANUAL_ENTRY
L000593,B3607,FHA,2017-10-22,2047-10-22,697469.00,585473.66,3.079,180,UT,REFINANCE,C,24,MEDIUM,CURRENT,0,Freedom Mortgage,2018-03-21,2018-04-15,MISSING,ORIGINATION_SYS
L000594,B5103,CONVENTIONAL,2012-05-13,2027-05-13,452740.00,358243.66,2.725,360,WI,REFINANCE,A+,20,LOW,CURRENT,0,JPMorgan Chase,2013-03-02,2013-03-12,COMPLETE,SERVICING_SYS
L000595,B5687,FHA,2018-06-21,2033-06-21,718357.00,483423.21,3.707,180,ND,PURCHASE,A,18,LOW,CURRENT,0,PNC Bank,2021-05-20,2021-06-19,COMPLETE,ORIGINATION_SYS
L000596,B6582,FHA,2010-09-30,2025-09-30,55490.00,29615.83,6.594,360,NY,PURCHASE,B,18,VERY_HIGH,CURRENT,0,US Bank,2016-12-15,2016-12-26,COMPLETE,MANUAL_ENTRY
L000597,B3083,VA,2013-02-03,2028-02-03,510197.00,294833.99,3.105,240,RI,CASH_OUT,C,0,MEDIUM,CURRENT,0,Freedom Mortgage,2013-12-20,2014-01-19,COMPLETE,SERVICING_SYS
L000598,B9755,FHA,2018-10-04,2048-10-04,425290.00,0.00,7.619,360,MT,CASH_OUT,A,17,LOW,PAID_OFF,0,US Bank,2029-09-11,2029-09-26,MISSING,SERVICING_SYS
L000599,B3282,FHA,2010-09-03,2025-09-03,404466.00,232128.58,5.783,360,WI,CASH_OUT,A,7,VERY_HIGH,CURRENT,0,Wells Fargo,2020-09-17,2020-10-12,MISSING,MANUAL_ENTRY
L000600,B8844,FHA,2010-10-17,2030-10-17,124200.00,113946.06,4.123,180,NY,CASH_OUT,B,20,HIGH,CURRENT,0,Quicken Loans,2017-09-28,2017-10-13,COMPLETE,ORIGINATION_SYS
L000601,B7215,CONVENTIONAL,2010-06-25,2025-06-25,77633.00,0.00,5.815,180,MO,CASH_OUT,B,13,VERY_HIGH,PAID_OFF,0,US Bank,2016-07-21,2016-07-25,COMPLETE,ORIGINATION_SYS
L000602,B2507,CONVENTIONAL,2023-10-23,2043-10-23,418877.00,178387.01,3.863,360,DC,CASH_OUT,A+,1,LOW,CURRENT,0,Freedom Mortgage,2024-07-16,2024-08-08,COMPLETE,ORIGINATION_SYS
L000603,B5001,VA,2011-09-20,2026-09-20,182871.00,106990.75,3.278,240,DE,CASH_OUT,A,2,HIGH,CURRENT,0,US Bank,2015-04-28,2015-05-04,COMPLETE,MANUAL_ENTRY
L000604,B5001,VA,2018-01-03,2033-01-03,515087.00,0.00,4.413,360,AR,REFINANCE,D,22,VERY_HIGH,PAID_OFF,0,Bank of America,2026-11-02,2026-11-04,COMPLETE,ORIGINATION_SYS
L000605,B3325,CONVENTIONAL,2021-09-07,2036-09-07,369751.00,289234.25,8.367,360,WI,REFINANCE,A,0,VERY_HIGH,CURRENT,0,Freedom Mortgage,2025-12-10,2025-12-11,COMPLETE,MANUAL_ENTRY
L000606,B7268,JUMBO,2018-08-14,2038-08-14,138597.00,0.00,5.164,180,ID,CASH_OUT,D,17,LOW,PAID_OFF,0,PNC Bank,2023-01-02,2023-01-11,COMPLETE,SERVICING_SYS
L000607,B4547,CONVENTIONAL,2010-08-01,2040-08-01,402550.00,0.00,4.546,360,NV,CASH_OUT,B+,24,LOW,PAID_OFF,0,Freedom Mortgage,2019-10-01,2019-10-04,COMPLETE,MANUAL_ENTRY
L000608,B7247,JUMBO,2016-06-12,2046-06-12,536017.00,308473.90,6.974,180,AL,REFINANCE,B+,30,HIGH,DELINQUENT,79,Wells Fargo,2022-05-07,2022-05-14,INCOMPLETE,SERVICING_SYS
L000609,B1202,CONVENTIONAL,2017-07-28,2047-07-28,463769.00,150768.54,4.341,360,KY,PURCHASE,D,14,LOW,CURRENT,0,Quicken Loans,2020-08-31,2020-08-31,COMPLETE,SERVICING_SYS
L000610,B6145,CONVENTIONAL,2020-10-08,2050-10-08,633646.00,279816.57,5.143,240,LA,REFINANCE,D,4,MEDIUM,CURRENT,0,PNC Bank,2031-05-19,2031-05-24,COMPLETE,MANUAL_ENTRY
L000611,B6199,CONVENTIONAL,2011-02-11,2026-02-11,170005.00,123337.02,5.82,180,VA,REFINANCE,C,0,HIGH,CURRENT,0,US Bank,2016-11-16,2016-12-08,COMPLETE,ORIGINATION_SYS
L000612,B6337,VA,2017-11-04,2032-11-04,131242.00,82618.11,7.475,360,TN,REFINANCE,C,4,LOW,CURRENT,0,Bank of America,2018-10-17,2018-11-05,INCOMPLETE,SERVICING_SYS
L000613,B7034,CONVENTIONAL,2019-02-26,2049-02-26,442917.00,15000.00,4.245,180,AK,PURCHASE,A+,6,HIGH,CLOSED,0,US Bank,2026-03-18,2026-04-09,INCOMPLETE,MANUAL_ENTRY
L000614,B3458,JUMBO,2023-01-16,2053-01-16,410765.00,15000.00,7.076,360,CA,PURCHASE,A+,16,VERY_HIGH,CLOSED,0,US Bank,2029-08-28,2029-09-20,COMPLETE,MANUAL_ENTRY
L000615,B5801,FHA,2011-02-26,2041-02-26,545273.00,397219.68,4.472,240,MA,CASH_OUT,A,22,MEDIUM,CURRENT,0,Quicken Loans,2014-10-16,2014-11-08,MISSING,SERVICING_SYS
L000616,B4774,JUMBO,2018-02-12,2033-02-12,419082.00,278394.97,7.218,180,FL,CASH_OUT,B,24,VERY_HIGH,CURRENT,0,PNC Bank,2022-04-05,2022-04-23,COMPLETE,MANUAL_ENTRY
L000617,B3431,JUMBO,2015-11-03,2035-11-03,408163.00,205713.67,6.296,180,NJ,PURCHASE,B,3,VERY_HIGH,CURRENT,0,Bank of America,2020-08-22,2020-09-15,COMPLETE,SERVICING_SYS
L000618,B3168,JUMBO,2012-04-07,2027-04-07,85730.00,72185.35,7.926,240,VT,CASH_OUT,B,22,HIGH,CURRENT,0,Wells Fargo,2014-03-21,2014-03-31,INCOMPLETE,SERVICING_SYS
L000619,B8354,JUMBO,2023-04-08,2053-04-08,696582.00,257771.33,6.285,360,ME,REFINANCE,B+,4,MEDIUM,DELINQUENT,34,PNC Bank,2031-08-19,2031-09-12,COMPLETE,MANUAL_ENTRY
L000620,B6250,JUMBO,2011-11-18,2026-11-18,58161.00,39887.37,3.56,360,WY,PURCHASE,B,9,VERY_HIGH,CURRENT,0,Bank of America,2019-03-30,2019-03-31,COMPLETE,MANUAL_ENTRY
L000621,B3346,CONVENTIONAL,2023-01-02,2053-01-02,497416.00,241454.27,7.384,360,WA,PURCHASE,D,16,HIGH,CURRENT,0,US Bank,2031-07-30,2031-08-27,COMPLETE,ORIGINATION_SYS
L000622,B3774,VA,2017-10-16,2037-10-16,223636.00,84323.79,8.135,240,WI,PURCHASE,B,21,HIGH,CURRENT,0,JPMorgan Chase,2022-10-17,2022-10-20,COMPLETE,MANUAL_ENTRY
L000623,B4197,CONVENTIONAL,2013-10-15,2028-10-15,677459.00,0.00,5.43,180,ME,CASH_OUT,D,23,VERY_HIGH,CLOSED,0,US Bank,2019-12-04,2019-12-08,INCOMPLETE,SERVICING_SYS
L000624,B3241,VA,2012-06-16,2042-06-16,175766.00,103502.15,6.89,180,CO,CASH_OUT,B,23,LOW,CURRENT,0,Bank of America,2015-06-28,2015-07-03,COMPLETE,SERVICING_SYS
L000625,B1628,JUMBO,2020-03-03,2050-03-03,587756.00,433089.75,3.103,360,MA,PURCHASE,A+,21,LOW,CURRENT,0,PNC Bank,2027-12-19,2028-01-08,COMPLETE,ORIGINATION_SYS
L000626,B4065,JUMBO,2023-02-25,2043-02-25,280906.00,207217.60,4.196,180,CO,CASH_OUT,B+,23,MEDIUM,CURRENT,0,Wells Fargo,2024-12-06,2024-12-19,COMPLETE,MANUAL_ENTRY
L000627,B4845,VA,2023-09-17,2038-09-17,236767.00,77003.32,5.405,360,MD,PURCHASE,C,21,VERY_HIGH,DELINQUENT,69,Quicken Loans,2028-01-21,2028-02-15,COMPLETE,MANUAL_ENTRY
L000628,B5706,JUMBO,2018-01-04,2048-01-04,554322.00,272738.17,8.316,240,NV,PURCHASE,B,14,HIGH,CURRENT,0,PNC Bank,2028-11-21,2028-11-24,COMPLETE,SERVICING_SYS
L000629,B4524,JUMBO,2012-11-15,2032-11-15,562936.00,388813.26,2.865,240,MA,REFINANCE,D,25,VERY_HIGH,DELINQUENT,31,Quicken Loans,2016-03-20,2016-04-01,COMPLETE,ORIGINATION_SYS
L000630,B4625,FHA,2016-01-08,2036-01-08,279583.00,0.00,5.716,360,SC,CASH_OUT,C,4,LOW,PAID_OFF,0,PNC Bank,2019-07-24,2019-07-24,INCOMPLETE,ORIGINATION_SYS
L000631,B4251,FHA,2017-06-23,2037-06-23,629751.00,214903.86,7.529,240,IA,REFINANCE,B,29,HIGH,CURRENT,0,Bank of America,2019-12-02,2019-12-15,COMPLETE,MANUAL_ENTRY
L000632,B8944,CONVENTIONAL,2015-07-31,2030-07-31,87827.00,74614.59,3.442,240,XX,CASH_OUT,B+,7,LOW,DEFAULT,359,Bank of America,2016-10-22,2016-11-14,COMPLETE,SERVICING_SYS
L000633,B7805,CONVENTIONAL,2018-12-27,2033-12-27,333114.00,286574.44,2.588,360,GA,PURCHASE,B+,18,VERY_HIGH,CURRENT,0,JPMorgan Chase,2024-09-22,2024-10-18,COMPLETE,SERVICING_SYS
L000634,B5329,JUMBO,2017-04-05,2037-04-05,587243.00,459966.41,4.759,240,NE,CASH_OUT,C,15,HIGH,CURRENT,0,PNC Bank,2022-06-27,2022-07-14,COMPLETE,SERVICING_SYS
L000635,B1407,JUMBO,2010-05-22,2030-05-22,462766.00,425026.18,7.127,240,OR,PURCHASE,B+,9,HIGH,DEFAULT,145,JPMorgan Chase,2015-07-17,2015-08-11,COMPLETE,ORIGINATION_SYS
L000636,B3315,JUMBO,2012-02-21,2042-02-21,227477.00,0.00,6.199,240,OR,PURCHASE,A,24,VERY_HIGH,PAID_OFF,0,Bank of America,2018-11-16,2018-11-29,COMPLETE,SERVICING_SYS
L000637,B4427,JUMBO,2013-05-18,2028-05-18,-387057.00,289459.97,5.774,240,KS,REFINANCE,D,22,VERY_HIGH,CURRENT,0,US Bank,2023-03-26,2023-04-12,INCOMPLETE,MANUAL_ENTRY
L000638,B9518,CONVENTIONAL,2011-10-30,2026-10-30,496380.00,620475.00,3.497,240,DE,PURCHASE,D,15,MEDIUM,CURRENT,0,PNC Bank,2020-05-25,2020-06-19,COMPLETE,ORIGINATION_SYS
L000639,B5441,VA,2022-04-09,2042-04-09,468807.00,143463.40,6.191,240,HI,PURCHASE,C,16,MEDIUM,CURRENT,0,Freedom Mortgage,2025-08-26,2025-09-14,MISSING,SERVICING_SYS
L000640,B3217,FHA,2021-08-25,2051-08-25,313443.00,190219.63,5.646,240,XX,REFINANCE,B,4,VERY_HIGH,CURRENT,0,Wells Fargo,2025-06-07,2025-06-07,COMPLETE,ORIGINATION_SYS
L000641,B3563,CONVENTIONAL,2014-06-21,2044-06-21,148406.00,96393.48,4.603,360,MN,CASH_OUT,A,29,MEDIUM,CURRENT,0,Bank of America,2015-03-28,2015-04-06,INCOMPLETE,SERVICING_SYS
L000642,B4319,CONVENTIONAL,2023-02-09,2053-02-09,370602.00,199653.90,6.056,180,LA,PURCHASE,C,18,LOW,DEFAULT,220,JPMorgan Chase,2029-06-25,2029-07-20,COMPLETE,MANUAL_ENTRY
L000643,B8756,FHA,2018-08-04,2038-08-04,653618.00,524061.86,3.509,180,CO,CASH_OUT,B,4,MEDIUM,CURRENT,0,Quicken Loans,2021-10-12,2021-11-08,COMPLETE,ORIGINATION_SYS
L000644,B9198,CONVENTIONAL,2011-03-04,2026-03-04,586561.00,483738.24,3.945,240,MO,CASH_OUT,D,11,HIGH,CURRENT,0,Freedom Mortgage,2016-07-17,2016-08-02,COMPLETE,ORIGINATION_SYS
L000645,B8163,JUMBO,2023-07-31,2038-07-31,224185.00,0.00,5.441,240,OK,REFINANCE,B+,11,MEDIUM,PAID_OFF,0,Wells Fargo,2031-08-21,2031-09-17,COMPLETE,SERVICING_SYS
L000646,B7266,VA,2017-10-05,2047-10-05,494677.00,217141.92,3.574,360,IL,REFINANCE,C,16,MEDIUM,CURRENT,0,Wells Fargo,2028-03-01,2028-03-19,COMPLETE,ORIGINATION_SYS
L000647,B8843,JUMBO,2018-04-10,2038-04-10,577217.00,518927.65,2.764,360,LA,CASH_OUT,A,18,LOW,DELINQUENT,32,Freedom Mortgage,2025-08-12,2025-09-03,MISSING,MANUAL_ENTRY
L000648,B2702,CONVENTIONAL,2020-03-12,2040-03-12,232212.00,0.00,4.717,360,GA,CASH_OUT,B+,5,MEDIUM,PAID_OFF,0,Wells Fargo,2028-09-10,2028-09-23,INCOMPLETE,ORIGINATION_SYS
L000649,B4181,CONVENTIONAL,2011-04-05,2031-04-05,718444.00,547371.04,4.496,360,MA,CASH_OUT,B,28,HIGH,CURRENT,0,US Bank,2020-12-16,2020-12-16,MISSING,SERVICING_SYS
L000650,B5368,CONVENTIONAL,2019-05-04,2049-05-04,114470.00,0.00,3.536,180,IL,CASH_OUT,A+,13,MEDIUM,PAID_OFF,0,PNC Bank,2025-01-16,2025-02-08,INCOMPLETE,ORIGINATION_SYS
L000651,B2410,JUMBO,2016-12-24,2036-12-24,637789.00,336717.58,3.029,180,CO,PURCHASE,C,18,LOW,CURRENT,0,Freedom Mortgage,2023-06-08,2023-06-13,INCOMPLETE,ORIGINATION_SYS
L000652,B4130,FHA,2018-05-27,2038-05-27,135222.00,0.00,4.363,240,ID,REFINANCE,B,18,HIGH,PAID_OFF,0,Quicken Loans,2021-12-07,2021-12-14,INCOMPLETE,SERVICING_SYS
L000653,B6957,VA,2014-06-21,2029-06-21,359258.00,168341.17,7.134,360,SD,CASH_OUT,B,1,VERY_HIGH,CURRENT,0,JPMorgan Chase,2015-08-03,2015-08-20,COMPLETE,MANUAL_ENTRY
L000654,B9253,VA,2019-09-25,2039-09-25,727388.00,601615.64,3.045,180,NJ,REFINANCE,A,29,LOW,DEFAULT,196,US Bank,2023-08-26,2023-09-16,COMPLETE,SERVICING_SYS
L000655,B1554,VA,2013-02-19,2033-02-19,665326.00,339279.08,6.708,360,AL,PURCHASE,D,15,HIGH,CURRENT,0,Bank of America,2020-08-07,2020-08-27,MISSING,ORIGINATION_SYS
L000656,B8478,JUMBO,2018-01-11,2038-01-11,220651.00,133151.14,6.886,240,KY,CASH_OUT,C,19,HIGH,CURRENT,0,Quicken Loans,2018-05-10,2018-05-31,COMPLETE,ORIGINATION_SYS
L000657,B9391,FHA,2015-04-04,2045-04-04,163094.00,93557.39,8.034,360,ND,PURCHASE,A+,24,MEDIUM,CURRENT,45,JPMorgan Chase,2021-12-27,2022-01-17,COMPLETE,ORIGINATION_SYS
L000658,B3416,FHA,2012-01-11,2032-01-11,198332.00,162824.28,7.798,240,ID,PURCHASE,B,13,LOW,CURRENT,0,PNC Bank,2013-12-18,2013-12-25,COMPLETE,MANUAL_ENTRY
L000659,B4481,JUMBO,2018-05-24,2033-05-24,550531.00,222174.70,6.511,240,WI,PURCHASE,D,4,HIGH,CURRENT,0,Freedom Mortgage,2024-08-22,2024-09-20,COMPLETE,SERVICING_SYS
L000660,B1440,FHA,2016-05-08,2046-05-08,495217.00,340714.38,7.814,180,MS,REFINANCE,C,16,LOW,CURRENT,0,US Bank,2020-04-27,2020-05-16,INCOMPLETE,ORIGINATION_SYS
L000661,B7292,FHA,2015-02-28,2030-02-28,574235.00,242431.02,5.054,240,UT,REFINANCE,A,8,VERY_HIGH,CURRENT,0,JPMorgan Chase,2020-02-15,2020-02-20,COMPLETE,MANUAL_ENTRY
L000662,B1200,FHA,2012-05-21,2032-05-21,136654.00,71755.17,4.414,360,UT,REFINANCE,A,15,VERY_HIGH,DELINQUENT,71,Quicken Loans,2022-02-20,2022-03-16,COMPLETE,SERVICING_SYS
L000663,B7108,JUMBO,2015-10-20,2045-10-20,714920.00,0.00,6.772,360,DE,PURCHASE,D,17,VERY_HIGH,PAID_OFF,0,Freedom Mortgage,2026-01-25,2026-02-15,COMPLETE,ORIGINATION_SYS
L000664,B8454,JUMBO,2017-07-24,2047-07-24,668820.00,312736.06,2.791,240,NY,REFINANCE,C,1,HIGH,CURRENT,0,Bank of America,2024-07-14,2024-07-27,COMPLETE,SERVICING_SYS
L000665,B5877,CONVENTIONAL,2010-07-12,2040-07-12,330216.00,137427.09,6.075,240,OH,CASH_OUT,D,7,MEDIUM,CURRENT,0,Wells Fargo,2010-10-21,2010-11-07,COMPLETE,MANUAL_ENTRY
L000666,B4999,JUMBO,2013-03-30,2043-03-30,567420.00,329225.80,2.744,240,GA,CASH_OUT,B+,20,LOW,CURRENT,0,Quicken Loans,2024-03-22,2024-04-07,MISSING,ORIGINATION_SYS
L000667,B2298,JUMBO,2017-07-30,2047-07-30,366655.00,210696.26,8.291,180,MD,CASH_OUT,A+,17,MEDIUM,CURRENT,0,PNC Bank,2028-04-25,2028-05-20,COMPLETE,MANUAL_ENTRY
L000668,B1749,JUMBO,2020-08-10,2035-08-10,508170.00,243215.95,7.958,360,AL,REFINANCE,B,0,VERY_HIGH,DELINQUENT,41,PNC Bank,2023-10-17,2023-10-21,COMPLETE,SERVICING_SYS
L000669,B2044,VA,2023-06-09,2053-06-09,383614.00,139307.89,6.869,360,PA,REFINANCE,B+,19,HIGH,CURRENT,0,US Bank,2031-06-21,2031-07-03,COMPLETE,MANUAL_ENTRY
L000670,B9175,FHA,2010-04-13,2030-04-13,407140.00,0.00,5.693,180,KY,REFINANCE,A,21,LOW,PAID_OFF,0,PNC Bank,2012-01-24,2012-02-08,COMPLETE,SERVICING_SYS
L000671,B8657,CONVENTIONAL,2011-11-12,2026-11-12,605317.00,326855.71,3.435,360,MN,CASH_OUT,D,13,LOW,CURRENT,0,Freedom Mortgage,2015-06-25,2015-07-04,COMPLETE,SERVICING_SYS
L000672,B4576,FHA,2015-04-07,2035-04-07,613706.00,236647.06,8.453,360,HI,CASH_OUT,D,17,VERY_HIGH,DELINQUENT,84,Bank of America,2016-09-23,2016-10-17,COMPLETE,MANUAL_ENTRY
L000673,B6206,JUMBO,2016-04-03,2036-04-03,430816.00,305741.15,3.851,240,NJ,REFINANCE,D,5,MEDIUM,DELINQUENT,73,Quicken Loans,2027-02-08,2027-02-17,COMPLETE,SERVICING_SYS
L000674,B7852,JUMBO,2020-05-29,2050-05-29,230638.00,171635.88,3.633,180,FL,CASH_OUT,A+,16,LOW,CURRENT,0,US Bank,2026-12-30,2027-01-17,COMPLETE,ORIGINATION_SYS
L000675,B1372,JUMBO,2017-04-16,2047-04-16,312081.00,127390.92,5.812,180,HI,REFINANCE,C,23,MEDIUM,DELINQUENT,73,JPMorgan Chase,2018-05-23,2018-06-07,MISSING,ORIGINATION_SYS
L000676,B5014,JUMBO,2017-03-28,2032-03-28,357213.00,122212.69,8.438,180,NC,CASH_OUT,A,25,HIGH,CURRENT,0,Freedom Mortgage,2023-10-18,2023-11-16,MISSING,ORIGINATION_SYS
L000677,B9515,JUMBO,2020-05-14,2050-05-14,123234.00,37521.57,7.673,180,KY,CASH_OUT,A+,3,LOW,CURRENT,0,Quicken Loans,2028-01-15,2028-01-30,INCOMPLETE,ORIGINATION_SYS
L000678,B8021,CONVENTIONAL,2016-07-27,2036-07-27,91844.00,49246.08,3.122,240,PA,PURCHASE,B+,5,HIGH,DELINQUENT,62,Quicken Loans,2023-09-16,2023-10-07,COMPLETE,ORIGINATION_SYS
L000679,B9053,FHA,2020-10-28,2035-10-28,327356.00,118873.34,7.042,240,NH,REFINANCE,D,22,HIGH,DELINQUENT,34,US Bank,2026-01-16,2026-01-24,COMPLETE,ORIGINATION_SYS
L000680,B5771,VA,2013-04-27,2043-04-27,352441.00,0.00,8.169,180,MD,REFINANCE,B+,14,HIGH,PAID_OFF,0,JPMorgan Chase,2019-09-21,2019-10-14,INCOMPLETE,ORIGINATION_SYS
L000681,B4467,VA,2013-04-15,2043-04-15,356533.00,306064.31,3.39,180,WA,CASH_OUT,B+,27,VERY_HIGH,CURRENT,45,Quicken Loans,2015-12-04,2015-12-23,MISSING,SERVICING_SYS
L000682,B3770,JUMBO,2013-06-30,2043-06-30,575436.00,290188.09,3.552,240,XX,PURCHASE,C,7,HIGH,CURRENT,0,JPMorgan Chase,2023-04-13,2023-04-20,COMPLETE,MANUAL_ENTRY
L000683,B1199,FHA,2012-09-06,2042-09-06,256508.00,136391.96,6.948,240,MT,CASH_OUT,A,30,HIGH,CURRENT,0,US Bank,2022-12-31,2023-01-02,COMPLETE,MANUAL_ENTRY
L000684,B3993,FHA,2022-01-23,2037-01-23,108693.00,64162.71,3.87,360,AZ,CASH_OUT,C,17,HIGH,CURRENT,0,Wells Fargo,2024-11-20,2024-12-13,COMPLETE,ORIGINATION_SYS
L000685,B8819,JUMBO,2012-12-21,2042-12-21,367467.00,124777.95,3.09,180,SD,PURCHASE,B,15,LOW,CURRENT,0,Quicken Loans,2019-08-15,2019-08-17,COMPLETE,ORIGINATION_SYS
L000686,B2827,JUMBO,2022-03-02,2052-03-02,275437.00,189746.06,7.164,180,SD,CASH_OUT,D,0,HIGH,CURRENT,0,Freedom Mortgage,2022-05-10,2022-05-23,COMPLETE,SERVICING_SYS
L000687,B9719,FHA,2013-12-17,2033-12-17,581935.00,357384.78,4.547,360,MD,CASH_OUT,D,3,MEDIUM,CURRENT,0,Quicken Loans,2021-04-12,2021-04-12,COMPLETE,MANUAL_ENTRY
L000688,B8261,VA,2020-07-21,2040-07-21,221055.00,92006.82,6.327,360,IL,PURCHASE,B,6,HIGH,DEFAULT,245,US Bank,2021-09-11,2021-09-20,COMPLETE,MANUAL_ENTRY
L000689,B3562,FHA,2020-08-01,2035-08-01,364637.00,329233.84,7.098,180,SC,CASH_OUT,B,10,VERY_HIGH,CURRENT,0,PNC Bank,2028-03-14,2028-04-02,INCOMPLETE,MANUAL_ENTRY
L000690,B6017,VA,2016-01-16,2031-01-16,325623.00,0.00,6.86,360,MD,REFINANCE,A+,12,VERY_HIGH,PAID_OFF,0,Wells Fargo,2019-07-12,2019-08-05,MISSING,ORIGINATION_SYS
L000691,B4313,FHA,2019-03-03,2039-03-03,727162.00,0.00,6.472,240,MS,PURCHASE,C,13,VERY_HIGH,CLOSED,0,Bank of America,2027-11-07,2027-11-24,COMPLETE,ORIGINATION_SYS
L000692,B6332,JUMBO,2014-10-28,2044-10-28,577374.00,338379.88,8.149,360,AZ,CASH_OUT,D,22,VERY_HIGH,CURRENT,0,JPMorgan Chase,2015-09-27,2015-10-05,MISSING,MANUAL_ENTRY
L000693,B5656,CONVENTIONAL,2018-05-31,2033-05-31,156367.00,52613.50,5.331,360,WY,CASH_OUT,D,26,MEDIUM,CURRENT,0,Freedom Mortgage,2024-07-11,2024-07-15,COMPLETE,MANUAL_ENTRY
L000694,B5271,VA,2014-06-27,2044-06-27,142280.00,83215.27,6.637,180,CA,CASH_OUT,B+,23,HIGH,CURRENT,0,Freedom Mortgage,2020-09-11,2020-09-22,MISSING,SERVICING_SYS
L000695,B5243,VA,2014-10-26,2029-10-26,386873.00,233830.75,6.122,180,TN,REFINANCE,D,12,VERY_HIGH,CURRENT,0,Freedom Mortgage,2018-08-20,2018-08-21,INCOMPLETE,ORIGINATION_SYS
L000696,B6358,JUMBO,2021-06-28,2041-06-28,66988.00,0.00,4.196,240,WV,PURCHASE,A+,2,LOW,CLOSED,0,US Bank,2032-05-02,2032-05-07,INCOMPLETE,ORIGINATION_SYS
L000697,B8060,VA,2022-11-15,2042-11-15,689664.00,498360.24,5.294,360,MI,PURCHASE,B,20,HIGH,CURRENT,0,Quicken Loans,2023-10-10,2023-10-26,INCOMPLETE,MANUAL_ENTRY
L000698,B1139,FHA,2019-09-13,2034-09-13,470967.00,317233.76,4.434,180,IA,CASH_OUT,B+,24,HIGH,CURRENT,0,US Bank,2029-01-25,2029-02-08,COMPLETE,ORIGINATION_SYS
L000699,B1429,CONVENTIONAL,2022-11-19,2042-11-19,654877.00,261422.39,7.177,360,CA,REFINANCE,C,29,MEDIUM,DEFAULT,195,PNC Bank,2026-06-04,2026-06-10,COMPLETE,ORIGINATION_SYS
L000700,B8203,CONVENTIONAL,2019-07-08,2039-07-08,294296.00,267396.31,7.505,240,XX,CASH_OUT,B+,6,VERY_HIGH,CURRENT,45,Wells Fargo,2023-08-01,2023-08-15,COMPLETE,ORIGINATION_SYS
L000701,B9462,CONVENTIONAL,2014-08-12,2034-08-12,668887.00,554791.35,3.477,180,NY,CASH_OUT,A+,11,HIGH,CURRENT,0,Quicken Loans,2016-08-28,2016-09-03,COMPLETE,ORIGINATION_SYS
L000702,B7226,JUMBO,2021-05-15,2041-05-15,551197.00,688996.25,4.902,180,MD,PURCHASE,D,30,HIGH,CURRENT,0,JPMorgan Chase,2026-07-29,2026-08-20,COMPLETE,MANUAL_ENTRY
L000703,B1743,FHA,2018-09-28,2038-09-28,66619.00,61179.62,7.584,180,FL,CASH_OUT,B,4,VERY_HIGH,CURRENT,0,Freedom Mortgage,2026-01-30,2026-01-31,COMPLETE,ORIGINATION_SYS
L000704,B9496,FHA,2016-07-28,2036-07-28,697553.00,397374.77,6.952,360,DE,PURCHASE,A,15,MEDIUM,CURRENT,0,Bank of America,2018-08-03,2018-08-15,COMPLETE,SERVICING_SYS
L000705,B3364,JUMBO,2023-12-13,2043-12-13,79861.00,64617.51,2.779,240,WA,CASH_OUT,B,5,LOW,CURRENT,0,Wells Fargo,2033-12-30,2034-01-10,INCOMPLETE,ORIGINATION_SYS
L000706,B9793,JUMBO,2019-06-02,2034-06-02,167871.00,156065.43,3.306,360,AL,REFINANCE,D,15,HIGH,CURRENT,0,JPMorgan Chase,2024-02-26,2024-03-07,COMPLETE,SERVICING_SYS
L000707,B4593,FHA,2023-10-06,2053-10-06,151080.00,92243.92,7.333,180,CO,CASH_OUT,A,22,VERY_HIGH,DELINQUENT,84,Bank of America,2030-04-01,2030-04-29,COMPLETE,ORIGINATION_SYS
L000708,B9518,VA,2015-01-28,2035-01-28,243595.00,188669.12,7.059,180,MS,CASH_OUT,B,18,LOW,CURRENT,0,PNC Bank,2023-02-15,2023-03-15,INCOMPLETE,MANUAL_ENTRY
L000709,B7500,VA,2011-01-29,2026-01-29,241021.00,74549.99,2.57,240,MN,PURCHASE,B+,27,VERY_HIGH,DELINQUENT,83,Quicken Loans,2020-01-27,2020-02-02,COMPLETE,SERVICING_SYS
L000710,B4052,VA,2022-03-30,2042-03-30,173542.00,136095.85,4.546,240,NJ,CASH_OUT,A,21,HIGH,DELINQUENT,62,Freedom Mortgage,2032-09-07,2032-09-23,COMPLETE,SERVICING_SYS
L000711,B2820,CONVENTIONAL,2019-07-27,2049-07-27,76648.00,71059.58,5.803,240,MN,REFINANCE,D,13,LOW,CURRENT,0,Freedom Mortgage,2022-03-13,2022-03-29,COMPLETE,MANUAL_ENTRY
L000712,B3486,CONVENTIONAL,2014-05-16,2029-05-16,282634.00,227334.51,7.302,240,VT,CASH_OUT,B,11,MEDIUM,CURRENT,0,Wells Fargo,2022-10-20,2022-11-10,COMPLETE,MANUAL_ENTRY
L000713,B5561,CONVENTIONAL,2023-11-13,2038-11-13,209437.00,0.00,8.254,240,ND,REFINANCE,D,14,HIGH,CLOSED,0,JPMorgan Chase,2028-09-13,2028-10-06,MISSING,ORIGINATION_SYS
L000714,B2094,CONVENTIONAL,2011-09-06,2031-09-06,632753.00,464616.68,7.031,180,HI,PURCHASE,D,25,MEDIUM,CURRENT,0,PNC Bank,2019-12-27,2020-01-09,COMPLETE,ORIGINATION_SYS
L000715,B3022,FHA,2015-07-30,2035-07-30,123957.00,0.00,3.735,180,WI,REFINANCE,A,20,LOW,PAID_OFF,0,US Bank,2017-03-26,2017-04-04,COMPLETE,MANUAL_ENTRY
L000716,B8444,FHA,2023-06-04,2043-06-04,293459.00,214012.00,2.922,360,LA,PURCHASE,D,26,HIGH,CURRENT,0,Wells Fargo,2024-11-26,2024-12-16,COMPLETE,MANUAL_ENTRY
L000717,B6940,FHA,2013-10-11,2043-10-11,560975.00,444852.44,7.716,360,VT,REFINANCE,D,1,LOW,CURRENT,0,Freedom Mortgage,2015-01-06,2015-01-30,COMPLETE,MANUAL_ENTRY
L000718,B6843,CONVENTIONAL,2016-03-09,2036-03-09,721366.00,454522.12,2.578,360,KS,CASH_OUT,D,7,VERY_HIGH,CURRENT,0,PNC Bank,2025-08-24,2025-09-01,COMPLETE,MANUAL_ENTRY
L000719,B7268,CONVENTIONAL,2020-12-10,2050-12-10,686108.00,579293.21,6.11,360,TN,PURCHASE,A+,3,LOW,CURRENT,0,Freedom Mortgage,2026-11-04,2026-11-11,COMPLETE,MANUAL_ENTRY
L000720,B8548,CONVENTIONAL,2023-07-18,2043-07-18,462871.00,354970.15,8.141,360,NV,CASH_OUT,A,6,MEDIUM,CURRENT,0,Wells Fargo,2030-11-18,2030-12-08,MISSING,ORIGINATION_SYS
L000721,B6636,VA,2016-07-22,2036-07-22,79752.00,0.00,8.341,180,DC,PURCHASE,C,14,HIGH,PAID_OFF,0,Freedom Mortgage,2019-06-25,2019-07-20,COMPLETE,MANUAL_ENTRY
L000722,B2456,VA,2022-04-11,2052-04-11,387516.00,302827.52,4.611,360,IA,REFINANCE,C,3,LOW,DEFAULT,178,PNC Bank,2031-10-30,2031-11-11,COMPLETE,SERVICING_SYS
L000723,B6922,FHA,2014-03-06,2034-03-06,261968.00,123659.97,8.256,240,XX,PURCHASE,A+,9,HIGH,DELINQUENT,52,Freedom Mortgage,2018-01-14,2018-01-31,COMPLETE,SERVICING_SYS
L000724,B7629,VA,2023-11-15,2053-11-15,129623.00,55621.59,3.375,240,MT,PURCHASE,D,3,HIGH,CURRENT,0,US Bank,2030-08-29,2030-09-16,MISSING,SERVICING_SYS
L000725,B4677,FHA,2015-01-16,2035-01-16,92753.00,42651.29,3.972,180,IN,PURCHASE,A,9,MEDIUM,CURRENT,45,Wells Fargo,2018-03-12,2018-04-08,COMPLETE,SERVICING_SYS
L000726,B7547,JUMBO,2019-04-19,2049-04-19,628002.00,595937.59,6.981,360,MS,REFINANCE,D,11,HIGH,CURRENT,0,JPMorgan Chase,2021-06-19,2021-06-29,COMPLETE,ORIGINATION_SYS
L000727,B9314,JUMBO,2013-01-06,2033-01-06,308888.00,252396.12,5.712,180,RI,PURCHASE,B+,11,MEDIUM,CURRENT,0,Quicken Loans,2014-03-07,2014-03-15,COMPLETE,ORIGINATION_SYS
L000728,B1362,JUMBO,2020-04-28,2050-04-28,509140.00,317263.67,5.854,180,NM,CASH_OUT,B,2,HIGH,CURRENT,0,Wells Fargo,2031-02-04,2031-03-06,COMPLETE,MANUAL_ENTRY
L000729,B3184,JUMBO,2015-08-27,2045-08-27,78916.00,60279.82,3.791,240,VT,CASH_OUT,C,10,MEDIUM,CURRENT,0,US Bank,2023-08-19,2023-09-13,INCOMPLETE,SERVICING_SYS
L000730,B6871,CONVENTIONAL,2013-03-27,2043-03-27,665380.00,335616.40,7.148,180,ND,REFINANCE,B+,5,MEDIUM,CURRENT,0,JPMorgan Chase,2020-02-25,2020-03-15,INCOMPLETE,ORIGINATION_SYS
L000731,B7611,JUMBO,2014-01-24,2029-01-24,730952.00,660588.38,7.329,240,FL,REFINANCE,B,3,HIGH,DELINQUENT,51,Bank of America,2015-02-22,2015-02-27,COMPLETE,SERVICING_SYS
L000732,B2336,VA,2021-03-17,2036-03-17,243531.00,114296.07,5.21,180,AK,CASH_OUT,A,17,LOW,CURRENT,0,PNC Bank,2025-03-24,2025-04-04,COMPLETE,ORIGINATION_SYS
L000733,B7141,CONVENTIONAL,2021-11-13,2036-11-13,54887.00,28127.33,8.234,180,NY,PURCHASE,A+,6,HIGH,CURRENT,0,Wells Fargo,2030-12-02,2030-12-29,COMPLETE,ORIGINATION_SYS
L000734,B3908,FHA,2023-06-14,2043-06-14,651866.00,270526.60,7.386,240,AZ,CASH_OUT,A,25,HIGH,CURRENT,0,Bank of America,2033-01-07,2033-01-10,COMPLETE,ORIGINATION_SYS
L000735,B6527,JUMBO,2023-03-28,2053-03-28,225516.00,199615.46,8.072,360,DC,REFINANCE,A,21,LOW,CURRENT,0,Bank of America,2030-01-31,2030-02-07,COMPLETE,ORIGINATION_SYS
L000736,B2618,CONVENTIONAL,2021-01-03,2036-01-03,473923.00,154988.82,6.481,240,OR,CASH_OUT,B+,17,VERY_HIGH,CURRENT,0,Freedom Mortgage,2031-06-02,2031-06-19,COMPLETE,SERVICING_SYS
L000737,B8129,JUMBO,2017-03-09,2032-03-09,519661.00,413800.70,2.994,180,MA,CASH_OUT,D,19,VERY_HIGH,CURRENT,0,Bank of America,2024-04-16,2024-05-01,MISSING,SERVICING_SYS
L000738,B9893,FHA,2011-03-28,2041-03-28,93654.00,39545.52,6.346,360,AK,PURCHASE,C,12,MEDIUM,CURRENT,0,Bank of America,2021-04-28,2021-05-28,COMPLETE,MANUAL_ENTRY
L000739,B1732,FHA,2019-09-24,2049-09-24,583069.00,373508.10,3.092,180,VA,REFINANCE,A,22,MEDIUM,CURRENT,0,Quicken Loans,2023-12-20,2023-12-26,COMPLETE,MANUAL_ENTRY
,B4938,VA,2010-05-08,2025-05-08,450019.00,195271.97,8.406,240,MS,REFINANCE,A,4,MEDIUM,DELINQUENT,89,US Bank,2013-09-08,2013-09-15,COMPLETE,SERVICING_SYS
L000741,B5466,JUMBO,2019-06-26,2049-06-26,648254.00,0.00,6.642,240,MO,REFINANCE,B,26,VERY_HIGH,PAID_OFF,0,Bank of America,2023-01-14,2023-02-02,COMPLETE,MANUAL_ENTRY
L000742,B3603,JUMBO,2018-11-14,2033-11-14,520945.00,199926.90,2.899,360,WV,REFINANCE,B+,22,VERY_HIGH,DELINQUENT,34,Bank of America,2026-02-06,2026-02-23,COMPLETE,MANUAL_ENTRY
L000743,B9158,FHA,2015-11-13,2030-11-13,175200.00,0.00,3.263,180,CT,PURCHASE,B,1,VERY_HIGH,PAID_OFF,0,JPMorgan Chase,2018-03-19,2018-03-21,INCOMPLETE,ORIGINATION_SYS
L000744,B9251,FHA,2015-06-04,2035-06-04,695210.00,376168.56,7.111,360,OR,PURCHASE,B,10,HIGH,DELINQUENT,58,JPMorgan Chase,2022-03-14,2022-03-25,COMPLETE,MANUAL_ENTRY
L000745,B4184,VA,2011-04-08,2031-04-08,448494.00,179179.36,6.448,240,XX,REFINANCE,A,26,MEDIUM,CURRENT,0,US Bank,2012-01-23,2012-02-08,COMPLETE,ORIGINATION_SYS
L000746,B3783,VA,2013-03-20,2043-03-20,382979.00,129011.66,4.722,180,UT,PURCHASE,A,12,LOW,DELINQUENT,56,US Bank,2019-02-08,2019-02-09,INCOMPLETE,MANUAL_ENTRY
L000747,B8805,JUMBO,2012-09-07,2027-09-07,708806.00,228857.08,4.195,360,WV,PURCHASE,B+,15,HIGH,CURRENT,0,Bank of America,2012-12-27,2013-01-16,COMPLETE,ORIGINATION_SYS
L000748,B7364,VA,2020-03-09,2050-03-09,427629.00,190506.96,7.792,240,NV,REFINANCE,B,1,VERY_HIGH,CURRENT,0,Quicken Loans,2028-06-19,2028-07-11,INCOMPLETE,ORIGINATION_SYS
L000749,B8546,JUMBO,2019-01-09,2034-01-09,706932.00,0.00,5.163,240,MI,REFINANCE,B+,12,MEDIUM,PAID_OFF,0,PNC Bank,2023-10-29,2023-11-14,COMPLETE,ORIGINATION_SYS
L000750,B8591,JUMBO,2014-04-14,2044-04-14,254054.00,232765.10,4.749,240,GA,REFINANCE,A,17,VERY_HIGH,DELINQUENT,80,Bank of America,2021-04-21,2021-05-19,INCOMPLETE,MANUAL_ENTRY
L000751,B9478,JUMBO,2019-03-31,2034-03-31,259096.00,114304.29,3.582,240,XX,PURCHASE,D,18,MEDIUM,CURRENT,0,Bank of America,2021-01-30,2021-02-22,COMPLETE,ORIGINATION_SYS
L000752,B3139,JUMBO,2019-01-06,2049-01-06,257418.00,102437.98,4.397,360,SD,PURCHASE,B+,3,LOW,CURRENT,0,Wells Fargo,2021-11-07,2021-11-07,COMPLETE,ORIGINATION_SYS
L000753,B4489,VA,2017-06-08,2032-06-08,378512.00,342748.57,7.544,240,MA,CASH_OUT,D,15,HIGH,CURRENT,0,PNC Bank,2025-11-08,2025-11-13,COMPLETE,ORIGINATION_SYS
L000754,B3593,JUMBO,2022-08-08,2037-08-08,209401.00,85041.28,6.699,240,KS,PURCHASE,B+,30,MEDIUM,CURRENT,0,Quicken Loans,2032-11-21,2032-11-24,INCOMPLETE,ORIGINATION_SYS
L000755,B3979,JUMBO,2018-07-18,2038-07-18,447798.00,273144.25,7.864,240,OR,REFINANCE,C,2,HIGH,DEFAULT,275,Wells Fargo,2029-01-24,2029-01-29,COMPLETE,SERVICING_SYS
L000756,B5789,CONVENTIONAL,2018-10-30,2033-10-30,166362.00,157275.79,4.628,240,XX,CASH_OUT,D,5,HIGH,DEFAULT,190,Freedom Mortgage,2029-09-10,2029-09-18,COMPLETE,SERVICING_SYS
L000757,B6023,VA,2021-09-03,2036-09-03,563392.00,285678.57,5.194,240,LA,CASH_OUT,B+,14,LOW,CURRENT,0,Bank of America,2029-01-13,2029-01-30,COMPLETE,MANUAL_ENTRY
L000758,B7363,CONVENTIONAL,2010-03-29,2040-03-29,651518.00,203591.49,6.672,240,MI,REFINANCE,A+,27,VERY_HIGH,CURRENT,0,Quicken Loans,2020-06-18,2020-07-10,COMPLETE,SERVICING_SYS
L000759,B2389,VA,2015-11-13,2045-11-13,252273.00,155839.07,7.669,180,XX,PURCHASE,A,7,LOW,CURRENT,0,JPMorgan Chase,2026-03-11,2026-03-22,COMPLETE,MANUAL_ENTRY
L000760,B2153,FHA,2015-04-26,2030-04-26,129074.00,39531.42,5.997,240,MI,CASH_OUT,A,19,LOW,CURRENT,0,Wells Fargo,2024-06-12,2024-07-04,COMPLETE,MANUAL_ENTRY
L000761,B4818,FHA,2011-10-27,2026-10-27,146158.00,112083.51,2.8,180,SD,CASH_OUT,B,15,MEDIUM,CURRENT,0,PNC Bank,2016-10-03,2016-10-18,COMPLETE,ORIGINATION_SYS
L000762,B2303,FHA,2020-07-10,2040-07-10,670559.00,578193.08,8.345,240,OH,CASH_OUT,B,22,LOW,CURRENT,0,PNC Bank,2022-09-05,2022-09-29,COMPLETE,ORIGINATION_SYS
L000763,B9301,VA,2017-03-17,2032-03-17,220313.00,0.00,3.81,240,WV,PURCHASE,A+,0,HIGH,PAID_OFF,0,Bank of America,2020-08-13,2020-09-06,COMPLETE,ORIGINATION_SYS
L000764,B2309,JUMBO,2011-05-30,2031-05-30,410944.00,364404.90,2.572,360,MA,CASH_OUT,C,22,LOW,CURRENT,0,US Bank,2019-12-19,2019-12-27,COMPLETE,SERVICING_SYS
L000765,B4117,FHA,2020-02-10,2040-02-10,553787.00,299481.48,6.023,180,NE,REFINANCE,D,10,VERY_HIGH,CURRENT,0,Quicken Loans,2025-09-04,2025-10-01,INCOMPLETE,SERVICING_SYS
L000766,B7249,FHA,2013-06-04,2028-06-04,454293.00,260190.94,4.897,180,TX,PURCHASE,B,18,MEDIUM,CURRENT,0,JPMorgan Chase,2015-01-26,2015-01-29,COMPLETE,SERVICING_SYS
L000767,B5549,FHA,2013-05-12,2033-05-12,403700.00,173002.29,3.64,360,NV,REFINANCE,B,15,LOW,CURRENT,0,Bank of America,2015-03-21,2015-04-20,COMPLETE,SERVICING_SYS
L000768,B7821,JUMBO,2020-09-10,2050-09-10,353375.00,138509.07,2.578,240,MI,CASH_OUT,C,21,VERY_HIGH,CURRENT,0,US Bank,2026-04-26,2026-04-29,COMPLETE,MANUAL_ENTRY
L000769,B8758,CONVENTIONAL,2016-04-28,2036-04-28,441490.00,0.00,2.606,240,IN,REFINANCE,B+,7,HIGH,PAID_OFF,0,PNC Bank,2020-07-19,2020-08-17,MISSING,SERVICING_SYS
L000770,B6272,FHA,2016-04-17,2046-04-17,407309.00,275012.13,6.749,360,KS,REFINANCE,A+,15,LOW,CURRENT,0,Bank of America,2018-07-22,2018-08-07,INCOMPLETE,SERVICING_SYS
L000771,B5358,CONVENTIONAL,2013-04-30,2043-04-30,387279.00,136651.39,5.197,180,LA,CASH_OUT,B,11,LOW,CURRENT,0,Quicken Loans,2020-03-02,2020-03-09,COMPLETE,ORIGINATION_SYS
L000772,B8941,VA,2017-05-04,2037-05-04,700801.00,430053.21,6.129,360,TN,PURCHASE,A+,19,LOW,CURRENT,0,Bank of America,2020-06-24,2020-07-17,COMPLETE,ORIGINATION_SYS
L000773,B1178,VA,2021-09-28,2051-09-28,346176.00,159707.33,4.066,180,AK,CASH_OUT,B+,24,VERY_HIGH,CURRENT,0,Wells Fargo,2029-09-05,2029-09-16,COMPLETE,ORIGINATION_SYS
L000774,B5481,JUMBO,2020-01-08,2050-01-08,450576.00,297795.52,4.156,360,ME,PURCHASE,A+,4,HIGH,CURRENT,0,Wells Fargo,2028-08-09,2028-08-12,COMPLETE,SERVICING_SYS
L000775,B8114,VA,2022-05-24,2042-05-24,436737.00,0.00,4.873,240,WI,PURCHASE,B+,9,HIGH,PAID_OFF,0,US Bank,2026-09-06,2026-09-30,COMPLETE,MANUAL_ENTRY
L000776,B9565,FHA,2011-04-03,2041-04-03,188272.00,0.00,8.141,180,MS,REFINANCE,C,2,VERY_HIGH,PAID_OFF,0,Bank of America,2012-11-26,2012-12-20,COMPLETE,SERVICING_SYS
L000777,B4395,JUMBO,2022-03-24,2037-03-24,600166.00,342472.36,3.454,240,AR,CASH_OUT,B+,17,LOW,DEFAULT,169,Wells Fargo,2028-06-15,2028-07-05,INCOMPLETE,ORIGINATION_SYS
L000778,B3255,VA,2020-09-26,2035-09-26,94224.00,41680.04,4.438,360,AK,CASH_OUT,C,15,LOW,CURRENT,0,PNC Bank,2022-07-13,2022-08-04,COMPLETE,MANUAL_ENTRY
L000779,B6724,CONVENTIONAL,2011-07-11,2026-07-11,259845.00,177548.09,5.989,240,HI,REFINANCE,B,4,LOW,CURRENT,0,PNC Bank,2018-02-20,2018-03-15,COMPLETE,SERVICING_SYS
L000780,B6480,FHA,2022-06-23,2042-06-23,585696.00,0.00,4.462,240,TN,REFINANCE,D,0,VERY_HIGH,PAID_OFF,0,US Bank,2031-01-06,2031-02-05,COMPLETE,MANUAL_ENTRY
L000781,B4368,FHA,2019-02-06,2034-02-06,243810.00,91002.27,7.059,360,VT,CASH_OUT,B,28,HIGH,CURRENT,0,Bank of America,2020-05-18,2020-06-01,COMPLETE,MANUAL_ENTRY
L000782,B3964,VA,2015-02-26,2045-02-26,314589.00,138709.82,3.738,360,MA,REFINANCE,D,19,MEDIUM,CURRENT,0,Quicken Loans,2015-05-17,2015-06-01,COMPLETE,SERVICING_SYS
L000783,B1183,VA,2015-07-29,2030-07-29,696311.00,257440.13,8.081,240,WA,CASH_OUT,B,3,LOW,CURRENT,0,Bank of America,2016-01-02,2016-01-08,COMPLETE,SERVICING_SYS
L000784,B2967,VA,2018-05-13,2033-05-13,343578.00,15000.00,3.351,240,IN,PURCHASE,B+,23,LOW,CLOSED,0,Quicken Loans,2027-01-31,2027-02-05,COMPLETE,ORIGINATION_SYS
L000785,B8859,CONVENTIONAL,2015-04-08,2035-04-08,657940.00,494571.57,6.889,180,MT,CASH_OUT,D,0,LOW,CURRENT,0,Quicken Loans,2015-08-08,2015-08-21,INCOMPLETE,SERVICING_SYS
L000786,B5613,JUMBO,2013-12-04,2028-12-04,654777.00,578374.52,3.716,240,XX,REFINANCE,B,7,VERY_HIGH,DELINQUENT,79,Freedom Mortgage,2023-11-01,2023-11-01,MISSING,ORIGINATION_SYS
L000787,B1774,VA,2022-08-19,2042-08-19,636095.00,584504.63,4.684,360,NM,CASH_OUT,B,11,HIGH,CURRENT,0,PNC Bank,2025-04-23,2025-05-10,COMPLETE,SERVICING_SYS
L000788,B3418,JUMBO,2017-10-11,2037-10-11,232413.00,157375.60,6.554,240,NV,PURCHASE,A+,8,MEDIUM,CURRENT,0,Bank of America,2021-10-03,2021-11-01,COMPLETE,SERVICING_SYS
L000789,B3376,VA,2020-02-10,2050-02-10,222256.00,195214.47,5.741,360,OR,PURCHASE,B,26,VERY_HIGH,CURRENT,0,Wells Fargo,2030-06-28,2030-07-24,COMPLETE,ORIGINATION_SYS
L000790,B3698,FHA,2021-03-31,2051-03-31,94017.00,59956.50,6.604,240,MA,CASH_OUT,C,17,VERY_HIGH,CURRENT,0,US Bank,2024-03-08,2024-03-29,INCOMPLETE,ORIGINATION_SYS
L000791,B8432,FHA,2022-12-10,2042-12-10,477817.00,0.00,7.506,180,DC,CASH_OUT,A,15,MEDIUM,CLOSED,0,Wells Fargo,2025-07-21,2025-08-12,MISSING,ORIGINATION_SYS
L000792,B1265,CONVENTIONAL,2019-02-09,2039-02-09,269408.00,175729.04,4.275,180,WY,CASH_OUT,A,2,HIGH,CURRENT,0,Quicken Loans,2028-04-28,2028-05-28,COMPLETE,SERVICING_SYS
L000793,B8838,CONVENTIONAL,2019-01-15,2034-01-15,676587.00,335005.33,6.575,180,MN,PURCHASE,C,22,VERY_HIGH,CURRENT,0,Freedom Mortgage,2021-06-16,2021-07-11,COMPLETE,MANUAL_ENTRY
L000794,B1447,JUMBO,2012-03-13,2032-03-13,665644.00,468047.99,2.732,240,CO,REFINANCE,C,17,LOW,CURRENT,0,Wells Fargo,2023-03-04,2023-03-11,COMPLETE,MANUAL_ENTRY
L000795,B6075,JUMBO,2012-02-10,2032-02-10,448302.00,15000.00,3.799,240,UT,PURCHASE,A+,27,LOW,CLOSED,0,US Bank,2017-06-15,2017-06-29,COMPLETE,ORIGINATION_SYS
L000796,B5148,CONVENTIONAL,2020-05-22,2040-05-22,642497.00,0.00,6.689,240,NH,REFINANCE,B,1,HIGH,PAID_OFF,0,US Bank,2027-10-20,2027-10-30,COMPLETE,MANUAL_ENTRY
L000797,B3893,JUMBO,2013-06-22,2028-06-22,258795.00,158743.57,2.763,180,UT,CASH_OUT,D,7,VERY_HIGH,CURRENT,0,Freedom Mortgage,2017-11-24,2017-12-16,MISSING,ORIGINATION_SYS
L000798,B8177,JUMBO,2012-04-11,2027-04-11,195967.00,0.00,4.7,360,VA,CASH_OUT,B+,11,LOW,CLOSED,0,Quicken Loans,2019-02-22,2019-03-09,COMPLETE,SERVICING_SYS
L000799,B6859,JUMBO,2022-07-02,2052-07-02,492766.00,169270.08,4.908,180,FL,PURCHASE,A,5,LOW,CURRENT,0,US Bank,2032-06-04,2032-06-09,COMPLETE,SERVICING_SYS
L000800,B7770,CONVENTIONAL,2022-03-31,2042-03-31,634443.00,298793.69,5.858,180,MD,PURCHASE,B+,22,VERY_HIGH,CURRENT,0,Wells Fargo,2031-03-09,2031-03-20,COMPLETE,ORIGINATION_SYS
L000801,B3245,VA,2012-07-12,2042-07-12,748258.00,353796.50,8.024,240,IL,CASH_OUT,D,15,VERY_HIGH,CURRENT,0,JPMorgan Chase,2016-01-05,2016-01-08,COMPLETE,MANUAL_ENTRY
L000802,B2114,JUMBO,2022-02-22,2037-02-22,203209.00,0.00,5.58,180,KS,CASH_OUT,D,26,HIGH,PAID_OFF,0,JPMorgan Chase,2023-11-09,2023-12-05,COMPLETE,ORIGINATION_SYS
L000803,B7122,JUMBO,2019-09-08,2034-09-08,386055.00,311704.98,5.199,180,FL,REFINANCE,A+,30,VERY_HIGH,CURRENT,0,PNC Bank,2027-04-20,2027-05-17,INCOMPLETE,ORIGINATION_SYS
L000804,B2086,CONVENTIONAL,2015-06-01,2045-06-01,596579.00,15000.00,6.727,180,AZ,REFINANCE,C,12,HIGH,CLOSED,311,Quicken Loans,2022-03-22,2022-04-11,INCOMPLETE,SERVICING_SYS
L000805,B8991,JUMBO,2016-10-22,2046-10-22,684698.00,350981.02,7.045,360,OK,CASH_OUT,A+,19,MEDIUM,CURRENT,0,Quicken Loans,2027-07-12,2027-07-22,COMPLETE,SERVICING_SYS
L000806,B5444,VA,2017-09-06,2047-09-06,592111.00,414855.66,6.067,180,MA,PURCHASE,A+,6,HIGH,CURRENT,0,Bank of America,2024-10-25,2024-10-31,INCOMPLETE,MANUAL_ENTRY
L000807,B3281,VA,2019-03-26,2039-03-26,326729.00,224967.40,3.64,360,OH,CASH_OUT,C,6,VERY_HIGH,DELINQUENT,42,US Bank,2027-12-06,2027-12-22,COMPLETE,MANUAL_ENTRY
L000808,B9142,VA,2016-07-15,2046-07-15,309026.00,134032.92,3.974,240,OR,REFINANCE,A+,10,MEDIUM,DEFAULT,262,Bank of America,2018-09-02,2018-09-21,COMPLETE,ORIGINATION_SYS
L000809,B9110,JUMBO,2018-06-12,2048-06-12,462175.00,139633.97,8.109,360,LA,CASH_OUT,A+,13,MEDIUM,CURRENT,0,Bank of America,2029-01-01,2029-01-02,MISSING,MANUAL_ENTRY
L000810,B3013,VA,2020-12-24,2050-12-24,163329.00,99571.78,7.061,180,CA,REFINANCE,A,17,HIGH,CURRENT,0,JPMorgan Chase,2022-05-27,2022-06-21,COMPLETE,MANUAL_ENTRY
L000811,B5541,VA,2019-06-30,2034-06-30,91877.00,80792.27,5.079,180,RI,CASH_OUT,C,29,HIGH,CURRENT,0,Freedom Mortgage,2019-09-08,2019-09-15,COMPLETE,MANUAL_ENTRY
L000812,B1285,FHA,2023-02-07,2043-02-07,280552.00,0.00,3.047,360,LA,REFINANCE,A,3,MEDIUM,CLOSED,0,Freedom Mortgage,2027-06-25,2027-07-08,COMPLETE,SERVICING_SYS
L000813,B6054,JUMBO,2023-09-03,2038-09-03,231973.00,207953.73,5.978,360,NH,PURCHASE,B,3,LOW,CURRENT,0,Quicken Loans,2023-10-15,2023-11-06,COMPLETE,ORIGINATION_SYS
L000814,B8154,VA,2018-08-16,2048-08-16,448629.00,141303.46,4.432,240,MO,REFINANCE,A+,6,HIGH,DEFAULT,195,JPMorgan Chase,2028-08-04,2028-08-26,COMPLETE,MANUAL_ENTRY
L000815,B5762,FHA,2018-06-21,2033-06-21,473631.00,205856.65,4.777,240,UT,CASH_OUT,B,20,LOW,CURRENT,0,Quicken Loans,2023-02-04,2023-02-26,INCOMPLETE,SERVICING_SYS
L000816,B7949,CONVENTIONAL,2022-10-28,2042-10-28,426984.00,233829.72,5.124,240,MS,REFINANCE,D,5,MEDIUM,CURRENT,0,JPMorgan Chase,2031-01-10,2031-02-06,COMPLETE,MANUAL_ENTRY
L000817,B4745,CONVENTIONAL,2023-06-09,2053-06-09,255219.00,0.00,6.743,180,VT,CASH_OUT,A,8,LOW,CLOSED,0,US Bank,2027-08-10,2027-09-08,COMPLETE,ORIGINATION_SYS
L000818,B3730,CONVENTIONAL,2016-07-29,2031-07-29,507067.00,0.00,3.891,180,OR,CASH_OUT,B+,5,HIGH,PAID_OFF,0,US Bank,2019-03-24,2019-04-08,MISSING,ORIGINATION_SYS
L000819,B3928,CONVENTIONAL,2015-04-20,2030-04-20,254876.00,176300.87,7.174,360,WA,PURCHASE,B,17,MEDIUM,CURRENT,0,JPMorgan Chase,2024-01-18,2024-02-12,COMPLETE,ORIGINATION_SYS
L000820,B1792,JUMBO,2016-02-09,2046-02-09,71724.00,0.00,3.435,180,RI,REFINANCE,A+,25,HIGH,PAID_OFF,0,Quicken Loans,2020-08-09,2020-08-16,COMPLETE,MANUAL_ENTRY
L000821,B3226,CONVENTIONAL,2012-06-19,2042-06-19,310272.00,125770.77,4.223,360,UT,REFINANCE,A+,17,VERY_HIGH,DELINQUENT,32,US Bank,2013-04-19,2013-05-03,MISSING,MANUAL_ENTRY
L000822,B7679,FHA,2017-12-09,2047-12-09,655523.00,502741.11,5.519,240,AZ,PURCHASE,A,19,HIGH,DELINQUENT,78,Freedom Mortgage,2020-11-02,2020-11-11,COMPLETE,SERVICING_SYS
L000823,B4531,JUMBO,2018-08-01,2038-08-01,364067.00,197635.67,7.15,180,PA,CASH_OUT,B,20,HIGH,CURRENT,0,Quicken Loans,2020-11-21,2020-11-28,COMPLETE,ORIGINATION_SYS
L000824,B3136,JUMBO,2019-11-06,2039-11-06,560421.00,313558.62,8.258,180,SD,PURCHASE,C,11,LOW,DELINQUENT,53,Bank of America,2029-10-28,2029-11-11,MISSING,MANUAL_ENTRY
L000825,B8855,CONVENTIONAL,2019-09-21,2034-09-21,677296.00,0.00,4.615,180,NC,PURCHASE,A,3,MEDIUM,PAID_OFF,0,PNC Bank,2025-12-27,2026-01-18,COMPLETE,ORIGINATION_SYS
L000826,B8541,VA,2010-07-22,2040-07-22,279317.00,198297.87,6.231,240,ND,CASH_OUT,A,28,VERY_HIGH,CURRENT,0,Freedom Mortgage,2015-08-31,2015-09-15,COMPLETE,MANUAL_ENTRY
L000827,B3512,JUMBO,2010-10-24,2040-10-24,624608.00,483216.67,4.481,360,WA,CASH_OUT,C,4,MEDIUM,CURRENT,0,Freedom Mortgage,2011-08-25,2011-09-23,COMPLETE,MANUAL_ENTRY
L000828,B4186,JUMBO,2018-08-11,2038-08-11,463557.00,205427.33,5.916,240,GA,REFINANCE,A+,18,HIGH,CURRENT,0,JPMorgan Chase,2018-10-29,2018-10-29,MISSING,ORIGINATION_SYS
L000829,B9085,CONVENTIONAL,2010-11-03,2030-11-03,556110.00,451315.46,2.98,240,MI,CASH_OUT,B+,11,VERY_HIGH,CURRENT,0,Bank of America,2021-03-08,2021-03-26,COMPLETE,MANUAL_ENTRY
L000830,B9520,VA,2017-06-01,2047-06-01,747241.00,382771.58,7.337,180,AK,REFINANCE,D,8,HIGH,CURRENT,0,US Bank,2025-02-22,2025-03-03,COMPLETE,MANUAL_ENTRY
L000831,B4663,FHA,2019-01-29,2034-01-29,670434.00,0.00,7.784,180,GA,PURCHASE,B+,17,HIGH,PAID_OFF,0,Quicken Loans,2020-05-09,2020-06-01,COMPLETE,MANUAL_ENTRY
L000832,B6143,CONVENTIONAL,2017-06-06,2037-06-06,135070.00,61810.90,5.114,240,NM,PURCHASE,C,30,HIGH,DELINQUENT,89,Wells Fargo,2024-12-11,2024-12-20,COMPLETE,SERVICING_SYS
L000833,B3701,VA,2018-11-21,2048-11-21,274425.00,0.00,3.455,240,CO,PURCHASE,A,2,LOW,PAID_OFF,0,JPMorgan Chase,2022-03-08,2022-03-25,COMPLETE,ORIGINATION_SYS
L000834,B7009,VA,2013-05-29,2028-05-29,52188.00,31640.82,6.496,180,MD,REFINANCE,A,1,LOW,CURRENT,0,Wells Fargo,2016-10-03,2016-10-22,COMPLETE,ORIGINATION_SYS
L000835,B2174,VA,2013-10-24,2033-10-24,564179.00,208689.82,3.332,240,KY,PURCHASE,B+,24,LOW,CURRENT,0,Quicken Loans,2020-10-17,2020-11-05,COMPLETE,SERVICING_SYS
L000836,B9337,VA,2010-09-20,2030-09-20,405108.00,296642.59,4.262,360,NE,PURCHASE,C,21,HIGH,DELINQUENT,81,JPMorgan Chase,2015-11-16,2015-11-23,COMPLETE,MANUAL_ENTRY
L000837,B8355,FHA,2013-06-25,2028-06-25,133312.00,0.00,3.396,180,MI,CASH_OUT,C,18,MEDIUM,PAID_OFF,0,PNC Bank,2015-03-21,2015-04-05,COMPLETE,ORIGINATION_SYS
L000838,B6967,FHA,2022-05-20,2052-05-20,666217.00,330879.94,4.845,240,AZ,REFINANCE,D,5,VERY_HIGH,DELINQUENT,87,Quicken Loans,2027-10-09,2027-10-30,MISSING,MANUAL_ENTRY
L000839,B4014,CONVENTIONAL,2017-04-04,2037-04-04,189359.00,157216.78,7.715,180,NE,PURCHASE,D,28,HIGH,DELINQUENT,75,JPMorgan Chase,2022-01-27,2022-01-28,INCOMPLETE,ORIGINATION_SYS
L000840,B1629,CONVENTIONAL,2021-07-02,2051-07-02,569420.00,0.00,6.289,360,SC,REFINANCE,C,0,LOW,PAID_OFF,0,Quicken Loans,2029-08-31,2029-09-24,INCOMPLETE,MANUAL_ENTRY
L000841,B9697,JUMBO,2014-07-11,2029-07-11,204985.00,105800.27,7.838,360,SC,PURCHASE,D,24,LOW,DELINQUENT,77,Quicken Loans,2022-12-13,2023-01-12,COMPLETE,MANUAL_ENTRY
L000842,B2028,JUMBO,2016-07-05,2046-07-05,528608.00,173877.08,7.477,240,RI,CASH_OUT,B,29,HIGH,CURRENT,0,Freedom Mortgage,2021-02-27,2021-03-17,COMPLETE,SERVICING_SYS
L000843,B1070,FHA,2016-09-25,2046-09-25,90590.00,75269.29,2.743,240,AL,REFINANCE,A,30,LOW,DELINQUENT,67,Freedom Mortgage,2019-08-31,2019-09-25,COMPLETE,MANUAL_ENTRY
L000844,B1838,JUMBO,2019-05-08,2034-05-08,576124.00,498090.80,8.433,180,OK,REFINANCE,A,27,MEDIUM,DELINQUENT,79,Quicken Loans,2026-08-10,2026-08-27,COMPLETE,ORIGINATION_SYS
L000845,B8862,CONVENTIONAL,2022-03-24,2052-03-24,259984.00,80396.77,3.097,360,HI,CASH_OUT,C,21,HIGH,CURRENT,0,Quicken Loans,2025-12-29,2026-01-03,MISSING,ORIGINATION_SYS
L000846,B2123,CONVENTIONAL,2013-09-04,2033-09-04,152345.00,121466.23,8.397,180,AL,PURCHASE,A,24,HIGH,CURRENT,0,JPMorgan Chase,2019-11-03,2019-11-06,INCOMPLETE,SERVICING_SYS
L000847,B2364,VA,2012-09-21,2042-09-21,610560.00,367827.72,7.234,240,IL,CASH_OUT,C,23,LOW,CURRENT,0,US Bank,2020-04-18,2020-05-13,MISSING,ORIGINATION_SYS
L000848,B8842,VA,2011-06-04,2026-06-04,202895.00,105985.40,2.679,240,NV,PURCHASE,A+,24,VERY_HIGH,CURRENT,0,JPMorgan Chase,2019-03-28,2019-04-02,COMPLETE,MANUAL_ENTRY
L000849,B9099,JUMBO,2020-11-04,2050-11-04,120150.00,112278.88,4.824,360,AZ,PURCHASE,D,6,LOW,DELINQUENT,83,US Bank,2028-04-17,2028-04-28,COMPLETE,MANUAL_ENTRY
L000850,B8593,CONVENTIONAL,2018-05-10,2048-05-10,405179.00,0.00,3.304,180,OK,PURCHASE,A+,4,VERY_HIGH,PAID_OFF,0,Quicken Loans,2029-04-23,2029-05-10,MISSING,MANUAL_ENTRY
L000851,B7973,VA,2017-08-23,2032-08-23,705303.00,583313.12,2.734,180,MD,CASH_OUT,B,22,HIGH,DEFAULT,252,Freedom Mortgage,2020-06-25,2020-07-07,MISSING,SERVICING_SYS
L000852,B5912,JUMBO,2017-08-16,2037-08-16,128011.00,119541.05,2.636,240,VA,PURCHASE,B,29,LOW,CURRENT,0,Bank of America,2023-04-17,2023-04-20,COMPLETE,SERVICING_SYS
L000853,B1804,VA,2017-06-27,2037-06-27,179737.00,75256.30,4.369,360,CO,CASH_OUT,A+,29,HIGH,CURRENT,0,US Bank,2026-07-18,2026-08-08,COMPLETE,SERVICING_SYS
L000854,B2126,CONVENTIONAL,2010-11-30,2030-11-30,490581.00,176819.55,8.194,360,XX,REFINANCE,A,15,HIGH,CURRENT,0,Quicken Loans,2019-04-22,2019-05-09,COMPLETE,ORIGINATION_SYS
L000855,B2701,CONVENTIONAL,2023-04-03,2053-04-03,309602.00,109384.17,5.322,360,HI,CASH_OUT,B+,16,MEDIUM,CURRENT,0,Quicken Loans,2030-08-10,2030-08-10,COMPLETE,SERVICING_SYS
L000856,B7364,FHA,2022-12-08,2052-12-08,246660.00,152984.53,7.45,240,MT,CASH_OUT,D,29,HIGH,CURRENT,0,Bank of America,2027-11-02,2027-11-09,COMPLETE,ORIGINATION_SYS
L000857,B4132,VA,2019-06-05,2039-06-05,729831.00,506076.75,6.648,360,TN,CASH_OUT,A,30,MEDIUM,CURRENT,0,JPMorgan Chase,2020-10-16,2020-11-07,COMPLETE,ORIGINATION_SYS
L000858,B2845,CONVENTIONAL,2011-01-17,2041-01-17,125706.00,93606.26,6.411,360,VT,PURCHASE,D,3,HIGH,CURRENT,0,JPMorgan Chase,2013-07-28,2013-08-11,COMPLETE,MANUAL_ENTRY
L000859,B8264,FHA,2012-10-06,2032-10-06,390904.00,365578.31,7.647,180,MN,PURCHASE,B+,27,MEDIUM,CURRENT,0,Quicken Loans,2018-08-31,2018-09-15,MISSING,SERVICING_SYS
L000860,B1976,JUMBO,2011-02-05,2031-02-05,53205.00,30946.19,5.646,180,ME,PURCHASE,C,8,MEDIUM,CURRENT,0,Quicken Loans,2019-12-10,2020-01-03,COMPLETE,MANUAL_ENTRY
L000861,B5515,JUMBO,2011-06-19,2041-06-19,526503.00,276992.14,8.281,240,IA,REFINANCE,B,0,MEDIUM,DELINQUENT,58,PNC Bank,2013-10-18,2013-11-02,COMPLETE,MANUAL_ENTRY
L000862,B5453,VA,2021-06-07,2051-06-07,201720.00,74915.96,6.978,180,CT,PURCHASE,C,8,MEDIUM,DELINQUENT,63,Freedom Mortgage,2024-05-15,2024-06-14,COMPLETE,MANUAL_ENTRY
L000863,B1320,VA,2023-10-06,2053-10-06,605660.00,544602.12,7.111,360,MI,PURCHASE,D,6,MEDIUM,DELINQUENT,63,Wells Fargo,2023-11-18,2023-12-11,COMPLETE,SERVICING_SYS
L000864,B6847,CONVENTIONAL,2015-08-20,2045-08-20,335151.00,228246.22,4.78,360,KS,REFINANCE,A,27,HIGH,DELINQUENT,72,Bank of America,2025-02-26,2025-03-13,INCOMPLETE,MANUAL_ENTRY
L000865,B3244,FHA,2017-06-24,2037-06-24,288632.00,167416.68,4.964,180,NE,CASH_OUT,B+,2,LOW,CURRENT,0,PNC Bank,2025-04-18,2025-05-05,COMPLETE,ORIGINATION_SYS
L000866,B7703,CONVENTIONAL,2014-12-14,2044-12-14,274954.00,343692.50,8.448,360,NH,PURCHASE,A,10,MEDIUM,CURRENT,0,US Bank,2017-11-28,2017-12-01,COMPLETE,SERVICING_SYS
L000867,B9864,FHA,2023-06-03,2053-06-03,709666.00,645708.50,6.444,360,NY,PURCHASE,D,28,HIGH,CURRENT,0,Wells Fargo,2028-11-02,2028-11-04,COMPLETE,ORIGINATION_SYS
L000868,B3691,CONVENTIONAL,2022-11-29,2042-11-29,50097.00,28936.96,6.933,360,TX,REFINANCE,B,5,MEDIUM,CURRENT,0,JPMorgan Chase,2026-12-29,2027-01-21,COMPLETE,ORIGINATION_SYS
L000869,B3203,CONVENTIONAL,2014-05-24,2029-05-24,257245.00,99350.16,3.207,360,SD,REFINANCE,B+,13,MEDIUM,CURRENT,0,PNC Bank,2021-11-23,2021-11-25,INCOMPLETE,ORIGINATION_SYS
L000870,B7887,CONVENTIONAL,2020-08-16,2040-08-16,57993.00,23857.96,3.009,180,GA,REFINANCE,A,13,MEDIUM,CURRENT,0,PNC Bank,2022-09-02,2022-09-28,COMPLETE,MANUAL_ENTRY
L000871,B6407,JUMBO,2021-09-01,2051-09-01,631956.00,552638.33,3.444,360,OR,PURCHASE,D,13,MEDIUM,CURRENT,0,US Bank,2031-11-08,2031-12-04,INCOMPLETE,SERVICING_SYS
L000872,B7648,VA,2017-01-30,2037-01-30,685732.00,301170.49,4.753,360,CO,CASH_OUT,A,25,MEDIUM,PENDING,79,Wells Fargo,2026-07-14,2026-07-21,COMPLETE,MANUAL_ENTRY
L000873,B1865,FHA,2012-07-16,2042-07-16,552605.00,307521.69,5.734,180,KS,PURCHASE,A+,27,LOW,DELINQUENT,75,JPMorgan Chase,2020-11-22,2020-12-09,COMPLETE,SERVICING_SYS
L000874,B1721,JUMBO,2021-10-11,2051-10-11,148080.00,69416.62,5.443,180,DC,PURCHASE,B+,20,LOW,CURRENT,0,US Bank,2023-05-21,2023-05-25,COMPLETE,ORIGINATION_SYS
L000875,B5527,VA,2019-06-21,2049-06-21,714644.00,468357.73,2.68,180,WY,CASH_OUT,B+,0,LOW,DELINQUENT,50,Wells Fargo,2024-09-19,2024-09-29,COMPLETE,MANUAL_ENTRY
L000876,B9831,VA,2023-02-21,2038-02-21,136646.00,102098.02,2.843,360,RI,PURCHASE,B+,4,HIGH,CURRENT,0,Bank of America,2032-04-02,2032-04-14,COMPLETE,MANUAL_ENTRY
L000877,B9847,JUMBO,2016-07-02,2036-07-02,323472.00,130530.14,4.223,360,CA,PURCHASE,B,26,HIGH,CURRENT,0,US Bank,2018-03-29,2018-04-17,INCOMPLETE,SERVICING_SYS
L000878,B1045,VA,2018-07-06,2038-07-06,92344.00,58143.79,7.815,240,MI,PURCHASE,C,23,HIGH,CURRENT,0,US Bank,2019-02-01,2019-02-05,COMPLETE,MANUAL_ENTRY
L000879,B7054,CONVENTIONAL,2012-10-04,2027-10-04,483032.00,191776.98,4.697,180,MO,CASH_OUT,A,17,LOW,CURRENT,0,PNC Bank,2015-05-25,2015-06-09,COMPLETE,ORIGINATION_SYS
L000880,B1278,FHA,2015-05-24,2035-05-24,681350.00,583519.49,3.255,180,AR,PURCHASE,D,8,LOW,CURRENT,0,US Bank,2022-05-28,2022-06-26,COMPLETE,ORIGINATION_SYS
L000881,B5079,FHA,2015-11-14,2045-11-14,321226.00,297262.16,4.769,180,CA,REFINANCE,C,7,MEDIUM,DELINQUENT,65,PNC Bank,2026-08-02,2026-08-04,COMPLETE,SERVICING_SYS
L000882,B6038,JUMBO,2023-11-20,2053-11-20,359488.00,277486.36,4.286,180,NE,CASH_OUT,B,11,VERY_HIGH,CURRENT,0,JPMorgan Chase,2031-03-15,2031-03-18,COMPLETE,SERVICING_SYS
L000883,B6811,VA,2011-11-05,2031-11-05,92759.00,77391.06,7.046,180,DC,PURCHASE,B+,21,HIGH,CURRENT,0,Bank of America,2019-01-04,2019-01-21,COMPLETE,SERVICING_SYS
L000884,B5584,VA,2014-04-20,2044-04-20,74394.00,54652.20,5.578,360,AK,PURCHASE,B+,3,HIGH,CURRENT,0,JPMorgan Chase,2017-10-31,2017-11-17,COMPLETE,MANUAL_ENTRY
L000885,B2008,VA,2014-01-01,2034-01-01,397656.00,306820.05,2.725,360,ME,PURCHASE,B,29,MEDIUM,CURRENT,0,JPMorgan Chase,2020-12-03,2020-12-27,INCOMPLETE,ORIGINATION_SYS
L000886,B3316,CONVENTIONAL,2021-10-20,2041-10-20,665641.00,336014.23,3.04,360,ND,REFINANCE,B+,28,LOW,DELINQUENT,55,US Bank,2030-01-19,2030-01-20,COMPLETE,ORIGINATION_SYS
L000887,B6292,FHA,2015-05-30,2045-05-30,145859.00,103569.78,2.735,240,WA,PURCHASE,A,29,VERY_HIGH,CURRENT,0,Freedom Mortgage,2017-12-02,2018-01-01,COMPLETE,SERVICING_SYS
L000888,B4028,FHA,2012-02-20,2032-02-20,-575004.00,493322.38,7.422,180,MI,REFINANCE,A,17,MEDIUM,DEFAULT,358,Freedom Mortgage,2022-03-21,2022-04-09,COMPLETE,ORIGINATION_SYS
L000889,B2961,JUMBO,2015-06-26,2045-06-26,445618.00,230386.19,8.0,360,MT,REFINANCE,A+,25,HIGH,DELINQUENT,61,JPMorgan Chase,2018-07-10,2018-08-07,COMPLETE,SERVICING_SYS
L000890,B5788,FHA,2023-07-17,2038-07-17,179156.00,155157.52,3.888,360,AK,CASH_OUT,B,24,VERY_HIGH,DELINQUENT,66,JPMorgan Chase,2026-11-02,2026-11-07,INCOMPLETE,ORIGINATION_SYS
L000891,B6532,JUMBO,2014-11-02,2044-11-02,681205.00,428344.55,2.96,240,VT,CASH_OUT,B+,9,MEDIUM,CURRENT,0,US Bank,2019-12-24,2020-01-10,COMPLETE,MANUAL_ENTRY
L000892,B8023,JUMBO,2010-12-18,2030-12-18,711104.00,223155.27,8.298,360,VT,PURCHASE,A,23,MEDIUM,DEFAULT,211,Quicken Loans,2016-07-25,2016-08-18,INCOMPLETE,ORIGINATION_SYS
L000893,B2448,CONVENTIONAL,2014-04-30,2029-04-30,595528.00,521211.62,4.818,360,MA,CASH_OUT,B,3,MEDIUM,CURRENT,0,Freedom Mortgage,2018-11-14,2018-11-20,COMPLETE,SERVICING_SYS
L000894,B8950,JUMBO,2017-12-24,2032-12-24,500671.00,315872.97,7.078,360,SC,PURCHASE,A+,26,HIGH,CURRENT,0,Bank of America,2024-06-23,2024-07-16,MISSING,ORIGINATION_SYS
L000895,B6613,VA,2015-06-07,2035-06-07,631467.00,191475.55,3.925,360,WV,CASH_OUT,B,13,LOW,CURRENT,0,JPMorgan Chase,2020-07-12,2020-07-19,COMPLETE,MANUAL_ENTRY
L000896,B1778,VA,2012-10-13,2027-10-13,157452.00,115501.55,8.459,360,ME,REFINANCE,A+,5,LOW,PENDING,0,PNC Bank,2020-08-24,2020-09-07,MISSING,MANUAL_ENTRY
L000897,B7158,VA,2013-09-18,2033-09-18,676891.00,513763.70,7.482,360,RI,CASH_OUT,B+,21,VERY_HIGH,DELINQUENT,70,Wells Fargo,2018-07-07,2018-08-04,COMPLETE,ORIGINATION_SYS
L000898,B2686,VA,2022-01-02,2042-01-02,657418.00,0.00,2.628,360,OR,CASH_OUT,B,30,MEDIUM,CLOSED,0,JPMorgan Chase,2024-11-13,2024-11-16,COMPLETE,ORIGINATION_SYS
L000899,B1376,JUMBO,2016-08-08,2031-08-08,500756.00,281794.39,3.43,360,WI,REFINANCE,A,20,VERY_HIGH,CURRENT,0,JPMorgan Chase,2027-03-14,2027-04-06,COMPLETE,MANUAL_ENTRY
L000900,B4997,FHA,2015-02-12,2045-02-12,686203.00,304165.16,6.444,360,ME,PURCHASE,C,30,VERY_HIGH,DELINQUENT,68,PNC Bank,2025-05-18,2025-05-21,MISSING,MANUAL_ENTRY
L000901,B7655,VA,2022-09-13,2052-09-13,505237.00,263668.45,5.767,180,LA,PURCHASE,A+,12,VERY_HIGH,CURRENT,0,Bank of America,2032-04-20,2032-05-03,COMPLETE,ORIGINATION_SYS
L000902,B3387,FHA,2010-05-03,2040-05-03,555339.00,458533.63,7.343,240,WI,PURCHASE,C,26,MEDIUM,CURRENT,0,Freedom Mortgage,2019-09-25,2019-10-03,COMPLETE,ORIGINATION_SYS
L000903,B1482,FHA,2015-05-26,2045-05-26,375837.00,320343.28,5.371,180,XX,CASH_OUT,A+,13,VERY_HIGH,CURRENT,0,Quicken Loans,2026-01-17,2026-01-19,MISSING,ORIGINATION_SYS
L000904,B1417,CONVENTIONAL,2018-09-07,2048-09-07,261873.00,91337.87,8.172,240,SC,CASH_OUT,C,2,HIGH,DELINQUENT,82,PNC Bank,2025-08-17,2025-09-05,COMPLETE,MANUAL_ENTRY
L000905,B8263,JUMBO,2017-03-17,2032-03-17,525148.00,296742.32,6.262,180,IA,CASH_OUT,C,8,LOW,CURRENT,0,Quicken Loans,2024-05-07,2024-05-21,COMPLETE,SERVICING_SYS
L000906,B7744,FHA,2018-10-06,2033-10-06,111008.00,84843.97,6.078,240,XX,PURCHASE,B+,27,VERY_HIGH,CURRENT,0,PNC Bank,2020-05-30,2020-06-19,INCOMPLETE,SERVICING_SYS
L000907,B7509,VA,2011-01-26,2026-01-26,642887.00,485078.95,2.903,180,NJ,PURCHASE,A,29,MEDIUM,DELINQUENT,79,Bank of America,2019-11-15,2019-11-26,COMPLETE,ORIGINATION_SYS
L000908,B4357,FHA,2014-07-18,2034-07-18,470806.00,174510.66,6.568,180,AL,REFINANCE,A,7,VERY_HIGH,CURRENT,0,JPMorgan Chase,2015-07-07,2015-08-02,COMPLETE,MANUAL_ENTRY
L000909,B4119,FHA,2017-02-16,2032-02-16,540448.00,336286.34,5.185,360,MD,REFINANCE,A+,1,MEDIUM,CURRENT,0,Freedom Mortgage,2021-01-28,2021-02-15,COMPLETE,ORIGINATION_SYS
L000910,B1866,FHA,2018-11-15,2038-11-15,585055.00,0.00,5.21,360,CT,REFINANCE,D,17,LOW,PAID_OFF,0,JPMorgan Chase,2023-10-16,2023-11-13,COMPLETE,SERVICING_SYS
L000911,B9053,FHA,2021-07-07,2036-07-07,245714.00,0.00,3.114,180,NE,PURCHASE,A+,17,HIGH,PAID_OFF,0,PNC Bank,2028-10-05,2028-10-31,COMPLETE,MANUAL_ENTRY
L000912,B9836,FHA,2023-08-09,2043-08-09,295224.00,0.00,7.76,360,UT,REFINANCE,D,0,HIGH,PAID_OFF,0,JPMorgan Chase,2026-04-13,2026-05-01,INCOMPLETE,MANUAL_ENTRY
L000913,B2949,JUMBO,2010-07-07,2030-07-07,667203.00,436343.38,5.37,180,NY,PURCHASE,D,16,MEDIUM,DELINQUENT,55,Freedom Mortgage,2018-03-25,2018-04-19,COMPLETE,ORIGINATION_SYS
L000914,B6722,VA,2018-06-09,2048-06-09,200606.00,0.00,6.543,180,UT,CASH_OUT,C,0,HIGH,PAID_OFF,0,US Bank,2020-07-17,2020-07-31,MISSING,MANUAL_ENTRY
L000915,B3854,CONVENTIONAL,2015-12-11,2035-12-11,647092.00,257362.30,8.39,180,MT,REFINANCE,A+,30,LOW,CURRENT,0,US Bank,2023-04-30,2023-05-18,COMPLETE,MANUAL_ENTRY
L000916,B1264,FHA,2016-01-09,2031-01-09,500846.00,353213.65,3.261,180,AZ,CASH_OUT,B+,23,MEDIUM,CURRENT,0,PNC Bank,2024-11-20,2024-12-16,COMPLETE,MANUAL_ENTRY
L000917,B6533,CONVENTIONAL,2023-06-02,2053-06-02,312952.00,197092.41,6.384,240,SD,CASH_OUT,A+,14,LOW,CURRENT,0,PNC Bank,2024-12-15,2025-01-04,COMPLETE,SERVICING_SYS
L000918,B4059,CONVENTIONAL,2014-01-06,2029-01-06,620392.00,348086.23,8.103,240,WY,PURCHASE,A+,2,VERY_HIGH,CURRENT,0,Quicken Loans,2016-04-17,2016-05-06,COMPLETE,SERVICING_SYS
L000919,B3521,FHA,2022-02-26,2037-02-26,703935.00,474089.92,4.421,360,WV,PURCHASE,B+,17,HIGH,CURRENT,0,PNC Bank,2027-10-24,2027-11-09,COMPLETE,MANUAL_ENTRY
L000920,B1489,VA,2014-03-06,2044-03-06,705569.00,575083.47,7.033,240,SC,REFINANCE,B+,14,LOW,CURRENT,0,Wells Fargo,2022-01-21,2022-02-11,COMPLETE,SERVICING_SYS
L000921,B7441,JUMBO,2022-02-25,2037-02-25,409275.00,349567.11,6.062,180,SC,REFINANCE,B,20,MEDIUM,CURRENT,0,PNC Bank,2024-04-12,2024-05-12,COMPLETE,MANUAL_ENTRY
L000922,B2689,VA,2022-12-03,2042-12-03,460397.00,386595.56,4.929,240,UT,REFINANCE,B,17,HIGH,CURRENT,0,PNC Bank,2033-07-20,2033-08-18,COMPLETE,SERVICING_SYS
L000923,B4641,VA,2018-09-23,2033-09-23,653396.00,0.00,5.678,360,IA,CASH_OUT,A,17,VERY_HIGH,PAID_OFF,0,Bank of America,2021-04-17,2021-04-28,COMPLETE,MANUAL_ENTRY
L000924,B6250,JUMBO,2020-12-25,2050-12-25,325617.00,0.00,7.138,240,IA,PURCHASE,B,9,LOW,PAID_OFF,0,PNC Bank,2027-05-01,2027-05-29,COMPLETE,MANUAL_ENTRY
L000925,B6465,FHA,2011-09-03,2026-09-03,554592.00,382308.37,4.115,180,MS,PURCHASE,D,9,LOW,CURRENT,0,Bank of America,2013-12-26,2014-01-04,COMPLETE,SERVICING_SYS
L000926,B7872,JUMBO,2017-05-09,2032-05-09,162430.00,71597.08,6.867,360,NV,REFINANCE,C,1,LOW,CURRENT,0,US Bank,2024-05-18,2024-05-26,MISSING,ORIGINATION_SYS
L000927,B9670,CONVENTIONAL,2012-06-12,2032-06-12,141369.00,45644.51,6.676,360,AR,CASH_OUT,B+,26,MEDIUM,CURRENT,0,Freedom Mortgage,2017-08-25,2017-09-09,COMPLETE,SERVICING_SYS
L000928,B3242,VA,2012-11-29,2027-11-29,589236.00,0.00,5.844,240,MA,CASH_OUT,A+,13,VERY_HIGH,PAID_OFF,0,US Bank,2016-11-24,2016-12-08,COMPLETE,ORIGINATION_SYS
L000929,B9869,VA,2013-02-06,2033-02-06,404303.00,0.00,6.897,240,DC,REFINANCE,B+,26,HIGH,CLOSED,0,JPMorgan Chase,2023-03-14,2023-03-30,COMPLETE,MANUAL_ENTRY
L000930,B1645,CONVENTIONAL,2012-08-30,2027-08-30,498903.00,469218.75,3.436,240,IA,CASH_OUT,B+,28,MEDIUM,CURRENT,0,Wells Fargo,2023-03-15,2023-04-14,COMPLETE,MANUAL_ENTRY
L000931,B9548,FHA,2012-08-06,2032-08-06,382793.00,132066.52,6.301,240,ID,CASH_OUT,A,9,HIGH,CURRENT,0,Bank of America,2016-06-28,2016-07-25,COMPLETE,MANUAL_ENTRY
L000932,B4638,JUMBO,2018-08-05,2038-08-05,664920.00,467422.45,5.194,360,WA,REFINANCE,B+,13,MEDIUM,DELINQUENT,39,PNC Bank,2024-04-11,2024-04-11,COMPLETE,MANUAL_ENTRY
L000933,B3832,CONVENTIONAL,2013-10-05,2033-10-05,351898.00,0.00,6.922,180,FL,PURCHASE,A+,4,LOW,CLOSED,0,PNC Bank,2019-09-27,2019-10-06,COMPLETE,ORIGINATION_SYS
L000934,B3623,FHA,2018-06-17,2048-06-17,58509.00,51228.34,6.805,240,OH,PURCHASE,D,12,LOW,CURRENT,0,PNC Bank,2023-03-14,2023-03-28,COMPLETE,ORIGINATION_SYS
L000935,B8927,FHA,2017-11-07,2037-11-07,536813.00,272997.20,4.773,360,MA,PURCHASE,A+,2,VERY_HIGH,DELINQUENT,53,Quicken Loans,2024-03-27,2024-04-24,COMPLETE,ORIGINATION_SYS
L000936,B8680,FHA,2012-04-17,2032-04-17,105675.00,69438.32,2.88,360,NH,CASH_OUT,B+,6,MEDIUM,CURRENT,0,Freedom Mortgage,2017-04-21,2017-05-20,COMPLETE,ORIGINATION_SYS
L000937,B3804,CONVENTIONAL,2013-11-14,2028-11-14,654659.00,0.00,6.897,240,PA,PURCHASE,B+,9,MEDIUM,PAID_OFF,0,US Bank,2016-05-08,2016-05-25,COMPLETE,ORIGINATION_SYS
L000938,B9850,FHA,2017-04-17,2047-04-17,431359.00,326368.66,4.421,240,DE,REFINANCE,B+,20,VERY_HIGH,CURRENT,0,PNC Bank,2023-11-07,2023-11-30,INCOMPLETE,ORIGINATION_SYS
L000939,B5159,JUMBO,2013-08-16,2033-08-16,353922.00,163029.90,6.167,360,NH,CASH_OUT,A+,14,LOW,CURRENT,0,JPMorgan Chase,2017-06-08,2017-06-26,COMPLETE,ORIGINATION_SYS
L000940,B9154,CONVENTIONAL,2013-08-20,2028-08-20,397193.00,0.00,3.785,360,MA,PURCHASE,A+,30,MEDIUM,PAID_OFF,0,JPMorgan Chase,2018-12-21,2018-12-25,COMPLETE,MANUAL_ENTRY
L000941,B1616,CONVENTIONAL,2012-03-18,2027-03-18,432003.00,241116.25,4.092,360,UT,REFINANCE,A+,16,VERY_HIGH,DEFAULT,117,Bank of America,2018-06-09,2018-06-30,COMPLETE,MANUAL_ENTRY
L000942,B1997,CONVENTIONAL,2018-05-08,2048-05-08,589318.00,313686.18,3.712,240,KS,REFINANCE,B+,2,HIGH,CURRENT,0,Wells Fargo,2024-06-06,2024-06-20,COMPLETE,ORIGINATION_SYS
L000943,B3743,VA,2014-09-17,2044-09-17,648229.00,0.00,6.484,180,NM,REFINANCE,B+,27,MEDIUM,PAID_OFF,0,Wells Fargo,2015-01-18,2015-02-06,INCOMPLETE,ORIGINATION_SYS
L000944,B2886,FHA,2022-12-07,2042-12-07,542932.00,192046.49,4.887,360,GA,PURCHASE,B,5,LOW,DELINQUENT,61,Freedom Mortgage,2024-01-21,2024-02-11,MISSING,SERVICING_SYS
L000945,B2462,CONVENTIONAL,2019-03-14,2039-03-14,742251.00,290044.07,3.176,240,ID,PURCHASE,A,19,LOW,CURRENT,0,Quicken Loans,2027-12-06,2027-12-10,COMPLETE,MANUAL_ENTRY
L000946,B4153,JUMBO,2021-11-13,2041-11-13,310753.00,133209.98,4.782,180,TX,PURCHASE,D,20,HIGH,DELINQUENT,76,Freedom Mortgage,2026-01-17,2026-02-02,COMPLETE,SERVICING_SYS
L000947,B6523,CONVENTIONAL,2013-12-13,2028-12-13,144477.00,70055.85,5.959,240,GA,CASH_OUT,C,12,MEDIUM,DEFAULT,292,Wells Fargo,2021-01-16,2021-02-11,INCOMPLETE,ORIGINATION_SYS
L000948,B1020,FHA,2018-03-24,2038-03-24,448978.00,379732.10,6.794,360,FL,CASH_OUT,A+,15,LOW,CURRENT,0,Freedom Mortgage,2026-08-18,2026-08-21,COMPLETE,SERVICING_SYS
L000949,B7007,JUMBO,2012-08-29,2027-08-29,338842.00,0.00,4.342,180,AK,REFINANCE,A,28,MEDIUM,PAID_OFF,0,Wells Fargo,2018-11-27,2018-12-01,MISSING,ORIGINATION_SYS
L000950,B1988,FHA,2019-06-23,2034-06-23,429398.00,300262.24,6.094,180,WA,PURCHASE,D,13,LOW,CURRENT,0,Quicken Loans,2025-10-22,2025-10-29,COMPLETE,SERVICING_SYS
L000951,B1124,FHA,2021-11-29,2051-11-29,162239.00,84778.59,6.707,240,AR,PURCHASE,A,19,HIGH,CURRENT,0,Quicken Loans,2031-09-07,2031-10-07,COMPLETE,MANUAL_ENTRY
L000952,B6702,VA,2020-02-16,2040-02-16,493745.00,434731.44,4.21,180,KY,REFINANCE,A,4,HIGH,CURRENT,0,Quicken Loans,2020-12-07,2020-12-20,COMPLETE,ORIGINATION_SYS
L000953,B7759,FHA,2022-06-13,2037-06-13,174266.00,142587.65,3.102,240,CO,REFINANCE,B,13,LOW,CURRENT,0,US Bank,2022-12-18,2022-12-18,COMPLETE,MANUAL_ENTRY
L000954,B6615,CONVENTIONAL,2018-03-20,2038-03-20,162619.00,64443.62,5.281,180,NE,REFINANCE,A,7,LOW,CURRENT,0,Quicken Loans,2026-05-15,2026-06-06,COMPLETE,ORIGINATION_SYS
L000955,B7563,FHA,2011-01-27,2031-01-27,428662.00,0.00,3.185,180,XX,CASH_OUT,D,5,HIGH,CLOSED,0,US Bank,2016-09-02,2016-09-29,COMPLETE,SERVICING_SYS
L000956,B1089,VA,2020-01-09,2040-01-09,500347.00,343990.66,3.694,360,WY,PURCHASE,A+,12,MEDIUM,CURRENT,0,Freedom Mortgage,2022-05-25,2022-06-19,MISSING,SERVICING_SYS
L000957,B9595,FHA,2015-09-14,2035-09-14,462744.00,270208.14,7.484,360,AK,PURCHASE,A,8,VERY_HIGH,CURRENT,0,Quicken Loans,2019-09-29,2019-10-12,COMPLETE,SERVICING_SYS
L000958,B8657,CONVENTIONAL,2023-03-21,2038-03-21,121105.00,98920.65,7.984,180,XX,CASH_OUT,C,18,MEDIUM,CURRENT,0,US Bank,2029-11-24,2029-12-18,MISSING,ORIGINATION_SYS
L000959,B2077,VA,2022-08-17,2052-08-17,711729.00,535707.56,7.207,180,RI,CASH_OUT,A,25,HIGH,CURRENT,0,PNC Bank,2026-03-29,2026-04-24,COMPLETE,SERVICING_SYS
L000960,B8192,CONVENTIONAL,2018-11-10,2048-11-10,604893.00,570597.76,7.382,240,WV,REFINANCE,A,13,VERY_HIGH,DELINQUENT,71,Wells Fargo,2019-09-02,2019-09-06,COMPLETE,SERVICING_SYS
L000961,B6280,JUMBO,2011-02-07,2031-02-07,553203.00,371288.63,3.598,360,NC,CASH_OUT,A+,19,HIGH,CURRENT,0,US Bank,2020-07-02,2020-07-20,MISSING,MANUAL_ENTRY
L000962,B3286,CONVENTIONAL,2020-01-03,2035-01-03,120249.00,0.00,3.786,180,OH,PURCHASE,A,2,VERY_HIGH,PAID_OFF,0,Wells Fargo,2021-12-09,2022-01-04,COMPLETE,MANUAL_ENTRY
L000963,B9941,CONVENTIONAL,2010-08-13,2040-08-13,742521.00,525742.40,3.911,360,SC,CASH_OUT,A+,19,VERY_HIGH,CURRENT,0,JPMorgan Chase,2021-02-18,2021-03-18,COMPLETE,SERVICING_SYS
L000964,B9326,CONVENTIONAL,2010-07-03,2040-07-03,613611.00,384962.48,7.392,180,MT,REFINANCE,C,17,MEDIUM,CURRENT,0,JPMorgan Chase,2013-10-31,2013-11-24,COMPLETE,SERVICING_SYS
L000965,B1188,FHA,2021-09-15,2051-09-15,294462.00,197644.94,2.87,180,AZ,REFINANCE,D,10,VERY_HIGH,CURRENT,0,PNC Bank,2027-06-22,2027-06-24,INCOMPLETE,ORIGINATION_SYS
L000966,B2376,FHA,2014-03-28,2034-03-28,640798.00,227696.82,5.565,240,PA,REFINANCE,B,19,VERY_HIGH,CURRENT,0,US Bank,2015-05-06,2015-06-03,COMPLETE,SERVICING_SYS
L000967,B4757,CONVENTIONAL,2018-10-18,2048-10-18,550313.00,402817.68,4.052,180,NV,PURCHASE,C,13,LOW,CURRENT,0,Quicken Loans,2019-05-12,2019-06-09,COMPLETE,ORIGINATION_SYS
L000968,B6460,JUMBO,2013-12-21,2033-12-21,347918.00,0.00,4.624,240,TX,CASH_OUT,B+,12,MEDIUM,PAID_OFF,0,Bank of America,2020-04-03,2020-04-23,COMPLETE,MANUAL_ENTRY
L000969,B5338,JUMBO,2019-06-17,2049-06-17,720725.00,348813.60,2.654,240,GA,PURCHASE,D,0,MEDIUM,DELINQUENT,54,US Bank,2025-09-02,2025-09-12,COMPLETE,ORIGINATION_SYS
L000970,B9957,FHA,2013-08-02,2033-08-02,658171.00,0.00,2.502,360,WY,PURCHASE,C,17,VERY_HIGH,PAID_OFF,0,US Bank,2018-03-24,2018-04-15,COMPLETE,MANUAL_ENTRY
L000971,B9637,JUMBO,2010-12-03,2030-12-03,194136.00,182537.94,6.112,180,SC,PURCHASE,A,9,LOW,CURRENT,0,JPMorgan Chase,2012-09-12,2012-10-08,COMPLETE,MANUAL_ENTRY
L000972,B4351,JUMBO,2015-07-27,2035-07-27,743298.00,588000.14,3.148,180,NE,PURCHASE,C,5,MEDIUM,CURRENT,0,Wells Fargo,2024-10-14,2024-11-12,COMPLETE,MANUAL_ENTRY
L000973,B6903,VA,2021-06-18,2036-06-18,470068.00,0.00,7.003,240,DE,CASH_OUT,A,13,HIGH,PAID_OFF,0,PNC Bank,2021-10-15,2021-10-16,INCOMPLETE,MANUAL_ENTRY
L000974,B8933,CONVENTIONAL,2016-06-26,2036-06-26,79627.00,64657.42,7.134,180,RI,CASH_OUT,A+,24,LOW,CURRENT,0,US Bank,2026-01-16,2026-02-02,MISSING,MANUAL_ENTRY
L000975,B5437,JUMBO,2010-01-24,2030-01-24,534153.00,449576.90,5.602,180,MA,CASH_OUT,B,29,VERY_HIGH,CURRENT,0,PNC Bank,2013-03-11,2013-03-23,MISSING,MANUAL_ENTRY
L000976,B7485,JUMBO,2019-06-21,2049-06-21,745381.00,0.00,4.37,360,MD,CASH_OUT,A,10,HIGH,PAID_OFF,0,US Bank,2022-05-05,2022-05-13,MISSING,MANUAL_ENTRY
L000977,B8827,VA,2011-02-08,2026-02-08,180145.00,125903.90,3.978,240,AZ,REFINANCE,A,2,VERY_HIGH,DELINQUENT,73,Wells Fargo,2013-03-18,2013-03-31,COMPLETE,ORIGINATION_SYS
L000978,B6150,FHA,2015-02-04,2045-02-04,613942.00,484559.32,4.965,360,CT,CASH_OUT,A+,8,HIGH,CURRENT,0,Bank of America,2019-08-09,2019-08-28,COMPLETE,SERVICING_SYS
L000979,B9689,VA,2010-03-04,2025-03-04,75976.00,52132.93,3.574,240,MO,CASH_OUT,C,25,VERY_HIGH,DELINQUENT,49,Quicken Loans,2019-04-21,2019-05-06,COMPLETE,SERVICING_SYS
L000980,B6966,JUMBO,2019-10-11,2039-10-11,219690.00,67956.88,7.038,240,AK,CASH_OUT,D,25,HIGH,DEFAULT,249,Freedom Mortgage,2023-05-22,2023-06-01,MISSING,ORIGINATION_SYS
L000981,B7626,JUMBO,2021-05-11,2051-05-11,80294.00,46277.32,7.2,360,NE,REFINANCE,B+,9,LOW,CURRENT,0,Wells Fargo,2030-03-19,2030-03-31,COMPLETE,MANUAL_ENTRY
L000982,B3625,FHA,2023-08-23,2043-08-23,290021.00,261447.84,3.21,180,WI,REFINANCE,D,30,VERY_HIGH,CURRENT,0,PNC Bank,2034-03-05,2034-03-26,COMPLETE,SERVICING_SYS
L000983,B2637,CONVENTIONAL,2013-01-05,2033-01-05,693063.00,238251.48,4.735,360,KY,CASH_OUT,A+,20,VERY_HIGH,CURRENT,0,Wells Fargo,2013-12-24,2013-12-24,INCOMPLETE,MANUAL_ENTRY
L000984,B3094,FHA,2010-05-03,2025-05-03,547638.00,0.00,7.748,180,MN,REFINANCE,A,29,HIGH,CLOSED,0,Quicken Loans,2015-10-24,2015-10-28,MISSING,SERVICING_SYS
L000985,B3697,CONVENTIONAL,2015-11-26,2030-11-26,719614.00,595691.32,3.723,240,WI,REFINANCE,C,7,VERY_HIGH,CURRENT,0,Bank of America,2024-03-04,2024-03-26,COMPLETE,SERVICING_SYS
L000986,B5337,FHA,2021-12-09,2036-12-09,533607.00,0.00,4.359,180,VT,PURCHASE,A+,10,HIGH,CLOSED,0,Bank of America,2029-02-23,2029-03-20,INCOMPLETE,SERVICING_SYS
L000987,B3386,FHA,2011-01-22,2026-01-22,500087.00,232741.51,7.573,180,IL,PURCHASE,B+,14,HIGH,DELINQUENT,48,Freedom Mortgage,2018-06-15,2018-07-02,COMPLETE,MANUAL_ENTRY
L000988,B7523,FHA,2021-01-07,2051-01-07,700945.00,0.00,3.957,240,UT,CASH_OUT,B,15,MEDIUM,CLOSED,0,Wells Fargo,2026-02-26,2026-03-04,INCOMPLETE,MANUAL_ENTRY
L000989,B9894,CONVENTIONAL,2022-02-01,2042-02-01,227960.00,0.00,7.307,180,MO,PURCHASE,A,8,HIGH,PAID_OFF,0,PNC Bank,2026-02-18,2026-03-10,COMPLETE,SERVICING_SYS
L000990,B4759,VA,2023-08-28,2038-08-28,390786.00,299917.04,7.587,240,XX,CASH_OUT,B+,23,LOW,CURRENT,0,US Bank,2025-05-12,2025-05-14,COMPLETE,SERVICING_SYS
L000991,B3822,VA,2019-11-18,2039-11-18,579694.00,0.00,4.025,360,KY,REFINANCE,D,1,MEDIUM,PAID_OFF,0,Freedom Mortgage,2029-05-30,2029-06-16,INCOMPLETE,MANUAL_ENTRY
L000992,B1255,VA,2011-06-25,2031-06-25,682047.00,479275.59,3.946,360,OH,REFINANCE,A+,16,HIGH,CURRENT,0,Freedom Mortgage,2020-05-10,2020-05-27,COMPLETE,MANUAL_ENTRY
L000993,B1998,VA,2022-09-27,2052-09-27,496258.00,467629.77,8.459,240,VT,PURCHASE,D,3,HIGH,CURRENT,0,Freedom Mortgage,2031-07-12,2031-07-26,COMPLETE,SERVICING_SYS
L000994,B7247,VA,2018-06-15,2033-06-15,88198.00,0.00,3.55,180,OK,CASH_OUT,B,18,VERY_HIGH,PAID_OFF,0,JPMorgan Chase,2025-03-30,2025-04-15,COMPLETE,MANUAL_ENTRY
L000995,B3574,FHA,2012-04-25,2027-04-25,168205.00,158190.89,8.4,360,AR,CASH_OUT,A+,17,MEDIUM,DELINQUENT,61,JPMorgan Chase,2012-09-25,2012-09-29,COMPLETE,ORIGINATION_SYS
L000996,B7323,JUMBO,2010-05-03,2025-05-03,291192.00,120618.70,5.104,180,AK,CASH_OUT,B+,19,VERY_HIGH,CURRENT,0,PNC Bank,2011-02-15,2011-02-27,COMPLETE,MANUAL_ENTRY
L000997,B4854,VA,2011-11-16,2031-11-16,248548.00,134771.77,8.071,360,CO,CASH_OUT,A+,24,LOW,DEFAULT,237,Freedom Mortgage,2012-08-24,2012-09-08,COMPLETE,MANUAL_ENTRY
L000998,B2600,CONVENTIONAL,2013-02-06,2028-02-06,380156.00,0.00,2.522,360,AK,REFINANCE,D,29,MEDIUM,PAID_OFF,0,Wells Fargo,2019-10-14,2019-10-25,INCOMPLETE,SERVICING_SYS
L000999,B1754,JUMBO,2017-05-22,2047-05-22,666904.00,0.00,5.097,360,LA,PURCHASE,A,0,VERY_HIGH,PENDING,0,Bank of America,2021-03-09,2021-03-18,INCOMPLETE,MANUAL_ENTRY
L001000,B2647,JUMBO,2012-01-10,2042-01-10,285715.00,268974.39,6.185,360,SC,REFINANCE,A,16,LOW,CURRENT,0,Bank of America,2017-02-12,2017-03-08,COMPLETE,ORIGINATION_SYS
L001001,B7639,FHA,2019-08-23,2039-08-23,624865.00,269626.97,4.83,240,ND,PURCHASE,A+,13,LOW,CURRENT,0,Quicken Loans,2023-12-17,2024-01-02,MISSING,MANUAL_ENTRY
L001002,B6947,JUMBO,2020-11-19,2050-11-19,126176.00,67712.96,7.563,360,MO,PURCHASE,B+,19,MEDIUM,CURRENT,0,JPMorgan Chase,2027-08-07,2027-08-07,MISSING,ORIGINATION_SYS
L001003,B4060,JUMBO,2019-09-06,2049-09-06,425921.00,0.00,2.588,180,AL,CASH_OUT,C,29,MEDIUM,CLOSED,0,Wells Fargo,2025-08-13,2025-09-07,COMPLETE,SERVICING_SYS
L001004,B3260,JUMBO,2021-06-13,2041-06-13,173499.00,103990.26,4.281,360,CA,PURCHASE,A+,21,MEDIUM,CURRENT,0,Bank of America,2029-06-13,2029-06-15,COMPLETE,MANUAL_ENTRY
L001005,B6476,CONVENTIONAL,2019-01-13,2034-01-13,506909.00,239806.60,5.196,360,KY,CASH_OUT,B+,11,HIGH,CURRENT,0,JPMorgan Chase,2025-11-17,2025-11-20,INCOMPLETE,SERVICING_SYS
L001006,B3071,CONVENTIONAL,2016-08-02,2036-08-02,559719.00,471135.26,7.57,180,MS,REFINANCE,A,22,LOW,CURRENT,0,PNC Bank,2021-07-19,2021-07-20,COMPLETE,SERVICING_SYS
L001007,B3228,VA,2014-12-04,2044-12-04,408792.00,0.00,7.586,240,NC,PURCHASE,A+,19,HIGH,CLOSED,0,PNC Bank,2020-02-27,2020-03-26,INCOMPLETE,ORIGINATION_SYS
L001008,B3636,VA,2011-04-24,2026-04-24,559057.00,0.00,6.802,180,NE,PURCHASE,D,30,HIGH,PAID_OFF,0,Wells Fargo,2020-07-20,2020-08-04,COMPLETE,SERVICING_SYS
L001009,B8599,CONVENTIONAL,2022-08-13,2052-08-13,111867.00,40210.98,8.386,360,ID,REFINANCE,A,23,LOW,CURRENT,0,PNC Bank,2022-09-16,2022-09-27,COMPLETE,SERVICING_SYS
L001010,B6143,CONVENTIONAL,2011-03-13,2041-03-13,192778.00,82845.62,2.528,240,VT,CASH_OUT,A,28,HIGH,CURRENT,0,US Bank,2012-01-27,2012-02-18,COMPLETE,SERVICING_SYS
L001011,B4495,JUMBO,2015-02-03,2045-02-03,197691.00,161778.79,4.568,360,NM,PURCHASE,D,26,LOW,CURRENT,0,US Bank,2019-10-22,2019-11-16,COMPLETE,ORIGINATION_SYS
L001012,B2158,CONVENTIONAL,2020-08-20,2035-08-20,375954.00,310954.90,4.047,180,WY,CASH_OUT,B+,19,VERY_HIGH,CURRENT,0,JPMorgan Chase,2030-10-30,2030-11-20,COMPLETE,SERVICING_SYS
L001013,B6527,FHA,2016-08-28,2031-08-28,427427.00,249875.00,5.024,180,LA,CASH_OUT,D,1,VERY_HIGH,CURRENT,0,Quicken Loans,2026-08-15,2026-08-21,COMPLETE,ORIGINATION_SYS
L001014,B4733,JUMBO,2015-08-22,2035-08-22,618267.00,387775.14,8.027,360,MD,REFINANCE,B,17,LOW,CURRENT,0,Bank of America,2026-07-28,2026-08-07,COMPLETE,SERVICING_SYS
L001015,B6967,JUMBO,2016-03-16,2046-03-16,102555.00,56995.74,3.457,360,AL,CASH_OUT,A,17,HIGH,CURRENT,0,Freedom Mortgage,2020-01-19,2020-01-29,COMPLETE,SERVICING_SYS
L001016,B2365,CONVENTIONAL,2016-12-10,2046-12-10,78894.00,57825.64,5.276,360,CT,CASH_OUT,B+,0,MEDIUM,DELINQUENT,86,Bank of America,2019-08-23,2019-09-17,COMPLETE,SERVICING_SYS
L001017,B4830,VA,2018-09-23,2033-09-23,235752.00,96498.85,7.405,240,CO,CASH_OUT,B,0,LOW,CURRENT,0,PNC Bank,2026-11-07,2026-11-11,COMPLETE,SERVICING_SYS
L001018,B1831,CONVENTIONAL,2022-09-10,2042-09-10,112412.00,0.00,4.417,240,WA,PURCHASE,C,30,HIGH,PAID_OFF,0,Quicken Loans,2031-04-17,2031-05-07,INCOMPLETE,SERVICING_SYS
L001019,B4133,FHA,2010-09-20,2030-09-20,346243.00,0.00,5.282,360,MN,CASH_OUT,B+,18,HIGH,PAID_OFF,0,PNC Bank,2011-12-03,2011-12-03,MISSING,MANUAL_ENTRY
L001020,B5981,CONVENTIONAL,2011-06-23,2026-06-23,60195.00,56503.16,3.72,360,LA,REFINANCE,B,30,LOW,CURRENT,0,JPMorgan Chase,2019-02-26,2019-03-11,COMPLETE,MANUAL_ENTRY
L001021,B6518,FHA,2016-05-17,2031-05-17,125506.00,81929.65,8.259,240,WI,PURCHASE,C,21,HIGH,DELINQUENT,88,JPMorgan Chase,2017-07-05,2017-07-06,COMPLETE,ORIGINATION_SYS
L001022,B1314,JUMBO,2010-09-30,2025-09-30,477354.00,596692.50,5.927,360,OH,REFINANCE,B+,14,VERY_HIGH,CURRENT,0,Bank of America,2017-04-21,2017-04-22,INCOMPLETE,ORIGINATION_SYS
L001023,B4175,VA,2020-09-28,2050-09-28,330028.00,247967.31,4.341,360,MS,PURCHASE,A,0,VERY_HIGH,CURRENT,0,Quicken Loans,2030-10-20,2030-11-03,COMPLETE,ORIGINATION_SYS
L001024,B4481,JUMBO,2017-06-30,2037-06-30,58440.00,25811.66,4.379,180,ID,REFINANCE,A,14,HIGH,DELINQUENT,83,JPMorgan Chase,2017-09-13,2017-10-01,COMPLETE,ORIGINATION_SYS
L001025,B2142,CONVENTIONAL,2022-11-05,2052-11-05,206711.00,91416.46,6.923,180,TN,REFINANCE,B+,1,HIGH,CURRENT,0,JPMorgan Chase,2026-08-21,2026-08-21,COMPLETE,MANUAL_ENTRY
L001026,B2448,JUMBO,2022-06-19,2042-06-19,585231.00,271915.86,4.855,180,SC,PURCHASE,C,28,HIGH,CURRENT,0,Quicken Loans,2032-06-26,2032-07-06,INCOMPLETE,MANUAL_ENTRY
L001027,B7938,VA,2022-06-25,2052-06-25,523062.00,266829.86,3.505,180,KS,REFINANCE,B+,25,MEDIUM,CURRENT,0,Freedom Mortgage,2024-08-25,2024-08-25,INCOMPLETE,ORIGINATION_SYS
L001028,B1404,FHA,2020-04-06,2040-04-06,420905.00,268718.16,2.507,240,MN,PURCHASE,B,22,LOW,CURRENT,0,JPMorgan Chase,2025-07-11,2025-07-17,COMPLETE,ORIGINATION_SYS
L001029,B9592,CONVENTIONAL,2012-03-21,2042-03-21,687528.00,530504.96,5.634,240,UT,REFINANCE,A+,3,VERY_HIGH,CURRENT,0,Wells Fargo,2016-04-03,2016-04-27,COMPLETE,SERVICING_SYS
L001030,B6127,JUMBO,2014-09-29,2044-09-29,439470.00,226768.82,6.642,240,VT,PURCHASE,D,17,LOW,CURRENT,0,PNC Bank,2023-01-06,2023-01-07,INCOMPLETE,SERVICING_SYS
L001031,B7151,FHA,2015-04-21,2035-04-21,610965.00,487325.31,5.551,360,ID,CASH_OUT,C,10,HIGH,DELINQUENT,84,Freedom Mortgage,2017-10-21,2017-10-22,COMPLETE,MANUAL_ENTRY
L001032,B5825,FHA,2013-02-05,2028-02-05,549931.00,223070.61,6.252,180,GA,PURCHASE,C,2,HIGH,CURRENT,0,Bank of America,2019-05-12,2019-05-27,MISSING,MANUAL_ENTRY
L001033,B7905,VA,2014-09-28,2044-09-28,188075.00,0.00,5.964,360,AL,CASH_OUT,B,23,LOW,PAID_OFF,0,JPMorgan Chase,2023-03-17,2023-03-18,COMPLETE,ORIGINATION_SYS
L001034,B6884,FHA,2016-03-19,2046-03-19,206518.00,91355.59,6.673,180,VA,PURCHASE,A,28,MEDIUM,CURRENT,0,US Bank,2024-05-02,2024-05-04,COMPLETE,ORIGINATION_SYS
L001035,B4781,JUMBO,2019-02-18,2039-02-18,465102.00,199099.44,5.242,240,PA,PURCHASE,A+,17,MEDIUM,DELINQUENT,82,JPMorgan Chase,2019-11-10,2019-12-04,COMPLETE,ORIGINATION_SYS
L001036,B2212,JUMBO,2013-08-19,2043-08-19,144014.00,0.00,4.291,360,HI,CASH_OUT,B+,30,MEDIUM,PAID_OFF,0,Wells Fargo,2021-05-27,2021-06-26,INCOMPLETE,SERVICING_SYS
L001037,B3471,CONVENTIONAL,2015-07-25,2045-07-25,617502.00,514851.97,7.309,180,NE,REFINANCE,A,16,LOW,CURRENT,0,Bank of America,2019-12-26,2020-01-07,COMPLETE,SERVICING_SYS
L001038,B7455,FHA,2019-05-15,2039-05-15,532874.00,0.00,3.005,360,MS,REFINANCE,A,9,HIGH,PAID_OFF,0,Freedom Mortgage,2019-11-27,2019-12-21,INCOMPLETE,SERVICING_SYS
L001039,B4089,FHA,2010-10-24,2030-10-24,502445.00,278598.50,5.905,240,XX,CASH_OUT,A+,12,MEDIUM,CURRENT,0,Quicken Loans,2014-04-30,2014-05-06,COMPLETE,ORIGINATION_SYS
L001040,B5189,FHA,2018-08-23,2033-08-23,504914.00,440962.47,7.215,360,WV,REFINANCE,B+,17,HIGH,CURRENT,0,Bank of America,2022-01-14,2022-02-04,COMPLETE,MANUAL_ENTRY
L001041,B2607,JUMBO,2021-07-18,2051-07-18,717137.00,628272.84,3.385,180,VA,PURCHASE,B+,19,VERY_HIGH,CURRENT,0,Bank of America,2029-11-13,2029-11-20,COMPLETE,SERVICING_SYS
L001042,B1943,VA,2015-05-16,2030-05-16,345418.00,0.00,5.69,180,IL,PURCHASE,B+,7,LOW,CLOSED,0,Wells Fargo,2017-07-18,2017-08-09,INCOMPLETE,MANUAL_ENTRY
L001043,B8649,JUMBO,2021-11-12,2041-11-12,475373.00,0.00,7.997,360,NY,REFINANCE,D,12,HIGH,CLOSED,0,PNC Bank,2024-12-09,2025-01-02,MISSING,MANUAL_ENTRY
L001044,B5437,JUMBO,2017-07-11,2032-07-11,428003.00,397437.30,4.82,360,NC,REFINANCE,A,13,MEDIUM,CURRENT,0,Bank of America,2023-12-08,2023-12-12,COMPLETE,SERVICING_SYS
L001045,B6019,CONVENTIONAL,2016-05-28,2036-05-28,73200.00,0.00,7.389,180,RI,PURCHASE,C,25,HIGH,PAID_OFF,0,US Bank,2022-11-28,2022-12-10,COMPLETE,SERVICING_SYS
L001046,B7028,CONVENTIONAL,2014-01-28,2029-01-28,301164.00,0.00,4.094,240,ME,PURCHASE,B+,30,HIGH,PAID_OFF,0,PNC Bank,2017-04-03,2017-04-20,COMPLETE,ORIGINATION_SYS
L001047,B1914,JUMBO,2013-07-13,2033-07-13,171995.00,85249.03,5.899,180,NJ,PURCHASE,A,30,LOW,CURRENT,0,Wells Fargo,2017-01-28,2017-02-14,COMPLETE,MANUAL_ENTRY
L001048,B2300,VA,2012-09-26,2032-09-26,606615.00,0.00,6.879,240,OK,REFINANCE,C,5,MEDIUM,PAID_OFF,0,Bank of America,2014-05-30,2014-06-25,MISSING,SERVICING_SYS
L001049,B9160,CONVENTIONAL,2013-12-14,2033-12-14,580040.00,474694.19,3.175,180,HI,CASH_OUT,B+,0,VERY_HIGH,CURRENT,0,Freedom Mortgage,2023-07-02,2023-07-12,INCOMPLETE,ORIGINATION_SYS
L001050,B7663,FHA,2014-12-29,2034-12-29,535280.00,318185.49,3.67,180,AR,CASH_OUT,A,29,HIGH,CURRENT,0,Freedom Mortgage,2019-07-25,2019-07-29,INCOMPLETE,MANUAL_ENTRY
L001051,B3490,JUMBO,2011-05-31,2026-05-31,435338.00,222703.41,7.638,180,CA,REFINANCE,B,10,VERY_HIGH,CURRENT,0,PNC Bank,2026-01-17,2026-02-13,MISSING,ORIGINATION_SYS
L001052,B4565,JUMBO,2019-07-18,2034-07-18,683565.00,0.00,5.675,360,NY,PURCHASE,A,6,LOW,CLOSED,0,JPMorgan Chase,2027-05-22,2027-06-03,COMPLETE,SERVICING_SYS
L001053,B8940,FHA,2013-06-16,2043-06-16,459747.00,190522.22,4.564,360,SC,REFINANCE,B+,21,MEDIUM,DELINQUENT,68,JPMorgan Chase,2020-10-08,2020-10-12,COMPLETE,MANUAL_ENTRY
L001054,B5707,VA,2019-12-06,2034-12-06,695868.00,294747.19,7.617,360,DC,PURCHASE,C,7,MEDIUM,CURRENT,0,JPMorgan Chase,2026-10-30,2026-11-12,COMPLETE,MANUAL_ENTRY
L001055,B1746,FHA,2017-11-07,2032-11-07,542350.00,0.00,4.835,240,DE,CASH_OUT,B,26,MEDIUM,PAID_OFF,0,Quicken Loans,2024-02-11,2024-02-12,COMPLETE,SERVICING_SYS
L001056,B3996,CONVENTIONAL,2012-10-18,2027-10-18,465682.00,169906.33,8.282,240,SD,REFINANCE,B+,24,HIGH,DELINQUENT,82,US Bank,2019-02-01,2019-02-28,COMPLETE,SERVICING_SYS
L001057,B4550,FHA,2020-09-24,2035-09-24,390065.00,229241.41,3.35,180,NC,PURCHASE,B+,3,HIGH,CURRENT,0,Bank of America,2022-06-10,2022-06-14,COMPLETE,MANUAL_ENTRY
L001058,B6795,JUMBO,2022-09-12,2037-09-12,747307.00,705478.78,2.843,180,SC,REFINANCE,B,11,LOW,DELINQUENT,41,Quicken Loans,2024-10-12,2024-10-19,INCOMPLETE,MANUAL_ENTRY
L001059,B9057,VA,2020-09-27,2035-09-27,119907.00,102616.93,3.127,180,XX,CASH_OUT,C,7,HIGH,CURRENT,0,Freedom Mortgage,2021-06-11,2021-06-14,COMPLETE,SERVICING_SYS
L001060,B9334,VA,2013-05-01,2028-05-01,742051.00,257216.48,6.484,180,WA,REFINANCE,B+,11,VERY_HIGH,DEFAULT,179,Wells Fargo,2017-11-29,2017-12-09,COMPLETE,SERVICING_SYS
L001061,B2102,VA,2011-01-04,2031-01-04,383888.00,177904.29,3.019,360,CA,CASH_OUT,B+,10,HIGH,CURRENT,0,Quicken Loans,2013-01-16,2013-01-24,COMPLETE,MANUAL_ENTRY
L001062,B9137,VA,2012-01-19,2042-01-19,444238.00,304336.92,7.329,180,AL,PURCHASE,A,8,MEDIUM,CURRENT,0,Quicken Loans,2015-09-24,2015-09-29,COMPLETE,ORIGINATION_SYS
L001063,B4306,FHA,2023-12-20,2053-12-20,570230.00,206686.19,7.011,240,SC,REFINANCE,D,17,VERY_HIGH,DELINQUENT,35,Quicken Loans,2025-09-23,2025-09-24,COMPLETE,MANUAL_ENTRY
L001064,B4037,FHA,2020-08-23,2035-08-23,127797.00,52043.14,5.127,240,AK,REFINANCE,C,22,VERY_HIGH,CURRENT,0,PNC Bank,2026-02-24,2026-03-13,COMPLETE,ORIGINATION_SYS
L001065,B2502,JUMBO,2014-08-31,2044-08-31,649435.00,574796.08,4.473,180,NC,CASH_OUT,B+,25,HIGH,DELINQUENT,49,JPMorgan Chase,2017-01-08,2017-01-15,COMPLETE,ORIGINATION_SYS
L001066,B7195,VA,2013-07-22,2028-07-22,664563.00,0.00,8.459,360,ME,REFINANCE,A,22,LOW,PAID_OFF,0,Wells Fargo,2022-04-28,2022-05-02,COMPLETE,MANUAL_ENTRY
L001067,B8337,JUMBO,2020-05-31,2040-05-31,371042.00,185881.44,8.04,180,IL,REFINANCE,C,13,LOW,DELINQUENT,57,Bank of America,2026-01-23,2026-02-19,COMPLETE,ORIGINATION_SYS
L001068,B7326,VA,2019-02-14,2034-02-14,420150.00,211998.27,5.89,360,NJ,REFINANCE,A,3,HIGH,CURRENT,0,JPMorgan Chase,2026-01-17,2026-02-04,COMPLETE,ORIGINATION_SYS
L001069,B7029,VA,2017-03-15,2032-03-15,-101952.00,76623.96,3.161,360,NE,CASH_OUT,B,13,HIGH,CURRENT,0,JPMorgan Chase,2025-05-07,2025-05-09,INCOMPLETE,MANUAL_ENTRY
L001070,B7446,VA,2016-07-03,2046-07-03,700919.00,0.00,8.036,240,KS,REFINANCE,C,24,HIGH,PAID_OFF,0,Freedom Mortgage,2025-02-23,2025-03-23,MISSING,SERVICING_SYS
L001071,B5007,FHA,2014-12-19,2034-12-19,319901.00,259317.18,7.503,240,NH,REFINANCE,B,18,HIGH,DEFAULT,246,Quicken Loans,2021-11-28,2021-12-06,COMPLETE,MANUAL_ENTRY
L001072,B8815,FHA,2022-08-04,2037-08-04,203201.00,90616.21,8.43,360,TN,CASH_OUT,A+,27,HIGH,CURRENT,0,Wells Fargo,2028-04-14,2028-04-21,COMPLETE,ORIGINATION_SYS
L001073,B1710,JUMBO,2022-10-22,2042-10-22,185359.00,62981.76,4.461,360,ME,CASH_OUT,B+,25,VERY_HIGH,CURRENT,0,Bank of America,2032-07-15,2032-07-25,COMPLETE,MANUAL_ENTRY
L001074,B5987,JUMBO,2012-12-16,2027-12-16,89103.00,40887.76,8.073,180,IA,CASH_OUT,A,26,LOW,CURRENT,0,JPMorgan Chase,2016-02-28,2016-03-27,COMPLETE,SERVICING_SYS
L001075,B6836,JUMBO,2012-05-23,2027-05-23,170375.00,0.00,3.642,360,UT,REFINANCE,A,17,VERY_HIGH,PAID_OFF,0,Freedom Mortgage,2016-03-18,2016-03-20,MISSING,MANUAL_ENTRY
L001076,B6361,JUMBO,2014-11-25,2029-11-25,323774.00,245673.42,4.827,180,OH,CASH_OUT,C,1,MEDIUM,CURRENT,0,Bank of America,2017-02-06,2017-03-06,COMPLETE,SERVICING_SYS
L001077,B4000,VA,2013-07-14,2043-07-14,192325.00,61883.56,4.939,360,MD,PURCHASE,B+,14,VERY_HIGH,CURRENT,0,US Bank,2017-02-02,2017-02-25,COMPLETE,MANUAL_ENTRY
L001078,B3307,VA,2018-11-21,2048-11-21,79381.00,25499.97,4.789,360,GA,CASH_OUT,A,20,VERY_HIGH,DEFAULT,250,Quicken Loans,2026-12-10,2027-01-07,COMPLETE,SERVICING_SYS
L001079,B9791,VA,2015-11-29,2030-11-29,89363.00,0.00,8.183,180,OK,CASH_OUT,C,13,VERY_HIGH,PAID_OFF,0,Bank of America,2016-08-24,2016-08-29,COMPLETE,SERVICING_SYS
L001080,B1152,FHA,2013-07-30,2028-07-30,260807.00,0.00,2.597,240,CT,PURCHASE,B,28,LOW,CLOSED,0,JPMorgan Chase,2020-08-26,2020-08-26,COMPLETE,SERVICING_SYS
L001081,B8475,VA,2019-02-27,2039-02-27,512393.00,176272.69,8.097,180,NV,PURCHASE,D,19,HIGH,DELINQUENT,72,Freedom Mortgage,2029-05-05,2029-05-31,COMPLETE,MANUAL_ENTRY
L001082,B3835,FHA,2011-04-10,2026-04-10,341497.00,244901.40,6.908,360,NY,PURCHASE,B,0,MEDIUM,CURRENT,0,Bank of America,2012-03-25,2012-04-16,MISSING,ORIGINATION_SYS
L001083,B1268,CONVENTIONAL,2011-01-18,2026-01-18,616423.00,303528.73,5.225,180,TX,PURCHASE,C,1,HIGH,CURRENT,0,Wells Fargo,2022-01-12,2022-01-26,INCOMPLETE,MANUAL_ENTRY
L001084,B8803,JUMBO,2019-04-12,2039-04-12,742640.00,649077.45,4.427,240,SC,CASH_OUT,B,29,HIGH,CURRENT,0,Wells Fargo,2028-01-24,2028-02-05,COMPLETE,MANUAL_ENTRY
L001085,B2050,FHA,2015-02-06,2045-02-06,512113.00,204925.09,3.433,360,PA,CASH_OUT,C,12,VERY_HIGH,DELINQUENT,70,Freedom Mortgage,2016-11-04,2016-11-21,COMPLETE,SERVICING_SYS
L001086,B2250,FHA,2021-05-17,2051-05-17,204594.00,187336.56,3.098,180,AR,PURCHASE,A+,14,LOW,CURRENT,0,JPMorgan Chase,2028-06-28,2028-07-20,COMPLETE,MANUAL_ENTRY
L001087,B1810,JUMBO,2022-05-26,2042-05-26,694025.00,0.00,4.248,180,IA,CASH_OUT,B,11,LOW,PAID_OFF,0,US Bank,2032-07-23,2032-08-11,COMPLETE,MANUAL_ENTRY
L001088,B2671,FHA,2017-12-17,2032-12-17,677234.00,0.00,3.553,240,WV,REFINANCE,B,7,VERY_HIGH,PAID_OFF,0,JPMorgan Chase,2026-08-12,2026-08-17,COMPLETE,SERVICING_SYS
L001089,B5270,JUMBO,2013-05-10,2028-05-10,168475.00,91682.80,7.6,180,WV,CASH_OUT,A,22,MEDIUM,CURRENT,0,JPMorgan Chase,2017-01-11,2017-01-20,COMPLETE,SERVICING_SYS
L001090,B6416,CONVENTIONAL,2010-06-01,2030-06-01,576598.00,488033.46,4.126,180,AL,REFINANCE,A+,21,VERY_HIGH,CURRENT,0,Freedom Mortgage,2017-03-20,2017-04-05,COMPLETE,ORIGINATION_SYS
L001091,B3976,JUMBO,2023-09-24,2043-09-24,248670.00,201973.47,5.063,360,RI,CASH_OUT,C,13,MEDIUM,CURRENT,0,Bank of America,2026-09-12,2026-09-17,COMPLETE,SERVICING_SYS
L001092,B2319,JUMBO,2020-08-20,2040-08-20,228778.00,285972.50,4.596,180,RI,PURCHASE,A,20,HIGH,CURRENT,0,US Bank,2022-06-10,2022-07-03,MISSING,ORIGINATION_SYS
L001093,B7725,FHA,2023-04-16,2043-04-16,172710.00,0.00,2.752,360,WI,CASH_OUT,B+,18,VERY_HIGH,PAID_OFF,0,JPMorgan Chase,2034-01-29,2034-02-11,COMPLETE,MANUAL_ENTRY
L001094,B3947,CONVENTIONAL,2013-06-16,2043-06-16,478453.00,197139.05,5.089,180,KY,CASH_OUT,A+,0,HIGH,DELINQUENT,48,Wells Fargo,2020-12-26,2021-01-01,COMPLETE,ORIGINATION_SYS
L001095,B4677,FHA,2015-01-02,2045-01-02,614458.00,487992.73,2.885,360,GA,PURCHASE,B,25,LOW,CURRENT,0,Bank of America,2018-02-21,2018-03-16,COMPLETE,MANUAL_ENTRY
L001096,B9183,JUMBO,2012-07-11,2042-07-11,440583.00,0.00,4.288,180,PA,PURCHASE,A+,10,HIGH,PAID_OFF,0,US Bank,2018-09-13,2018-09-30,COMPLETE,SERVICING_SYS
L001097,B9156,JUMBO,2016-11-08,2031-11-08,51006.00,16713.50,6.33,240,MA,CASH_OUT,C,24,VERY_HIGH,CURRENT,0,PNC Bank,2023-04-30,2023-05-12,COMPLETE,SERVICING_SYS
L001098,B2831,FHA,2016-12-21,2046-12-21,174520.00,119941.60,6.789,240,ID,PURCHASE,B,5,LOW,DELINQUENT,43,Bank of America,2020-05-17,2020-06-08,COMPLETE,SERVICING_SYS
L001099,B9373,CONVENTIONAL,2013-08-29,2043-08-29,315222.00,203549.37,3.04,360,WI,REFINANCE,A+,19,HIGH,DEFAULT,147,US Bank,2016-11-23,2016-12-15,COMPLETE,MANUAL_ENTRY
L001100,B8077,JUMBO,2013-08-10,2043-08-10,258837.00,96308.30,4.959,360,HI,CASH_OUT,A,1,LOW,CURRENT,0,Bank of America,2014-04-30,2014-05-29,COMPLETE,ORIGINATION_SYS
,B1760,VA,2022-02-04,2042-02-04,252785.00,165215.65,7.358,240,ND,PURCHASE,A+,22,LOW,CURRENT,0,Bank of America,2023-04-04,2023-04-21,COMPLETE,SERVICING_SYS
L001102,B9748,JUMBO,2023-10-25,2038-10-25,742044.00,598035.31,3.484,240,KS,PURCHASE,B,27,MEDIUM,DEFAULT,121,Freedom Mortgage,2024-07-25,2024-08-10,COMPLETE,SERVICING_SYS
L001103,B9885,JUMBO,2014-07-28,2029-07-28,557146.00,314721.12,3.562,240,NV,CASH_OUT,C,30,LOW,DELINQUENT,62,Wells Fargo,2018-06-04,2018-06-06,COMPLETE,MANUAL_ENTRY
L001104,B9324,FHA,2021-05-06,2036-05-06,260894.00,230902.88,4.596,180,RI,CASH_OUT,A,16,VERY_HIGH,DELINQUENT,39,Bank of America,2022-07-16,2022-08-07,MISSING,MANUAL_ENTRY
L001105,B7065,FHA,2010-06-12,2030-06-12,555705.00,344790.18,2.538,360,TN,REFINANCE,B,24,LOW,CURRENT,0,US Bank,2011-01-05,2011-01-09,COMPLETE,SERVICING_SYS
L001106,B9736,FHA,2019-03-11,2034-03-11,533020.00,478035.56,5.746,240,NY,PURCHASE,B+,21,LOW,DELINQUENT,52,PNC Bank,2030-02-23,2030-03-21,COMPLETE,MANUAL_ENTRY
L001107,B3798,VA,2018-10-07,2038-10-07,436546.00,0.00,5.948,180,NH,PURCHASE,C,19,MEDIUM,PAID_OFF,0,Bank of America,2024-10-31,2024-11-10,COMPLETE,SERVICING_SYS
L001108,B1368,JUMBO,2019-10-05,2049-10-05,717378.00,219425.20,4.109,240,SC,REFINANCE,D,18,HIGH,CURRENT,0,Wells Fargo,2023-03-08,2023-04-01,COMPLETE,MANUAL_ENTRY
L001109,B9159,VA,2018-11-21,2038-11-21,72642.00,48349.30,5.855,360,OR,REFINANCE,D,8,LOW,CURRENT,0,US Bank,2025-08-24,2025-08-30,INCOMPLETE,MANUAL_ENTRY
L001110,B6625,FHA,2016-10-12,2031-10-12,480915.00,288706.82,4.892,360,OH,PURCHASE,D,9,LOW,CURRENT,0,Bank of America,2022-01-01,2022-01-10,COMPLETE,MANUAL_ENTRY
L001111,B3800,CONVENTIONAL,2013-09-27,2043-09-27,721098.00,457608.99,7.514,180,FL,REFINANCE,A,12,VERY_HIGH,CURRENT,0,Bank of America,2013-12-06,2013-12-23,COMPLETE,ORIGINATION_SYS
L001112,B4628,CONVENTIONAL,2010-05-29,2040-05-29,237843.00,0.00,5.838,360,IL,CASH_OUT,A,10,VERY_HIGH,PAID_OFF,0,Bank of America,2014-07-05,2014-07-26,INCOMPLETE,MANUAL_ENTRY
L001113,B2736,VA,2015-04-26,2045-04-26,673907.00,524960.53,4.996,180,XX,REFINANCE,C,29,LOW,CURRENT,0,Wells Fargo,2024-12-24,2024-12-24,COMPLETE,MANUAL_ENTRY
L001114,B6830,FHA,2017-09-26,2047-09-26,459340.00,364647.97,2.604,240,CT,CASH_OUT,C,24,MEDIUM,CURRENT,0,Freedom Mortgage,2024-06-16,2024-06-30,MISSING,MANUAL_ENTRY
L001115,B1319,CONVENTIONAL,2016-08-07,2036-08-07,520627.00,348905.18,5.685,180,TN,PURCHASE,A,3,MEDIUM,CURRENT,0,Quicken Loans,2022-01-23,2022-02-03,INCOMPLETE,ORIGINATION_SYS
L001116,B1708,JUMBO,2011-01-25,2026-01-25,334566.00,300208.45,5.404,360,NV,CASH_OUT,D,26,HIGH,CURRENT,0,JPMorgan Chase,2022-01-05,2022-01-14,MISSING,SERVICING_SYS
L001117,B8826,FHA,2013-03-07,2028-03-07,172504.00,88036.51,4.393,240,ID,PURCHASE,A,19,LOW,CURRENT,0,Bank of America,2019-12-17,2019-12-24,COMPLETE,MANUAL_ENTRY
L001118,B9866,VA,2016-08-12,2036-08-12,80827.00,37835.35,6.608,240,IA,CASH_OUT,D,10,MEDIUM,CURRENT,0,Wells Fargo,2026-10-18,2026-11-14,INCOMPLETE,ORIGINATION_SYS
L001119,B6456,VA,2021-12-26,2036-12-26,377721.00,0.00,3.809,180,RI,PURCHASE,A,23,MEDIUM,PAID_OFF,0,Quicken Loans,2032-12-08,2032-12-12,COMPLETE,ORIGINATION_SYS
L001120,B9104,FHA,2011-07-11,2041-07-11,545243.00,247506.82,5.054,240,OH,CASH_OUT,B,19,HIGH,DEFAULT,163,US Bank,2018-09-16,2018-09-26,COMPLETE,SERVICING_SYS
L001121,B3292,VA,2022-06-06,2042-06-06,229274.00,95748.04,3.108,180,MA,REFINANCE,C,19,LOW,DELINQUENT,40,Quicken Loans,2030-02-24,2030-02-26,COMPLETE,ORIGINATION_SYS
L001122,B6034,VA,2021-11-13,2051-11-13,99454.00,53320.01,5.33,240,MN,PURCHASE,C,14,HIGH,CURRENT,0,Wells Fargo,2024-11-05,2024-12-01,INCOMPLETE,SERVICING_SYS
L001123,B5259,VA,2012-09-02,2032-09-02,658783.00,0.00,7.584,360,MI,PURCHASE,D,16,LOW,PAID_OFF,0,JPMorgan Chase,2019-02-27,2019-03-05,COMPLETE,ORIGINATION_SYS
L001124,B3985,JUMBO,2019-06-14,2034-06-14,121982.00,91175.15,8.118,360,OH,PURCHASE,A+,2,HIGH,CURRENT,0,Freedom Mortgage,2026-10-04,2026-10-09,COMPLETE,SERVICING_SYS
L001125,B6135,FHA,2014-05-28,2029-05-28,349096.00,292432.99,3.233,360,MA,CASH_OUT,B,29,HIGH,CURRENT,0,PNC Bank,2018-01-11,2018-01-18,COMPLETE,MANUAL_ENTRY
L001126,B4080,VA,2011-02-14,2026-02-14,586749.00,391327.13,4.175,240,WV,REFINANCE,D,23,VERY_HIGH,CURRENT,0,JPMorgan Chase,2015-12-20,2016-01-07,INCOMPLETE,MANUAL_ENTRY
L001127,B5209,JUMBO,2011-06-19,2031-06-19,285388.00,124553.34,6.275,240,MI,PURCHASE,A+,18,LOW,CURRENT,0,PNC Bank,2018-02-19,2018-02-20,COMPLETE,MANUAL_ENTRY
L001128,B6576,FHA,2023-05-11,2053-05-11,406813.00,248887.73,3.071,180,NE,CASH_OUT,A+,9,HIGH,CURRENT,0,JPMorgan Chase,2029-05-25,2029-06-14,COMPLETE,SERVICING_SYS
L001129,B8500,VA,2021-07-17,2051-07-17,361994.00,0.00,5.128,360,MS,REFINANCE,C,20,HIGH,PAID_OFF,0,Freedom Mortgage,2031-01-14,2031-01-30,COMPLETE,MANUAL_ENTRY
L001130,B9827,CONVENTIONAL,2012-06-29,2042-06-29,103836.00,43242.25,7.42,240,IL,CASH_OUT,A+,29,VERY_HIGH,CURRENT,0,Wells Fargo,2020-12-06,2020-12-20,COMPLETE,SERVICING_SYS
L001131,B5356,FHA,2023-01-09,2053-01-09,363785.00,325710.41,5.053,180,MT,CASH_OUT,A,2,MEDIUM,CURRENT,0,PNC Bank,2026-10-16,2026-10-22,COMPLETE,ORIGINATION_SYS
L001132,B5026,JUMBO,2021-11-05,2051-11-05,408318.00,0.00,7.506,180,MI,CASH_OUT,A,28,LOW,PAID_OFF,0,PNC Bank,2023-03-17,2023-04-11,COMPLETE,MANUAL_ENTRY
L001133,B6171,FHA,2022-11-06,2052-11-06,225032.00,189410.88,5.862,240,PA,PURCHASE,B,26,HIGH,CURRENT,0,Wells Fargo,2029-05-26,2029-06-15,INCOMPLETE,SERVICING_SYS
L001134,B6216,FHA,2021-04-26,2051-04-26,71671.00,89588.75,3.259,240,XX,CASH_OUT,A,3,MEDIUM,CURRENT,0,Freedom Mortgage,2029-10-18,2029-11-05,COMPLETE,ORIGINATION_SYS
L001135,B6727,CONVENTIONAL,2021-12-12,2036-12-12,651363.00,612341.97,3.96,240,AR,CASH_OUT,A+,10,LOW,CURRENT,0,Freedom Mortgage,2029-04-11,2029-04-27,COMPLETE,ORIGINATION_SYS
L001136,B7561,CONVENTIONAL,2016-05-10,2036-05-10,113959.00,99321.85,7.935,360,ND,REFINANCE,B,12,VERY_HIGH,CURRENT,0,JPMorgan Chase,2024-06-14,2024-07-13,COMPLETE,ORIGINATION_SYS
L001137,B1988,CONVENTIONAL,2017-10-27,2047-10-27,678709.00,380493.16,6.26,360,WI,REFINANCE,A,11,HIGH,CURRENT,0,Quicken Loans,2021-11-11,2021-12-02,COMPLETE,MANUAL_ENTRY
L001138,B2895,CONVENTIONAL,2017-07-01,2037-07-01,443817.00,202210.00,4.779,180,UT,CASH_OUT,A,21,MEDIUM,CURRENT,0,Freedom Mortgage,2019-08-31,2019-09-16,MISSING,SERVICING_SYS
L001139,B7196,JUMBO,2020-11-26,2035-11-26,529131.00,168429.00,2.528,180,ND,PURCHASE,D,25,HIGH,CURRENT,0,Bank of America,2027-08-27,2027-08-29,INCOMPLETE,MANUAL_ENTRY
L001140,B6297,FHA,2019-03-31,2034-03-31,86660.00,76316.77,4.509,360,NE,REFINANCE,A,11,LOW,DELINQUENT,74,Wells Fargo,2024-07-03,2024-07-09,COMPLETE,MANUAL_ENTRY
L001141,B4416,JUMBO,2010-01-11,2025-01-11,564237.00,528737.46,3.306,360,KY,CASH_OUT,C,21,HIGH,CURRENT,0,Quicken Loans,2011-09-17,2011-09-20,COMPLETE,MANUAL_ENTRY
L001142,B1735,JUMBO,2015-02-27,2045-02-27,382386.00,0.00,5.472,240,TX,CASH_OUT,B+,30,LOW,PAID_OFF,0,US Bank,2021-09-09,2021-09-14,COMPLETE,MANUAL_ENTRY
L001143,B6744,CONVENTIONAL,2016-03-29,2046-03-29,583879.00,347597.23,7.634,180,WY,REFINANCE,A+,23,VERY_HIGH,CURRENT,0,JPMorgan Chase,2019-11-29,2019-12-26,COMPLETE,SERVICING_SYS
L001144,B2963,CONVENTIONAL,2015-12-19,2030-12-19,72306.00,51855.86,7.045,240,WY,PURCHASE,B,9,MEDIUM,CURRENT,0,US Bank,2022-03-31,2022-04-16,INCOMPLETE,ORIGINATION_SYS
L001145,B9388,FHA,2021-05-18,2041-05-18,265531.00,174306.46,6.894,180,WI,REFINANCE,D,0,HIGH,CURRENT,0,Wells Fargo,2029-11-03,2029-11-10,COMPLETE,MANUAL_ENTRY
L001146,B7867,CONVENTIONAL,2010-04-13,2040-04-13,168192.00,153450.26,3.618,180,MN,REFINANCE,B,1,HIGH,CURRENT,0,Wells Fargo,2016-02-10,2016-03-01,INCOMPLETE,ORIGINATION_SYS
L001147,B5399,VA,2011-11-28,2041-11-28,86543.00,66699.10,2.898,180,NY,CASH_OUT,A+,26,HIGH,CURRENT,0,Wells Fargo,2017-03-02,2017-03-20,COMPLETE,SERVICING_SYS
L001148,B6071,CONVENTIONAL,2018-04-30,2033-04-30,627595.00,450682.41,8.229,180,LA,CASH_OUT,D,0,VERY_HIGH,CURRENT,0,JPMorgan Chase,2023-10-28,2023-11-20,COMPLETE,SERVICING_SYS
L001149,B3361,FHA,2022-11-18,2042-11-18,264628.00,110923.05,4.238,240,VT,CASH_OUT,B+,6,MEDIUM,CURRENT,0,Quicken Loans,2028-07-10,2028-07-13,COMPLETE,MANUAL_ENTRY
L001150,B4524,CONVENTIONAL,2011-02-27,2026-02-27,251765.00,125520.26,5.349,180,NH,CASH_OUT,B+,5,LOW,CURRENT,0,JPMorgan Chase,2012-05-08,2012-06-01,COMPLETE,MANUAL_ENTRY
L001151,B6904,FHA,2017-07-09,2032-07-09,459913.00,405008.88,4.956,360,AL,REFINANCE,D,15,HIGH,CURRENT,0,Wells Fargo,2019-02-14,2019-02-15,COMPLETE,ORIGINATION_SYS
L001152,B8560,CONVENTIONAL,2013-01-23,2033-01-23,640438.00,594136.22,3.637,180,HI,PURCHASE,A,3,MEDIUM,CURRENT,0,US Bank,2018-04-26,2018-05-22,COMPLETE,ORIGINATION_SYS
L001153,B5159,VA,2021-06-04,2041-06-04,129241.00,93803.88,7.721,360,WV,REFINANCE,A,15,LOW,CURRENT,0,US Bank,2023-08-03,2023-08-08,COMPLETE,ORIGINATION_SYS
L001154,B3370,FHA,2020-08-18,2035-08-18,526879.00,246022.44,7.057,240,FL,PURCHASE,C,4,LOW,CURRENT,0,PNC Bank,2021-04-25,2021-05-07,COMPLETE,SERVICING_SYS
L001155,B1278,VA,2014-01-23,2029-01-23,666261.00,316754.32,4.331,240,NM,PURCHASE,D,19,LOW,CURRENT,0,JPMorgan Chase,2024-11-05,2024-11-26,COMPLETE,MANUAL_ENTRY
L001156,B8628,VA,2017-12-02,2037-12-02,148957.00,66438.11,6.821,180,UT,PURCHASE,C,30,HIGH,CURRENT,0,Freedom Mortgage,2022-08-03,2022-08-25,COMPLETE,MANUAL_ENTRY
L001157,B6237,CONVENTIONAL,2017-11-13,2032-11-13,450833.00,146108.66,3.524,240,MT,CASH_OUT,C,23,VERY_HIGH,CURRENT,0,Bank of America,2024-05-25,2024-06-09,COMPLETE,MANUAL_ENTRY
L001158,B9610,VA,2019-06-14,2034-06-14,-274284.00,0.00,4.372,240,XX,CASH_OUT,B,14,LOW,CLOSED,0,US Bank,2029-09-17,2029-09-20,COMPLETE,SERVICING_SYS
L001159,B9668,FHA,2016-07-16,2046-07-16,644808.00,248192.51,4.858,360,IL,REFINANCE,B,8,HIGH,CURRENT,0,US Bank,2017-02-09,2017-02-22,COMPLETE,ORIGINATION_SYS
L001160,B8072,FHA,2021-04-23,2036-04-23,172964.00,0.00,3.388,180,HI,PURCHASE,B+,23,VERY_HIGH,CLOSED,0,PNC Bank,2025-12-28,2026-01-27,COMPLETE,ORIGINATION_SYS
L001161,B9987,JUMBO,2018-01-22,2038-01-22,51562.00,44916.79,3.992,240,MT,REFINANCE,B,18,LOW,PENDING,91,US Bank,2018-10-28,2018-10-28,COMPLETE,MANUAL_ENTRY
,B2512,JUMBO,2022-10-28,2052-10-28,144352.00,54688.73,5.906,360,KS,PURCHASE,B+,15,MEDIUM,CURRENT,0,Quicken Loans,2031-11-09,2031-12-02,INCOMPLETE,MANUAL_ENTRY
L001163,B6518,VA,2021-12-06,2051-12-06,532167.00,415626.80,5.76,180,OK,REFINANCE,D,8,VERY_HIGH,DELINQUENT,54,JPMorgan Chase,2022-02-10,2022-02-11,COMPLETE,MANUAL_ENTRY
L001164,B5002,JUMBO,2023-03-23,2053-03-23,340801.00,253826.20,2.995,180,CO,REFINANCE,A,21,HIGH,CURRENT,0,PNC Bank,2024-08-20,2024-08-28,COMPLETE,ORIGINATION_SYS
L001165,B1197,CONVENTIONAL,2022-11-10,2042-11-10,207371.00,193333.22,4.678,240,LA,REFINANCE,D,0,VERY_HIGH,CURRENT,0,Bank of America,2025-11-08,2025-11-20,MISSING,MANUAL_ENTRY
L001166,B3429,CONVENTIONAL,2023-05-25,2043-05-25,347149.00,235472.22,3.073,360,TN,CASH_OUT,A,25,MEDIUM,DELINQUENT,85,PNC Bank,2028-01-05,2028-01-29,COMPLETE,ORIGINATION_SYS
L001167,B5734,CONVENTIONAL,2021-05-16,2036-05-16,194465.00,140831.92,3.396,240,ND,REFINANCE,A+,28,LOW,CURRENT,0,Quicken Loans,2028-02-22,2028-03-01,COMPLETE,ORIGINATION_SYS
L001168,B4641,VA,2020-06-27,2035-06-27,425926.00,304180.49,8.474,180,XX,PURCHASE,B,19,LOW,CURRENT,0,Freedom Mortgage,2024-01-24,2024-02-10,MISSING,MANUAL_ENTRY
L001169,B6363,VA,2017-06-12,2032-06-12,625617.00,234936.07,5.887,240,MT,PURCHASE,A,1,VERY_HIGH,CURRENT,0,US Bank,2018-04-22,2018-04-27,COMPLETE,SERVICING_SYS
L001170,B8508,CONVENTIONAL,2019-07-26,2039-07-26,74674.00,25012.68,2.678,360,ID,PURCHASE,B,18,VERY_HIGH,CURRENT,0,Wells Fargo,2022-05-13,2022-05-24,COMPLETE,ORIGINATION_SYS
L001171,B5236,VA,2015-12-07,2045-12-07,442441.00,136047.70,4.791,180,MD,CASH_OUT,B,28,MEDIUM,DELINQUENT,57,Quicken Loans,2024-06-09,2024-06-22,MISSING,MANUAL_ENTRY
L001172,B9179,FHA,2016-09-22,2036-09-22,-76375.00,28227.90,8.284,240,GA,REFINANCE,B,11,VERY_HIGH,CURRENT,0,Wells Fargo,2019-06-18,2019-07-03,MISSING,MANUAL_ENTRY
L001173,B4002,JUMBO,2013-10-17,2028-10-17,383290.00,303550.54,5.218,180,NE,CASH_OUT,D,29,HIGH,DELINQUENT,38,PNC Bank,2023-02-20,2023-03-17,COMPLETE,ORIGINATION_SYS
L001174,B9942,JUMBO,2012-12-01,2032-12-01,130308.00,120099.05,5.564,240,ME,REFINANCE,D,26,LOW,DELINQUENT,58,PNC Bank,2022-11-29,2022-12-04,COMPLETE,MANUAL_ENTRY
L001175,B5969,JUMBO,2014-08-29,2034-08-29,65775.00,0.00,8.461,180,MA,REFINANCE,B,9,LOW,CLOSED,0,Bank of America,2015-12-17,2016-01-09,COMPLETE,MANUAL_ENTRY
L001176,B8091,VA,2018-06-27,2048-06-27,209761.00,192111.35,6.128,240,KY,CASH_OUT,B,0,VERY_HIGH,CURRENT,0,PNC Bank,2022-05-04,2022-05-26,COMPLETE,SERVICING_SYS
L001177,B2315,FHA,2011-12-22,2026-12-22,155985.00,114785.84,5.282,180,NV,PURCHASE,C,7,HIGH,DELINQUENT,79,PNC Bank,2014-04-01,2014-04-19,INCOMPLETE,MANUAL_ENTRY
L001178,B1380,JUMBO,2021-04-11,2036-04-11,117919.00,75863.52,4.931,180,CT,PURCHASE,A,5,LOW,CURRENT,0,JPMorgan Chase,2030-05-06,2030-06-01,INCOMPLETE,SERVICING_SYS
L001179,B7577,CONVENTIONAL,2014-05-26,2044-05-26,342516.00,121069.17,4.366,360,NV,PURCHASE,B,15,MEDIUM,CURRENT,45,Wells Fargo,2024-02-28,2024-03-21,COMPLETE,MANUAL_ENTRY
L001180,B8319,CONVENTIONAL,2018-08-21,2033-08-21,111293.00,48046.66,2.981,240,AL,PURCHASE,C,29,VERY_HIGH,CURRENT,0,Freedom Mortgage,2026-07-22,2026-07-25,COMPLETE,MANUAL_ENTRY
L001181,B1746,CONVENTIONAL,2021-02-18,2051-02-18,153705.00,105026.80,7.808,240,GA,REFINANCE,B+,22,LOW,CURRENT,0,PNC Bank,2028-07-12,2028-07-28,COMPLETE,MANUAL_ENTRY
L001182,B2973,CONVENTIONAL,2016-05-22,2046-05-22,539327.00,449776.68,3.736,240,MI,CASH_OUT,B,22,LOW,CURRENT,0,Wells Fargo,2020-07-23,2020-08-07,MISSING,MANUAL_ENTRY
L001183,B1921,FHA,2021-11-08,2051-11-08,515190.00,329557.28,5.308,240,AK,CASH_OUT,B+,16,LOW,CURRENT,0,Freedom Mortgage,2023-06-24,2023-07-13,COMPLETE,ORIGINATION_SYS
L001184,B9034,CONVENTIONAL,2012-11-29,2027-11-29,674659.00,587914.67,5.713,240,IA,PURCHASE,D,28,VERY_HIGH,CURRENT,0,US Bank,2017-04-20,2017-05-17,COMPLETE,ORIGINATION_SYS
L001185,B8627,CONVENTIONAL,2014-01-31,2034-01-31,623602.00,193130.06,2.588,360,ME,PURCHASE,B,6,VERY_HIGH,DELINQUENT,65,JPMorgan Chase,2018-04-10,2018-04-15,MISSING,ORIGINATION_SYS
L001186,B6773,JUMBO,2018-10-06,2048-10-06,89899.00,73094.39,4.057,360,MO,REFINANCE,B+,21,HIGH,CURRENT,0,Wells Fargo,2026-05-06,2026-05-19,COMPLETE,ORIGINATION_SYS
L001187,B6273,CONVENTIONAL,2015-07-08,2045-07-08,432391.00,0.00,6.915,240,GA,REFINANCE,A,0,VERY_HIGH,PAID_OFF,0,Wells Fargo,2026-03-05,2026-03-11,COMPLETE,ORIGINATION_SYS
L001188,B9817,FHA,2021-09-21,2041-09-21,214144.00,103505.44,5.967,240,ME,CASH_OUT,A,7,LOW,CURRENT,0,Wells Fargo,2030-03-12,2030-03-21,MISSING,MANUAL_ENTRY
L001189,B2653,VA,2019-07-15,2049-07-15,128217.00,106308.67,7.97,240,MS,CASH_OUT,A+,12,HIGH,CURRENT,0,Quicken Loans,2022-03-07,2022-03-29,INCOMPLETE,ORIGINATION_SYS
L001190,B2941,VA,2023-10-13,2043-10-13,293974.00,147400.86,7.973,240,GA,REFINANCE,A+,26,VERY_HIGH,CURRENT,0,Freedom Mortgage,2023-11-24,2023-12-24,COMPLETE,SERVICING_SYS
L001191,B2251,JUMBO,2015-07-15,2045-07-15,403328.00,205140.10,7.946,240,FL,PURCHASE,A+,11,VERY_HIGH,DEFAULT,146,US Bank,2017-02-24,2017-02-27,COMPLETE,SERVICING_SYS
L001192,B7280,CONVENTIONAL,2013-06-21,2033-06-21,720555.00,237530.52,3.421,240,WV,REFINANCE,C,13,VERY_HIGH,DELINQUENT,68,Quicken Loans,2018-09-24,2018-09-28,COMPLETE,ORIGINATION_SYS
L001193,B6925,JUMBO,2019-11-27,2034-11-27,78643.00,47142.56,7.333,360,TN,PURCHASE,D,21,LOW,CURRENT,0,JPMorgan Chase,2025-08-05,2025-08-08,COMPLETE,SERVICING_SYS
L001194,B5943,VA,2015-02-13,2045-02-13,66720.00,0.00,6.734,360,AR,PURCHASE,A+,5,HIGH,PAID_OFF,0,Bank of America,2018-07-11,2018-08-04,INCOMPLETE,MANUAL_ENTRY
L001195,B1748,JUMBO,2021-11-05,2041-11-05,204665.00,180264.21,5.0,240,NH,CASH_OUT,D,21,MEDIUM,CURRENT,0,JPMorgan Chase,2027-09-19,2027-10-04,MISSING,MANUAL_ENTRY
L001196,B3266,VA,2014-08-19,2034-08-19,268361.00,0.00,6.122,180,NV,CASH_OUT,A+,26,VERY_HIGH,CLOSED,0,US Bank,2019-03-18,2019-03-19,COMPLETE,MANUAL_ENTRY
L001197,B4829,FHA,2010-09-05,2030-09-05,592126.00,531160.50,2.845,240,WY,PURCHASE,C,0,HIGH,CURRENT,0,Freedom Mortgage,2015-03-04,2015-03-04,COMPLETE,MANUAL_ENTRY
L001198,B8362,JUMBO,2013-04-01,2033-04-01,259730.00,175450.69,8.209,180,UT,CASH_OUT,B+,10,VERY_HIGH,DELINQUENT,87,Quicken Loans,2016-12-31,2017-01-01,COMPLETE,MANUAL_ENTRY
L001199,B2261,CONVENTIONAL,2023-05-10,2043-05-10,574090.00,437423.26,3.947,360,ID,REFINANCE,B,27,VERY_HIGH,CURRENT,0,PNC Bank,2025-03-20,2025-04-15,COMPLETE,MANUAL_ENTRY
L001200,B2692,CONVENTIONAL,2014-08-17,2029-08-17,112533.00,85413.48,7.069,240,TN,REFINANCE,D,19,LOW,CURRENT,0,Quicken Loans,2021-12-03,2021-12-06,COMPLETE,ORIGINATION_SYS
L001201,B7621,FHA,2016-08-09,2031-08-09,696749.00,608942.30,2.694,180,NV,CASH_OUT,A,6,MEDIUM,CURRENT,0,JPMorgan Chase,2019-12-05,2019-12-05,INCOMPLETE,MANUAL_ENTRY
L001202,B7512,VA,2019-04-09,2049-04-09,626290.00,0.00,5.473,180,OH,PURCHASE,A,14,VERY_HIGH,CLOSED,0,Freedom Mortgage,2029-05-03,2029-05-03,MISSING,ORIGINATION_SYS
L001203,B1539,VA,2018-12-22,2033-12-22,517296.00,453467.40,6.0,180,NJ,PURCHASE,C,29,HIGH,CURRENT,0,Quicken Loans,2022-11-23,2022-12-11,COMPLETE,ORIGINATION_SYS
L001204,B1087,FHA,2019-11-19,2034-11-19,640559.00,308181.96,8.247,180,WI,REFINANCE,C,1,MEDIUM,CURRENT,0,Bank of America,2022-09-03,2022-09-22,COMPLETE,MANUAL_ENTRY
L001205,B9081,FHA,2017-04-16,2032-04-16,682944.00,302093.10,5.746,180,OR,PURCHASE,D,7,HIGH,DELINQUENT,38,PNC Bank,2022-07-21,2022-07-22,COMPLETE,MANUAL_ENTRY
L001206,B3812,JUMBO,2019-08-18,2034-08-18,181531.00,152447.80,7.678,360,MN,PURCHASE,A+,15,HIGH,DELINQUENT,58,US Bank,2024-02-21,2024-03-15,COMPLETE,SERVICING_SYS
L001207,B7859,JUMBO,2010-07-11,2030-07-11,50598.00,31810.08,8.462,240,AK,PURCHASE,A,17,LOW,CURRENT,0,PNC Bank,2013-12-26,2014-01-17,MISSING,MANUAL_ENTRY
L001208,B5903,FHA,2013-11-08,2043-11-08,98714.00,40259.28,6.218,240,OR,PURCHASE,A+,7,MEDIUM,DEFAULT,280,JPMorgan Chase,2022-08-24,2022-09-04,MISSING,ORIGINATION_SYS
L001209,B7131,VA,2014-08-17,2029-08-17,56879.00,52460.24,4.564,180,WA,PURCHASE,C,9,HIGH,CURRENT,0,Freedom Mortgage,2026-01-17,2026-02-08,COMPLETE,ORIGINATION_SYS
L001210,B4410,FHA,2015-01-26,2035-01-26,659112.00,413784.49,7.03,180,HI,REFINANCE,B,12,MEDIUM,CURRENT,0,US Bank,2021-06-07,2021-06-20,COMPLETE,MANUAL_ENTRY
L001211,B3069,VA,2010-08-07,2030-08-07,641743.00,503963.15,7.016,180,PA,PURCHASE,D,24,HIGH,CURRENT,0,Freedom Mortgage,2017-11-30,2017-12-19,COMPLETE,MANUAL_ENTRY
L001212,B7577,FHA,2023-06-26,2053-06-26,190401.00,174863.56,2.952,240,MS,REFINANCE,B,2,LOW,CURRENT,0,Quicken Loans,2026-04-15,2026-04-20,COMPLETE,SERVICING_SYS
L001213,B3169,FHA,2012-02-01,2042-02-01,263017.00,233058.46,4.873,180,CT,REFINANCE,C,7,VERY_HIGH,CURRENT,0,JPMorgan Chase,2021-02-06,2021-03-08,COMPLETE,SERVICING_SYS
L001214,B7276,CONVENTIONAL,2020-08-14,2040-08-14,208486.00,153040.58,7.884,180,SC,REFINANCE,A,14,MEDIUM,CURRENT,0,Wells Fargo,2030-12-29,2030-12-29,COMPLETE,ORIGINATION_SYS
L001215,B2734,CONVENTIONAL,2021-12-15,2041-12-15,380726.00,330646.81,4.623,180,MN,PURCHASE,C,3,HIGH,CURRENT,0,JPMorgan Chase,2024-03-06,2024-03-29,INCOMPLETE,ORIGINATION_SYS
L001216,B8948,JUMBO,2023-01-19,2053-01-19,160171.00,79233.91,6.326,240,FL,REFINANCE,B+,23,HIGH,DELINQUENT,33,Freedom Mortgage,2028-12-07,2028-12-11,COMPLETE,ORIGINATION_SYS
L001217,B9842,CONVENTIONAL,2021-04-03,2051-04-03,297743.00,226382.16,6.044,360,AL,REFINANCE,A+,15,VERY_HIGH,CURRENT,0,Wells Fargo,2030-04-14,2030-04-27,COMPLETE,SERVICING_SYS
L001218,B1936,FHA,2022-11-20,2037-11-20,269120.00,234782.43,4.542,360,ME,REFINANCE,C,1,HIGH,DEFAULT,310,PNC Bank,2026-12-10,2026-12-26,INCOMPLETE,SERVICING_SYS
L001219,B8163,JUMBO,2021-10-29,2051-10-29,251437.00,211006.56,3.31,180,XX,CASH_OUT,C,12,VERY_HIGH,CURRENT,0,JPMorgan Chase,2032-10-25,2032-11-15,COMPLETE,ORIGINATION_SYS
L001220,B7419,FHA,2018-02-16,2038-02-16,277233.00,238551.04,5.833,180,MN,PURCHASE,A,17,MEDIUM,DELINQUENT,50,Bank of America,2026-06-23,2026-07-16,INCOMPLETE,MANUAL_ENTRY
L001221,B5127,FHA,2019-02-06,2034-02-06,364442.00,215273.84,6.377,180,HI,PURCHASE,B,29,HIGH,CURRENT,0,Wells Fargo,2021-04-18,2021-04-27,COMPLETE,ORIGINATION_SYS
L001222,B8264,CONVENTIONAL,2023-04-29,2038-04-29,64097.00,44455.43,3.306,240,XX,REFINANCE,A,30,HIGH,DELINQUENT,55,Quicken Loans,2025-04-25,2025-05-01,COMPLETE,SERVICING_SYS
L001223,B2382,FHA,2016-05-24,2046-05-24,91249.00,28487.57,3.974,180,ID,PURCHASE,B,9,VERY_HIGH,CURRENT,0,Wells Fargo,2017-04-25,2017-04-27,MISSING,ORIGINATION_SYS
L001224,B8960,CONVENTIONAL,2018-07-29,2033-07-29,99049.00,56746.84,4.422,240,UT,CASH_OUT,D,26,LOW,CURRENT,0,Quicken Loans,2024-08-02,2024-08-15,INCOMPLETE,SERVICING_SYS
L001225,B4739,JUMBO,2016-04-24,2031-04-24,601259.00,459120.38,3.541,240,NH,REFINANCE,B+,4,MEDIUM,CURRENT,0,PNC Bank,2016-07-23,2016-07-26,COMPLETE,ORIGINATION_SYS
L001226,B8131,VA,2019-03-16,2034-03-16,63034.00,45251.74,3.323,180,MO,REFINANCE,C,28,HIGH,DEFAULT,222,Wells Fargo,2022-06-17,2022-07-16,COMPLETE,SERVICING_SYS
L001227,B7884,CONVENTIONAL,2014-01-03,2034-01-03,542692.00,395090.65,5.032,360,KY,CASH_OUT,C,5,LOW,CURRENT,0,Freedom Mortgage,2018-02-23,2018-03-03,INCOMPLETE,ORIGINATION_SYS
L001228,B9100,FHA,2020-08-13,2040-08-13,406705.00,148470.26,3.535,360,HI,REFINANCE,A+,7,VERY_HIGH,CURRENT,0,Bank of America,2020-12-01,2020-12-09,INCOMPLETE,ORIGINATION_SYS
L001229,B9208,JUMBO,2021-02-16,2036-02-16,279663.00,132737.67,5.936,240,AL,PURCHASE,C,27,HIGH,CURRENT,0,Freedom Mortgage,2024-12-20,2025-01-06,COMPLETE,ORIGINATION_SYS
L001230,B4241,JUMBO,2018-06-28,2033-06-28,488327.00,324062.46,6.904,240,AL,PURCHASE,A+,10,MEDIUM,CURRENT,0,US Bank,2026-04-15,2026-05-12,COMPLETE,SERVICING_SYS
L001231,B1262,CONVENTIONAL,2020-10-21,2050-10-21,330931.00,136789.57,5.989,180,CA,REFINANCE,B+,13,LOW,CURRENT,0,Bank of America,2024-01-04,2024-01-19,INCOMPLETE,MANUAL_ENTRY
L001232,B5291,VA,2019-03-18,2049-03-18,148422.00,72851.46,3.774,180,MO,PURCHASE,A+,24,VERY_HIGH,CURRENT,0,Freedom Mortgage,2030-01-05,2030-01-25,MISSING,SERVICING_SYS
L001233,B4831,JUMBO,2019-04-28,2039-04-28,484208.00,412497.66,5.821,180,MD,CASH_OUT,A,16,HIGH,CURRENT,0,Freedom Mortgage,2029-03-27,2029-04-12,COMPLETE,MANUAL_ENTRY
L001234,B2802,CONVENTIONAL,2010-10-02,2025-10-02,206397.00,0.00,7.162,240,VT,REFINANCE,B+,26,VERY_HIGH,PAID_OFF,0,Wells Fargo,2012-09-14,2012-09-23,MISSING,SERVICING_SYS
L001235,B5374,JUMBO,2019-03-29,2039-03-29,84882.00,44083.43,6.053,180,MT,REFINANCE,B+,14,MEDIUM,CURRENT,0,Wells Fargo,2027-03-28,2027-04-23,COMPLETE,MANUAL_ENTRY
L001236,B8788,VA,2012-09-12,2042-09-12,192228.00,80538.47,7.157,360,XX,CASH_OUT,D,16,VERY_HIGH,CURRENT,0,Bank of America,2017-05-19,2017-05-25,COMPLETE,SERVICING_SYS
L001237,B3771,JUMBO,2023-05-30,2038-05-30,456019.00,276335.35,8.424,180,MA,CASH_OUT,C,27,LOW,CURRENT,0,Freedom Mortgage,2028-02-21,2028-03-13,COMPLETE,MANUAL_ENTRY
L001238,B7923,CONVENTIONAL,2013-02-04,2028-02-04,173677.00,130501.78,5.77,240,NH,PURCHASE,D,12,MEDIUM,CURRENT,0,JPMorgan Chase,2020-06-10,2020-07-06,COMPLETE,ORIGINATION_SYS
L001239,B3905,CONVENTIONAL,2019-01-08,2034-01-08,655951.00,593705.29,6.537,360,HI,REFINANCE,A,17,MEDIUM,DELINQUENT,86,Quicken Loans,2019-04-08,2019-04-30,COMPLETE,ORIGINATION_SYS
L001240,B6045,VA,2015-03-27,2035-03-27,144830.00,0.00,3.53,360,AK,PURCHASE,B+,22,MEDIUM,PAID_OFF,0,Wells Fargo,2015-05-20,2015-06-10,INCOMPLETE,SERVICING_SYS
L001241,B7857,JUMBO,2016-10-13,2046-10-13,720809.00,498062.90,2.661,240,CA,CASH_OUT,C,26,VERY_HIGH,CURRENT,0,JPMorgan Chase,2020-01-12,2020-01-12,COMPLETE,MANUAL_ENTRY
L001242,B5019,CONVENTIONAL,2021-11-24,2036-11-24,334745.00,0.00,6.684,360,WV,PURCHASE,D,23,LOW,PAID_OFF,0,Quicken Loans,2030-04-22,2030-05-07,COMPLETE,ORIGINATION_SYS
L001243,B6631,CONVENTIONAL,2018-09-01,2048-09-01,445213.00,409596.54,3.118,360,WY,CASH_OUT,B+,21,MEDIUM,CURRENT,0,Freedom Mortgage,2021-03-27,2021-04-16,COMPLETE,SERVICING_SYS
L001244,B3557,JUMBO,2010-01-13,2025-01-13,520567.00,418307.83,6.285,180,AR,PURCHASE,A,16,LOW,CURRENT,0,US Bank,2010-09-22,2010-10-12,INCOMPLETE,ORIGINATION_SYS
L001245,B3848,VA,2020-03-10,2035-03-10,471644.00,187546.74,7.498,360,AK,CASH_OUT,A,14,MEDIUM,CURRENT,0,US Bank,2030-11-17,2030-12-03,COMPLETE,SERVICING_SYS
L001246,B1035,JUMBO,2022-09-03,2037-09-03,722751.00,520705.82,8.122,360,RI,REFINANCE,A,5,VERY_HIGH,DELINQUENT,35,Quicken Loans,2023-08-07,2023-08-19,COMPLETE,MANUAL_ENTRY
L001247,B3870,JUMBO,2010-09-29,2040-09-29,189952.00,160782.35,3.668,240,IN,REFINANCE,A+,12,MEDIUM,CURRENT,0,PNC Bank,2012-03-03,2012-03-11,COMPLETE,MANUAL_ENTRY
L001248,B3336,VA,2020-11-13,2035-11-13,135168.00,56245.81,3.474,240,RI,PURCHASE,A+,2,MEDIUM,DELINQUENT,48,JPMorgan Chase,2030-01-14,2030-01-28,COMPLETE,ORIGINATION_SYS
L001249,B1963,FHA,2014-02-05,2044-02-05,329193.00,220697.42,6.16,360,AL,PURCHASE,C,7,VERY_HIGH,CURRENT,0,Bank of America,2023-05-02,2023-05-06,INCOMPLETE,MANUAL_ENTRY
L001250,B2296,JUMBO,2016-11-30,2031-11-30,419025.00,222359.34,7.239,240,KS,REFINANCE,B+,8,MEDIUM,DELINQUENT,57,Wells Fargo,2019-11-12,2019-11-23,INCOMPLETE,MANUAL_ENTRY
L001251,B3494,FHA,2020-02-18,2040-02-18,310853.00,197873.79,8.264,180,MO,REFINANCE,D,19,VERY_HIGH,CURRENT,0,Bank of America,2028-03-14,2028-04-01,COMPLETE,SERVICING_SYS
L001252,B3853,FHA,2023-01-16,2043-01-16,644487.00,0.00,6.991,240,ND,REFINANCE,B,5,VERY_HIGH,CLOSED,0,US Bank,2032-09-18,2032-10-07,COMPLETE,SERVICING_SYS
L001253,B3898,FHA,2019-05-09,2039-05-09,126201.00,0.00,7.855,240,PA,CASH_OUT,B+,26,MEDIUM,PAID_OFF,0,US Bank,2025-10-25,2025-11-23,COMPLETE,MANUAL_ENTRY
L001254,B7550,JUMBO,2022-04-18,2037-04-18,275796.00,140214.84,6.761,240,MS,REFINANCE,A,9,LOW,CURRENT,0,JPMorgan Chase,2027-09-24,2027-10-02,COMPLETE,ORIGINATION_SYS
L001255,B4106,CONVENTIONAL,2021-09-26,2041-09-26,687543.00,569639.00,3.429,180,AK,PURCHASE,A,9,HIGH,CURRENT,0,Wells Fargo,2024-01-23,2024-02-12,MISSING,MANUAL_ENTRY
L001256,B4716,CONVENTIONAL,2020-06-17,2040-06-17,203924.00,172529.75,7.724,360,CA,PURCHASE,C,3,LOW,DELINQUENT,34,JPMorgan Chase,2031-04-09,2031-04-25,INCOMPLETE,SERVICING_SYS
L001257,B9849,JUMBO,2017-03-17,2032-03-17,716441.00,607793.24,6.367,360,HI,CASH_OUT,B+,30,MEDIUM,CURRENT,0,Bank of America,2017-08-29,2017-09-27,COMPLETE,MANUAL_ENTRY
L001258,B8937,JUMBO,2013-05-24,2028-05-24,593781.00,15000.00,5.069,180,KY,CASH_OUT,A+,12,MEDIUM,CLOSED,0,US Bank,2016-01-29,2016-02-28,MISSING,MANUAL_ENTRY
L001259,B6971,FHA,2010-10-06,2040-10-06,437995.00,245931.50,6.268,180,NE,REFINANCE,A,29,VERY_HIGH,CURRENT,0,US Bank,2010-11-22,2010-12-02,MISSING,ORIGINATION_SYS
L001260,B3676,VA,2016-07-06,2031-07-06,374660.00,0.00,3.853,180,NM,CASH_OUT,A+,10,VERY_HIGH,PAID_OFF,0,Wells Fargo,2022-02-05,2022-02-05,COMPLETE,SERVICING_SYS
L001261,B4698,JUMBO,2021-02-14,2036-02-14,723567.00,296816.50,3.017,360,ID,PURCHASE,B,22,HIGH,CURRENT,0,Freedom Mortgage,2032-02-02,2032-02-21,COMPLETE,MANUAL_ENTRY
L001262,B1660,FHA,2023-05-28,2053-05-28,124430.00,85111.50,4.29,180,MD,REFINANCE,D,9,LOW,CURRENT,0,Freedom Mortgage,2025-08-27,2025-09-04,COMPLETE,ORIGINATION_SYS
L001263,B2076,CONVENTIONAL,2019-12-16,2049-12-16,610511.00,348228.65,6.651,240,CA,CASH_OUT,A,25,VERY_HIGH,CURRENT,0,PNC Bank,2022-07-26,2022-07-27,MISSING,MANUAL_ENTRY
L001264,B9818,VA,2022-07-02,2042-07-02,144191.00,88556.17,2.971,240,KY,PURCHASE,A+,26,LOW,CURRENT,0,US Bank,2029-12-14,2030-01-08,COMPLETE,ORIGINATION_SYS
L001265,B8403,VA,2017-09-21,2037-09-21,621063.00,485852.59,4.127,360,MS,PURCHASE,A+,21,LOW,DELINQUENT,81,Quicken Loans,2018-11-15,2018-11-16,COMPLETE,SERVICING_SYS
L001266,B6103,VA,2010-01-23,2025-01-23,348903.00,107235.39,7.857,180,AK,PURCHASE,A+,29,MEDIUM,CURRENT,0,JPMorgan Chase,2019-06-10,2019-06-12,INCOMPLETE,ORIGINATION_SYS
L001267,B1653,FHA,2014-09-09,2044-09-09,451205.00,250814.28,5.582,360,UT,REFINANCE,B+,22,LOW,CURRENT,0,PNC Bank,2025-04-23,2025-05-07,COMPLETE,ORIGINATION_SYS
L001268,B5628,JUMBO,2013-05-26,2033-05-26,387322.00,155835.56,6.756,180,WA,PURCHASE,C,23,VERY_HIGH,DELINQUENT,35,JPMorgan Chase,2024-05-14,2024-05-20,COMPLETE,ORIGINATION_SYS
L001269,B1875,JUMBO,2023-07-27,2043-07-27,364552.00,171839.10,5.424,360,RI,CASH_OUT,D,1,MEDIUM,CURRENT,0,Wells Fargo,2033-10-30,2033-11-20,COMPLETE,MANUAL_ENTRY
L001270,B5622,FHA,2023-10-19,2038-10-19,617123.00,0.00,2.973,180,GA,REFINANCE,D,3,LOW,PAID_OFF,0,Bank of America,2030-12-08,2030-12-25,COMPLETE,SERVICING_SYS
L001271,B2825,JUMBO,2022-07-31,2037-07-31,409567.00,166266.22,2.694,240,UT,PURCHASE,B,0,HIGH,CURRENT,0,JPMorgan Chase,2024-10-01,2024-10-20,MISSING,MANUAL_ENTRY
L001272,B1929,FHA,2010-02-27,2030-02-27,550597.00,505878.85,8.011,180,WI,PURCHASE,C,12,LOW,CURRENT,0,Freedom Mortgage,2013-05-12,2013-05-31,COMPLETE,MANUAL_ENTRY
L001273,B7675,FHA,2015-06-21,2045-06-21,335526.00,192523.46,3.989,360,MO,PURCHASE,C,7,LOW,DEFAULT,288,JPMorgan Chase,2020-02-16,2020-03-10,COMPLETE,MANUAL_ENTRY
L001274,B1097,FHA,2021-12-28,2041-12-28,67242.00,25843.18,7.941,360,MI,PURCHASE,D,7,LOW,CURRENT,0,Quicken Loans,2028-04-20,2028-05-02,COMPLETE,ORIGINATION_SYS
L001275,B8027,VA,2018-04-27,2033-04-27,185544.00,0.00,7.525,360,DE,PURCHASE,B,18,LOW,PAID_OFF,0,US Bank,2019-05-21,2019-05-24,MISSING,ORIGINATION_SYS
L001276,B3589,FHA,2015-04-28,2045-04-28,80212.00,31527.77,7.104,240,OR,REFINANCE,B+,19,HIGH,CURRENT,0,JPMorgan Chase,2022-03-23,2022-04-19,COMPLETE,MANUAL_ENTRY
L001277,B8593,VA,2014-03-10,2034-03-10,93683.00,31121.52,8.003,240,TX,REFINANCE,C,25,HIGH,DELINQUENT,57,PNC Bank,2014-10-02,2014-10-20,MISSING,ORIGINATION_SYS
L001278,B4688,CONVENTIONAL,2017-02-26,2037-02-26,633885.00,586799.26,3.246,180,DE,CASH_OUT,A+,19,VERY_HIGH,CURRENT,0,Bank of America,2020-06-08,2020-06-28,COMPLETE,ORIGINATION_SYS
L001279,B7078,FHA,2016-05-10,2036-05-10,396209.00,221397.23,3.24,360,MA,CASH_OUT,D,12,LOW,CURRENT,0,JPMorgan Chase,2026-02-28,2026-03-25,COMPLETE,SERVICING_SYS
L001280,B3527,JUMBO,2013-02-17,2033-02-17,618077.00,355386.35,7.911,240,XX,PURCHASE,C,25,LOW,CURRENT,0,Bank of America,2016-07-14,2016-07-30,COMPLETE,ORIGINATION_SYS
L001281,B2477,JUMBO,2018-05-26,2033-05-26,54580.00,18781.17,5.482,180,AR,REFINANCE,A+,14,LOW,CURRENT,0,Bank of America,2026-08-15,2026-08-19,COMPLETE,SERVICING_SYS
L001282,B7150,VA,2011-09-07,2026-09-07,307210.00,210123.93,6.892,240,UT,REFINANCE,B+,30,VERY_HIGH,CURRENT,0,US Bank,2018-02-15,2018-02-16,COMPLETE,SERVICING_SYS
L001283,B7518,JUMBO,2012-10-05,2042-10-05,133835.00,0.00,8.287,240,MT,CASH_OUT,B,13,HIGH,PAID_OFF,0,Quicken Loans,2019-12-28,2020-01-25,COMPLETE,ORIGINATION_SYS
L001284,B1113,VA,2014-05-15,2034-05-15,686772.00,426954.13,6.62,180,KS,CASH_OUT,B+,15,VERY_HIGH,DELINQUENT,65,Freedom Mortgage,2019-08-11,2019-09-03,COMPLETE,SERVICING_SYS
L001285,B8085,JUMBO,2015-06-25,2030-06-25,723593.00,264234.48,3.951,180,GA,CASH_OUT,B+,19,VERY_HIGH,CURRENT,0,JPMorgan Chase,2015-11-06,2015-12-01,COMPLETE,ORIGINATION_SYS
L001286,B6278,FHA,2022-09-07,2042-09-07,353138.00,165409.69,7.079,240,NJ,REFINANCE,A+,27,MEDIUM,CURRENT,0,Bank of America,2029-01-19,2029-01-24,COMPLETE,ORIGINATION_SYS
L001287,B1765,FHA,2023-12-14,2053-12-14,217199.00,96760.49,3.93,180,XX,PURCHASE,C,22,LOW,CURRENT,0,Wells Fargo,2027-10-29,2027-11-11,COMPLETE,ORIGINATION_SYS
L001288,B2156,FHA,2013-12-06,2043-12-06,342448.00,168028.21,7.837,180,NM,REFINANCE,C,27,LOW,CURRENT,0,Bank of America,2017-05-05,2017-05-31,COMPLETE,SERVICING_SYS
L001289,B2137,FHA,2012-11-05,2032-11-05,110375.00,98746.46,5.807,180,AL,CASH_OUT,D,25,HIGH,CURRENT,0,JPMorgan Chase,2017-10-27,2017-11-02,COMPLETE,ORIGINATION_SYS
L001290,B4338,CONVENTIONAL,2019-09-14,2049-09-14,207860.00,185795.06,4.985,360,AZ,REFINANCE,D,29,HIGH,CURRENT,0,PNC Bank,2025-01-09,2025-01-24,COMPLETE,SERVICING_SYS
L001291,B6131,FHA,2010-01-29,2025-01-29,635641.00,15000.00,6.243,240,ME,PURCHASE,B+,26,LOW,CLOSED,0,PNC Bank,2019-02-07,2019-02-22,INCOMPLETE,SERVICING_SYS
L001292,B7010,FHA,2011-03-16,2026-03-16,570155.00,271200.85,5.068,240,OR,PURCHASE,D,26,MEDIUM,DELINQUENT,85,Wells Fargo,2016-02-27,2016-03-24,COMPLETE,MANUAL_ENTRY
L001293,B7611,VA,2019-01-30,2034-01-30,583050.00,425937.75,8.175,360,OR,REFINANCE,C,10,VERY_HIGH,CURRENT,0,PNC Bank,2028-08-29,2028-09-16,COMPLETE,MANUAL_ENTRY
L001294,B2267,VA,2014-11-18,2044-11-18,648456.00,480897.72,6.092,360,AZ,CASH_OUT,B+,19,HIGH,DELINQUENT,83,Freedom Mortgage,2021-01-13,2021-01-23,COMPLETE,SERVICING_SYS
L001295,B5859,FHA,2023-05-25,2053-05-25,743988.00,0.00,3.265,360,PA,REFINANCE,D,3,MEDIUM,PAID_OFF,0,Wells Fargo,2032-03-02,2032-03-07,COMPLETE,MANUAL_ENTRY
L001296,B6561,FHA,2021-12-20,2051-12-20,128255.00,0.00,4.009,180,ID,CASH_OUT,D,13,MEDIUM,PAID_OFF,0,JPMorgan Chase,2025-09-29,2025-10-28,COMPLETE,MANUAL_ENTRY
L001297,B3647,VA,2021-11-29,2051-11-29,368961.00,335894.88,4.886,240,VT,REFINANCE,A,27,MEDIUM,CURRENT,0,JPMorgan Chase,2031-04-07,2031-04-13,COMPLETE,MANUAL_ENTRY
L001298,B9555,CONVENTIONAL,2022-04-01,2052-04-01,556544.00,187875.66,4.807,180,IL,CASH_OUT,B+,8,HIGH,DELINQUENT,84,Quicken Loans,2025-08-01,2025-08-10,COMPLETE,MANUAL_ENTRY
L001299,B8271,VA,2023-06-12,2053-06-12,334183.00,185277.66,5.904,240,UT,CASH_OUT,B,0,VERY_HIGH,DEFAULT,256,JPMorgan Chase,2029-04-21,2029-04-27,COMPLETE,ORIGINATION_SYS
L001300,B3169,CONVENTIONAL,2011-02-20,2041-02-20,112237.00,75541.62,3.094,240,MA,CASH_OUT,D,21,VERY_HIGH,CURRENT,0,Bank of America,2012-02-27,2012-03-08,COMPLETE,MANUAL_ENTRY
L001301,B3820,VA,2018-12-10,2038-12-10,393700.00,310450.21,5.322,240,XX,PURCHASE,D,16,VERY_HIGH,CURRENT,0,Bank of America,2024-07-22,2024-08-07,INCOMPLETE,SERVICING_SYS
L001302,B5183,VA,2021-11-28,2036-11-28,355314.00,264403.60,3.139,180,MD,REFINANCE,A,24,VERY_HIGH,CURRENT,0,Bank of America,2026-08-22,2026-08-22,COMPLETE,ORIGINATION_SYS
L001303,B4823,VA,2014-07-10,2044-07-10,476283.00,0.00,7.423,180,NH,PURCHASE,B,13,MEDIUM,CLOSED,0,Wells Fargo,2014-10-17,2014-11-14,COMPLETE,SERVICING_SYS
L001304,B6452,CONVENTIONAL,2013-06-14,2028-06-14,587599.00,421862.02,5.743,360,AK,CASH_OUT,C,23,LOW,CURRENT,0,JPMorgan Chase,2014-01-15,2014-01-23,COMPLETE,ORIGINATION_SYS
L001305,B8978,FHA,2023-02-05,2043-02-05,718960.00,246631.18,7.544,240,OK,REFINANCE,A,6,HIGH,DELINQUENT,68,Quicken Loans,2028-08-12,2028-08-31,COMPLETE,ORIGINATION_SYS
L001306,B9063,VA,2016-09-13,2036-09-13,94289.00,56726.63,8.427,180,NY,CASH_OUT,B+,30,MEDIUM,CURRENT,0,US Bank,2025-06-02,2025-06-10,COMPLETE,SERVICING_SYS
L001307,B5111,VA,2023-02-10,2053-02-10,625151.00,205894.92,3.383,180,CO,REFINANCE,A+,19,MEDIUM,DELINQUENT,57,Bank of America,2023-03-16,2023-04-01,COMPLETE,ORIGINATION_SYS
L001308,B8533,JUMBO,2020-07-06,2035-07-06,377343.00,150868.21,4.214,240,SC,REFINANCE,A,21,HIGH,CURRENT,0,Wells Fargo,2026-11-30,2026-12-16,INCOMPLETE,MANUAL_ENTRY
L001309,B3115,VA,2015-12-30,2045-12-30,598070.00,459953.17,7.22,360,VT,CASH_OUT,C,3,VERY_HIGH,CURRENT,0,JPMorgan Chase,2021-09-10,2021-09-17,COMPLETE,ORIGINATION_SYS
L001310,B5586,FHA,2013-10-10,2033-10-10,82640.00,64371.49,5.255,240,ND,PURCHASE,A,27,VERY_HIGH,CURRENT,0,JPMorgan Chase,2020-01-04,2020-01-26,COMPLETE,SERVICING_SYS
L001311,B9677,CONVENTIONAL,2014-01-29,2044-01-29,274014.00,199258.08,5.312,360,WY,PURCHASE,D,26,HIGH,DELINQUENT,73,Freedom Mortgage,2015-02-17,2015-02-27,COMPLETE,SERVICING_SYS
L001312,B3187,JUMBO,2023-12-21,2053-12-21,672560.00,0.00,6.85,180,DE,REFINANCE,A+,16,LOW,PAID_OFF,0,JPMorgan Chase,2034-06-16,2034-07-14,COMPLETE,SERVICING_SYS
L001313,B9882,JUMBO,2022-11-09,2037-11-09,87656.00,66660.56,2.834,360,NJ,REFINANCE,A+,10,HIGH,DEFAULT,309,Wells Fargo,2026-06-26,2026-07-16,INCOMPLETE,SERVICING_SYS
L001314,B9923,CONVENTIONAL,2021-02-18,2041-02-18,379121.00,163644.27,7.558,360,NC,PURCHASE,C,18,LOW,CURRENT,0,Bank of America,2030-05-24,2030-06-08,COMPLETE,MANUAL_ENTRY
L001315,B7635,FHA,2023-01-12,2043-01-12,437547.00,276290.39,5.533,360,NE,PURCHASE,A+,0,MEDIUM,DELINQUENT,75,Wells Fargo,2030-02-22,2030-03-15,COMPLETE,ORIGINATION_SYS
L001316,B1456,VA,2013-05-21,2028-05-21,672516.00,376236.57,6.929,360,OH,PURCHASE,B,29,VERY_HIGH,CURRENT,0,Freedom Mortgage,2014-10-02,2014-10-22,INCOMPLETE,ORIGINATION_SYS
L001317,B1600,CONVENTIONAL,2021-06-16,2036-06-16,77842.00,56182.96,2.782,360,NM,PURCHASE,A+,17,MEDIUM,CURRENT,0,Quicken Loans,2031-10-21,2031-11-07,COMPLETE,ORIGINATION_SYS
L001318,B8440,CONVENTIONAL,2015-01-09,2035-01-09,586221.00,0.00,3.956,240,NY,REFINANCE,D,16,VERY_HIGH,PAID_OFF,0,Freedom Mortgage,2022-07-09,2022-07-25,INCOMPLETE,ORIGINATION_SYS
L001319,B2663,FHA,2014-04-14,2034-04-14,421524.00,315652.37,7.539,360,IN,PURCHASE,C,10,HIGH,CURRENT,0,PNC Bank,2019-10-29,2019-10-30,COMPLETE,SERVICING_SYS
L001320,B4647,VA,2019-11-14,2049-11-14,84324.00,44890.70,6.765,240,MD,REFINANCE,A+,17,MEDIUM,DELINQUENT,63,Wells Fargo,2025-04-25,2025-04-27,COMPLETE,SERVICING_SYS
L001321,B6287,CONVENTIONAL,2020-11-03,2035-11-03,733043.00,658151.70,3.691,360,DE,REFINANCE,B+,24,VERY_HIGH,CURRENT,0,Freedom Mortgage,2022-08-19,2022-09-17,INCOMPLETE,MANUAL_ENTRY
L001322,B8313,CONVENTIONAL,2011-09-04,2041-09-04,89294.00,60613.35,7.742,180,MD,CASH_OUT,C,11,VERY_HIGH,CURRENT,0,US Bank,2021-07-17,2021-07-26,COMPLETE,SERVICING_SYS
L001323,B8000,VA,2022-11-20,2042-11-20,75941.00,0.00,7.386,180,FL,CASH_OUT,C,15,MEDIUM,CLOSED,0,Freedom Mortgage,2032-02-27,2032-03-13,COMPLETE,ORIGINATION_SYS
L001324,B3413,JUMBO,2012-09-02,2032-09-02,660577.00,603891.00,3.901,360,OK,CASH_OUT,B,22,LOW,CURRENT,0,JPMorgan Chase,2020-09-03,2020-09-21,INCOMPLETE,SERVICING_SYS
L001325,B3868,VA,2022-07-18,2042-07-18,744040.00,370379.28,3.043,360,OK,REFINANCE,B+,23,HIGH,CURRENT,0,US Bank,2031-11-03,2031-11-10,COMPLETE,SERVICING_SYS
L001326,B3894,CONVENTIONAL,2010-07-16,2030-07-16,267373.00,132330.71,4.572,360,OH,REFINANCE,B+,2,VERY_HIGH,DEFAULT,331,Bank of America,2018-07-28,2018-08-20,MISSING,MANUAL_ENTRY
L001327,B3712,CONVENTIONAL,2012-07-30,2032-07-30,116733.00,68553.76,5.582,180,OK,PURCHASE,B+,26,HIGH,CURRENT,0,Wells Fargo,2023-04-18,2023-04-25,INCOMPLETE,SERVICING_SYS
L001328,B4332,JUMBO,2016-02-19,2046-02-19,552805.00,0.00,7.365,240,XX,PURCHASE,A+,25,MEDIUM,PAID_OFF,0,US Bank,2024-02-15,2024-02-27,COMPLETE,MANUAL_ENTRY
L001329,B1484,JUMBO,2015-06-01,2030-06-01,80064.00,66272.18,6.742,180,IL,REFINANCE,D,14,VERY_HIGH,CURRENT,0,Wells Fargo,2025-01-21,2025-02-09,COMPLETE,SERVICING_SYS
L001330,B4940,VA,2019-04-14,2039-04-14,131746.00,0.00,3.543,180,FL,PURCHASE,B+,22,MEDIUM,CLOSED,0,Bank of America,2027-09-27,2027-10-16,COMPLETE,ORIGINATION_SYS
L001331,B6866,CONVENTIONAL,2011-08-16,2026-08-16,508980.00,474250.78,3.063,240,MA,PURCHASE,B+,9,HIGH,CURRENT,0,Freedom Mortgage,2021-09-11,2021-09-23,COMPLETE,SERVICING_SYS
L001332,B7479,VA,2010-08-09,2040-08-09,222180.00,97167.69,5.106,240,MO,PURCHASE,A,17,VERY_HIGH,DEFAULT,269,JPMorgan Chase,2011-05-22,2011-06-06,INCOMPLETE,SERVICING_SYS
L001333,B6486,VA,2014-11-23,2029-11-23,645183.00,438699.75,5.996,180,NY,CASH_OUT,D,12,HIGH,DEFAULT,285,Freedom Mortgage,2024-12-30,2025-01-01,COMPLETE,ORIGINATION_SYS
L001334,B6624,CONVENTIONAL,2010-08-04,2025-08-04,624172.00,0.00,6.872,180,DC,REFINANCE,C,29,HIGH,CLOSED,0,US Bank,2019-01-02,2019-01-14,COMPLETE,ORIGINATION_SYS
L001335,B4824,CONVENTIONAL,2021-12-18,2051-12-18,289802.00,194813.86,4.016,240,WA,CASH_OUT,B+,2,HIGH,CURRENT,0,PNC Bank,2030-07-06,2030-07-21,COMPLETE,ORIGINATION_SYS
L001336,B8644,VA,2013-05-04,2033-05-04,147302.00,55149.41,3.782,180,AL,REFINANCE,A,18,HIGH,DELINQUENT,67,Bank of America,2018-07-22,2018-07-29,COMPLETE,MANUAL_ENTRY
L001337,B9225,CONVENTIONAL,2019-10-08,2039-10-08,149361.00,94693.58,2.859,360,NM,PURCHASE,A,9,MEDIUM,CURRENT,0,US Bank,2025-10-10,2025-10-12,COMPLETE,ORIGINATION_SYS
L001338,B1242,JUMBO,2015-08-12,2030-08-12,504174.00,309007.09,7.291,180,CT,PURCHASE,A+,21,VERY_HIGH,CURRENT,0,PNC Bank,2022-10-09,2022-10-25,COMPLETE,SERVICING_SYS
L001339,B1037,FHA,2012-11-21,2032-11-21,526201.00,444806.75,7.682,360,KS,CASH_OUT,A,11,HIGH,CURRENT,0,JPMorgan Chase,2019-02-12,2019-03-06,COMPLETE,ORIGINATION_SYS
L001340,B6492,VA,2019-01-25,2034-01-25,105358.00,44255.21,7.96,180,FL,PURCHASE,C,23,LOW,CURRENT,0,Wells Fargo,2029-11-25,2029-12-04,INCOMPLETE,ORIGINATION_SYS
L001341,B3321,CONVENTIONAL,2019-01-21,2039-01-21,553735.00,179318.40,3.073,240,KS,PURCHASE,B+,16,MEDIUM,CURRENT,0,JPMorgan Chase,2022-01-03,2022-01-07,INCOMPLETE,SERVICING_SYS
L001342,B3885,CONVENTIONAL,2010-11-03,2025-11-03,385036.00,0.00,4.735,180,CT,CASH_OUT,B+,19,LOW,CLOSED,0,Freedom Mortgage,2012-05-20,2012-05-22,COMPLETE,ORIGINATION_SYS
L001343,B3855,VA,2015-09-29,2045-09-29,371647.00,162000.68,3.589,240,DE,PURCHASE,B,7,HIGH,CURRENT,0,Bank of America,2017-12-25,2018-01-20,INCOMPLETE,MANUAL_ENTRY
L001344,B5881,JUMBO,2016-05-09,2036-05-09,182372.00,80385.19,5.069,180,PA,CASH_OUT,D,13,MEDIUM,CURRENT,0,Bank of America,2020-12-01,2020-12-06,COMPLETE,MANUAL_ENTRY
L001345,B4973,VA,2023-01-31,2043-01-31,309540.00,180840.24,6.471,360,MS,PURCHASE,A+,15,MEDIUM,CURRENT,0,Bank of America,2030-09-05,2030-09-17,INCOMPLETE,ORIGINATION_SYS
L001346,B6447,CONVENTIONAL,2017-07-04,2047-07-04,236188.00,0.00,4.105,240,MS,PURCHASE,B+,16,LOW,CLOSED,0,US Bank,2022-02-13,2022-03-14,COMPLETE,SERVICING_SYS
L001347,B7076,FHA,2012-05-12,2032-05-12,545695.00,441353.52,4.231,240,LA,REFINANCE,D,23,HIGH,CURRENT,0,PNC Bank,2015-03-28,2015-04-04,COMPLETE,MANUAL_ENTRY
L001348,B6555,FHA,2023-01-08,2053-01-08,477527.00,182765.43,3.425,180,VA,REFINANCE,D,29,MEDIUM,DELINQUENT,79,Bank of America,2029-07-26,2029-07-29,COMPLETE,ORIGINATION_SYS
L001349,B9962,FHA,2013-07-07,2043-07-07,529898.00,456357.35,4.444,180,ME,REFINANCE,A+,10,VERY_HIGH,DELINQUENT,56,JPMorgan Chase,2024-04-04,2024-04-25,COMPLETE,SERVICING_SYS
L001350,B9951,CONVENTIONAL,2012-04-09,2032-04-09,614553.00,243132.37,4.992,240,UT,CASH_OUT,A,3,VERY_HIGH,CURRENT,0,Freedom Mortgage,2018-12-21,2019-01-06,COMPLETE,MANUAL_ENTRY
L001351,B7218,CONVENTIONAL,2020-05-11,2035-05-11,80646.00,37028.45,5.329,180,WY,PURCHASE,A,8,VERY_HIGH,CURRENT,0,Freedom Mortgage,2022-10-10,2022-10-25,MISSING,MANUAL_ENTRY
L001352,B3006,VA,2010-06-06,2040-06-06,196735.00,108457.72,4.889,180,MD,REFINANCE,D,5,HIGH,CURRENT,0,PNC Bank,2012-11-03,2012-11-11,INCOMPLETE,MANUAL_ENTRY
L001353,B4133,CONVENTIONAL,2022-12-20,2052-12-20,222435.00,122915.42,5.26,360,PA,CASH_OUT,C,0,MEDIUM,DELINQUENT,52,Quicken Loans,2031-06-20,2031-07-16,COMPLETE,MANUAL_ENTRY
L001354,B5786,JUMBO,2011-10-17,2041-10-17,165172.00,69040.14,3.031,240,UT,PURCHASE,D,21,MEDIUM,CURRENT,0,JPMorgan Chase,2022-02-02,2022-02-12,COMPLETE,ORIGINATION_SYS
L001355,B2861,JUMBO,2010-09-27,2025-09-27,458556.00,169589.38,7.156,180,LA,CASH_OUT,A+,1,LOW,CURRENT,0,JPMorgan Chase,2019-06-29,2019-07-06,COMPLETE,SERVICING_SYS
L001356,B5483,CONVENTIONAL,2014-10-31,2034-10-31,748229.00,428376.32,4.189,360,VT,REFINANCE,A,23,LOW,CURRENT,0,Wells Fargo,2023-11-20,2023-12-17,COMPLETE,MANUAL_ENTRY
L001357,B1170,VA,2014-11-09,2029-11-09,127503.00,0.00,5.97,360,TX,PURCHASE,A,1,HIGH,PAID_OFF,0,PNC Bank,2015-12-17,2016-01-14,MISSING,ORIGINATION_SYS
L001358,B7622,CONVENTIONAL,2013-05-18,2043-05-18,639112.00,536864.25,6.988,180,RI,PURCHASE,B,9,MEDIUM,CURRENT,0,Wells Fargo,2018-02-19,2018-03-21,INCOMPLETE,ORIGINATION_SYS
L001359,B4432,VA,2015-10-14,2045-10-14,395114.00,196188.41,3.685,240,NM,CASH_OUT,B+,3,VERY_HIGH,CURRENT,0,Freedom Mortgage,2017-08-12,2017-09-11,MISSING,ORIGINATION_SYS
L001360,B2415,JUMBO,2014-08-10,2044-08-10,450721.00,152431.34,3.196,180,CT,CASH_OUT,B+,9,LOW,CURRENT,0,JPMorgan Chase,2020-01-29,2020-02-07,MISSING,MANUAL_ENTRY
L001361,B9742,JUMBO,2010-02-05,2025-02-05,596050.00,394090.09,7.607,240,NY,CASH_OUT,A,24,MEDIUM,DELINQUENT,48,Quicken Loans,2011-03-18,2011-04-02,INCOMPLETE,SERVICING_SYS
L001362,B2305,CONVENTIONAL,2021-01-04,2041-01-04,358872.00,308314.50,8.008,240,DE,CASH_OUT,D,3,HIGH,CURRENT,0,JPMorgan Chase,2021-11-23,2021-11-30,COMPLETE,ORIGINATION_SYS
L001363,B6431,CONVENTIONAL,2017-10-24,2037-10-24,100211.00,35022.53,4.966,360,TX,PURCHASE,D,2,VERY_HIGH,CURRENT,0,US Bank,2028-03-18,2028-03-26,INCOMPLETE,SERVICING_SYS
L001364,B1033,FHA,2013-10-01,2033-10-01,234025.00,185459.89,6.298,240,CA,CASH_OUT,D,18,HIGH,CURRENT,0,US Bank,2017-04-30,2017-05-16,MISSING,SERVICING_SYS
L001365,B1956,CONVENTIONAL,2019-07-22,2039-07-22,683873.00,330660.97,4.715,360,VT,CASH_OUT,C,13,VERY_HIGH,CURRENT,0,Bank of America,2030-04-14,2030-05-14,COMPLETE,SERVICING_SYS
L001366,B4018,JUMBO,2014-09-02,2034-09-02,431746.00,347941.08,6.329,180,MO,REFINANCE,B,24,HIGH,CURRENT,0,Quicken Loans,2016-05-20,2016-05-31,COMPLETE,SERVICING_SYS
L001367,B5496,CONVENTIONAL,2010-03-07,2030-03-07,73650.00,53850.59,7.533,180,MO,CASH_OUT,B+,30,VERY_HIGH,CURRENT,0,Freedom Mortgage,2019-11-23,2019-11-28,COMPLETE,MANUAL_ENTRY
L001368,B7747,JUMBO,2021-06-25,2041-06-25,157591.00,137106.80,5.749,180,WI,PURCHASE,D,4,MEDIUM,CURRENT,0,Wells Fargo,2028-09-19,2028-10-04,COMPLETE,ORIGINATION_SYS
L001369,B4757,FHA,2021-04-01,2051-04-01,166728.00,0.00,5.813,180,GA,REFINANCE,A,17,HIGH,PAID_OFF,0,Quicken Loans,2028-09-22,2028-10-02,INCOMPLETE,MANUAL_ENTRY
L001370,B1639,VA,2014-04-27,2034-04-27,685432.00,468962.93,5.214,180,DC,PURCHASE,B+,3,MEDIUM,CURRENT,0,Bank of America,2014-06-01,2014-06-22,COMPLETE,SERVICING_SYS
L001371,B3150,CONVENTIONAL,2014-05-11,2034-05-11,514515.00,464591.42,7.249,240,SD,CASH_OUT,B+,11,VERY_HIGH,CURRENT,0,US Bank,2021-08-26,2021-08-27,COMPLETE,SERVICING_SYS
L001372,B5916,CONVENTIONAL,2021-10-04,2036-10-04,80629.00,30877.42,6.232,360,KS,REFINANCE,A,19,HIGH,CURRENT,0,Freedom Mortgage,2031-05-22,2031-06-15,COMPLETE,MANUAL_ENTRY
L001373,B3111,CONVENTIONAL,2012-02-23,2042-02-23,325394.00,158513.18,3.552,360,OK,CASH_OUT,B,0,VERY_HIGH,CURRENT,0,JPMorgan Chase,2021-03-13,2021-04-06,COMPLETE,MANUAL_ENTRY
L001374,B2594,FHA,2010-07-24,2040-07-24,288387.00,173617.18,7.443,360,VA,REFINANCE,C,29,MEDIUM,CURRENT,0,Freedom Mortgage,2011-12-08,2011-12-31,COMPLETE,MANUAL_ENTRY
L001375,B7096,VA,2010-04-23,2030-04-23,398057.00,0.00,6.687,180,LA,PURCHASE,A+,28,LOW,CLOSED,0,Freedom Mortgage,2020-08-25,2020-09-07,COMPLETE,SERVICING_SYS
L001376,B9900,JUMBO,2022-09-15,2052-09-15,101211.00,75721.60,2.589,180,MO,REFINANCE,D,14,MEDIUM,CURRENT,0,JPMorgan Chase,2024-07-03,2024-07-17,INCOMPLETE,SERVICING_SYS
L001377,B4648,JUMBO,2019-12-17,2034-12-17,137025.00,76651.45,6.483,180,OK,PURCHASE,B,11,MEDIUM,CURRENT,0,PNC Bank,2024-09-08,2024-09-08,COMPLETE,ORIGINATION_SYS
L001378,B5845,VA,2020-09-28,2050-09-28,467824.00,327653.35,4.308,240,ID,REFINANCE,A,17,HIGH,CURRENT,0,PNC Bank,2027-09-12,2027-09-17,COMPLETE,ORIGINATION_SYS
L001379,B8444,FHA,2015-08-15,2030-08-15,272918.00,135357.23,4.347,360,KS,REFINANCE,A+,3,HIGH,CURRENT,0,US Bank,2016-01-22,2016-02-01,COMPLETE,SERVICING_SYS
L001380,B3656,VA,2023-02-13,2038-02-13,452834.00,187100.21,3.487,240,WI,PURCHASE,B,21,MEDIUM,CURRENT,0,US Bank,2032-04-09,2032-05-04,COMPLETE,MANUAL_ENTRY
L001381,B3282,JUMBO,2016-07-12,2036-07-12,240089.00,0.00,3.858,240,XX,PURCHASE,A+,13,VERY_HIGH,PAID_OFF,0,JPMorgan Chase,2020-03-22,2020-04-19,INCOMPLETE,MANUAL_ENTRY
L001382,B3274,FHA,2023-06-17,2038-06-17,514122.00,207014.08,2.659,180,OH,PURCHASE,A,11,MEDIUM,CURRENT,0,US Bank,2034-03-17,2034-03-22,INCOMPLETE,SERVICING_SYS
L001383,B3067,VA,2023-07-20,2038-07-20,547904.00,0.00,7.009,180,IA,CASH_OUT,B,16,LOW,PAID_OFF,0,Bank of America,2028-01-27,2028-02-13,INCOMPLETE,SERVICING_SYS
L001384,B4921,FHA,2010-03-04,2025-03-04,208569.00,68682.63,3.77,360,RI,REFINANCE,A,19,LOW,CURRENT,0,Wells Fargo,2016-10-24,2016-10-25,COMPLETE,ORIGINATION_SYS
L001385,B7169,VA,2023-01-18,2053-01-18,408184.00,236618.75,6.7,180,MS,REFINANCE,A+,9,LOW,CURRENT,0,PNC Bank,2025-03-12,2025-03-26,COMPLETE,MANUAL_ENTRY
L001386,B2357,JUMBO,2013-03-14,2028-03-14,50493.00,24523.21,6.405,240,DC,CASH_OUT,A,9,HIGH,DEFAULT,201,Quicken Loans,2014-10-24,2014-11-02,COMPLETE,SERVICING_SYS
L001387,B6779,FHA,2015-07-01,2035-07-01,63472.00,51319.74,6.566,360,CO,CASH_OUT,D,15,VERY_HIGH,CURRENT,0,Quicken Loans,2018-11-23,2018-12-15,COMPLETE,ORIGINATION_SYS
L001388,B1434,FHA,2017-09-23,2032-09-23,740836.00,0.00,5.823,360,NM,CASH_OUT,A,13,LOW,PAID_OFF,0,Freedom Mortgage,2022-07-01,2022-07-24,COMPLETE,ORIGINATION_SYS
L001389,B8238,CONVENTIONAL,2012-12-17,2027-12-17,122611.00,90592.62,4.818,240,IN,REFINANCE,B,4,MEDIUM,CURRENT,0,JPMorgan Chase,2020-01-24,2020-02-14,COMPLETE,MANUAL_ENTRY
L001390,B5660,VA,2017-12-24,2047-12-24,212856.00,73764.82,4.985,240,ME,PURCHASE,A+,9,MEDIUM,CURRENT,0,Wells Fargo,2027-03-30,2027-03-31,COMPLETE,MANUAL_ENTRY
L001391,B3433,FHA,2015-06-29,2035-06-29,403005.00,323367.56,6.718,180,KY,REFINANCE,C,19,VERY_HIGH,CURRENT,0,Quicken Loans,2024-01-04,2024-01-23,COMPLETE,SERVICING_SYS
L001392,B7762,VA,2022-01-03,2052-01-03,320380.00,117622.06,5.921,240,ND,PURCHASE,A,3,LOW,DELINQUENT,42,Freedom Mortgage,2031-01-28,2031-02-05,COMPLETE,ORIGINATION_SYS
L001393,B4609,VA,2018-09-13,2038-09-13,221617.00,167368.28,2.882,180,LA,REFINANCE,C,7,MEDIUM,CURRENT,0,Quicken Loans,2020-11-04,2020-12-04,INCOMPLETE,MANUAL_ENTRY
L001394,B9377,VA,2018-10-19,2038-10-19,454648.00,0.00,6.032,180,OR,REFINANCE,B+,11,LOW,CLOSED,0,Wells Fargo,2021-10-18,2021-10-27,COMPLETE,ORIGINATION_SYS
L001395,B9746,VA,2017-01-23,2032-01-23,483351.00,0.00,7.652,180,AR,REFINANCE,B,24,VERY_HIGH,CLOSED,0,Quicken Loans,2021-11-03,2021-11-25,COMPLETE,MANUAL_ENTRY
L001396,B5412,FHA,2015-03-11,2045-03-11,385100.00,291289.52,2.938,360,NV,CASH_OUT,C,28,LOW,DELINQUENT,67,JPMorgan Chase,2023-12-29,2024-01-02,INCOMPLETE,SERVICING_SYS
L001397,B1102,VA,2021-01-25,2041-01-25,626825.00,588950.92,7.964,240,NJ,PURCHASE,C,3,HIGH,DELINQUENT,84,PNC Bank,2028-12-28,2029-01-17,COMPLETE,ORIGINATION_SYS
L001398,B3359,FHA,2014-07-26,2029-07-26,731291.00,509802.47,3.658,360,GA,CASH_OUT,A,29,HIGH,CURRENT,0,Bank of America,2017-12-05,2017-12-07,COMPLETE,SERVICING_SYS
L001399,B3303,JUMBO,2020-12-13,2040-12-13,516896.00,159016.83,3.703,180,FL,PURCHASE,A,26,LOW,CURRENT,0,PNC Bank,2028-02-06,2028-02-27,COMPLETE,MANUAL_ENTRY
L001400,B4481,JUMBO,2016-01-08,2031-01-08,456531.00,379431.77,7.595,360,AK,CASH_OUT,B,30,VERY_HIGH,DEFAULT,194,Quicken Loans,2018-05-25,2018-06-17,COMPLETE,ORIGINATION_SYS
L001401,B8124,FHA,2014-08-22,2034-08-22,59150.00,50495.40,2.644,240,LA,CASH_OUT,B+,26,LOW,DELINQUENT,46,Wells Fargo,2021-07-10,2021-08-06,COMPLETE,SERVICING_SYS
L001402,B1014,CONVENTIONAL,2023-12-11,2043-12-11,148127.00,0.00,3.15,240,DE,REFINANCE,C,25,LOW,PAID_OFF,0,US Bank,2028-03-21,2028-04-18,COMPLETE,MANUAL_ENTRY
L001403,B2003,VA,2021-06-06,2051-06-06,719958.00,570398.16,2.869,180,MT,REFINANCE,A+,10,LOW,DELINQUENT,48,PNC Bank,2024-05-16,2024-05-22,INCOMPLETE,ORIGINATION_SYS
L001404,B8505,VA,2021-09-19,2051-09-19,736324.00,270207.41,4.614,180,SC,CASH_OUT,A,3,VERY_HIGH,CURRENT,0,US Bank,2024-03-26,2024-04-24,COMPLETE,SERVICING_SYS
L001405,B1609,FHA,2020-01-13,2035-01-13,560717.00,474656.31,7.831,360,RI,CASH_OUT,B+,17,MEDIUM,CURRENT,0,Quicken Loans,2026-01-17,2026-02-08,COMPLETE,ORIGINATION_SYS
L001406,B7920,CONVENTIONAL,2012-05-24,2032-05-24,591020.00,533748.95,3.011,360,MO,REFINANCE,C,18,MEDIUM,CURRENT,0,PNC Bank,2021-06-08,2021-06-14,COMPLETE,ORIGINATION_SYS
L001407,B4106,VA,2020-09-08,2035-09-08,386433.00,333161.04,4.639,360,MN,REFINANCE,C,14,MEDIUM,CURRENT,0,US Bank,2026-10-13,2026-10-24,COMPLETE,ORIGINATION_SYS
L001408,B7556,FHA,2015-07-21,2045-07-21,738005.00,505993.61,3.066,360,OK,PURCHASE,A,21,HIGH,DEFAULT,173,US Bank,2018-10-19,2018-11-14,COMPLETE,SERVICING_SYS
L001409,B4316,CONVENTIONAL,2019-08-06,2049-08-06,558430.00,387041.70,3.41,360,HI,REFINANCE,B,15,VERY_HIGH,CURRENT,0,Quicken Loans,2028-10-24,2028-11-11,COMPLETE,MANUAL_ENTRY
L001410,B3696,VA,2014-12-24,2034-12-24,382037.00,131902.49,3.255,360,MD,REFINANCE,A,30,MEDIUM,CURRENT,0,Wells Fargo,2023-05-06,2023-05-31,COMPLETE,ORIGINATION_SYS
L001411,B8482,FHA,2010-03-04,2040-03-04,641714.00,577868.27,5.833,360,NM,REFINANCE,D,14,LOW,CURRENT,0,Wells Fargo,2018-05-08,2018-06-05,INCOMPLETE,SERVICING_SYS
L001412,B4250,CONVENTIONAL,2013-02-22,2033-02-22,184502.00,138494.79,7.181,180,XX,PURCHASE,B,2,LOW,CURRENT,0,Freedom Mortgage,2018-11-17,2018-11-21,COMPLETE,SERVICING_SYS
L001413,B1849,VA,2013-02-27,2028-02-27,359543.00,265644.10,6.933,240,VT,CASH_OUT,D,15,LOW,CURRENT,0,Freedom Mortgage,2023-03-16,2023-04-04,INCOMPLETE,MANUAL_ENTRY
L001414,B8118,VA,2019-08-01,2034-08-01,657779.00,446412.73,7.131,240,NE,REFINANCE,A,19,VERY_HIGH,CURRENT,0,US Bank,2023-11-18,2023-12-15,COMPLETE,SERVICING_SYS
L001415,B5612,FHA,2015-12-20,2030-12-20,68313.00,47801.72,8.418,240,MS,PURCHASE,D,19,MEDIUM,CURRENT,0,PNC Bank,2017-11-10,2017-11-15,COMPLETE,ORIGINATION_SYS
L001416,B5661,JUMBO,2022-12-30,2037-12-30,320923.00,147149.68,6.531,240,DE,REFINANCE,D,25,LOW,PENDING,30,Wells Fargo,2028-03-21,2028-04-19,MISSING,ORIGINATION_SYS
L001417,B1503,CONVENTIONAL,2012-02-27,2027-02-27,122606.00,0.00,3.307,240,VA,PURCHASE,B+,8,VERY_HIGH,PAID_OFF,0,Bank of America,2013-12-08,2013-12-27,COMPLETE,MANUAL_ENTRY
L001418,B2462,FHA,2014-07-24,2029-07-24,384122.00,187399.51,3.147,360,OR,PURCHASE,C,12,MEDIUM,CURRENT,0,PNC Bank,2016-12-17,2017-01-02,MISSING,MANUAL_ENTRY
L001419,B9107,FHA,2018-09-09,2038-09-09,301726.00,249830.18,7.404,240,GA,CASH_OUT,B,9,VERY_HIGH,CURRENT,0,US Bank,2021-02-05,2021-02-15,COMPLETE,MANUAL_ENTRY
L001420,B3314,CONVENTIONAL,2013-09-25,2043-09-25,572253.00,420821.61,5.777,360,MD,CASH_OUT,B+,12,LOW,CURRENT,0,Bank of America,2014-04-04,2014-04-06,COMPLETE,MANUAL_ENTRY
L001421,B4324,CONVENTIONAL,2017-07-31,2037-07-31,268598.00,224423.29,7.775,360,KS,REFINANCE,D,27,MEDIUM,CURRENT,0,Quicken Loans,2018-12-12,2018-12-31,COMPLETE,ORIGINATION_SYS
L001422,B4846,CONVENTIONAL,2010-04-16,2025-04-16,111040.00,37416.25,5.818,360,AL,REFINANCE,A+,30,LOW,CURRENT,0,JPMorgan Chase,2010-12-16,2011-01-01,COMPLETE,ORIGINATION_SYS
L001423,B3944,CONVENTIONAL,2017-07-14,2047-07-14,342216.00,117005.30,6.23,180,KY,CASH_OUT,B,20,VERY_HIGH,CURRENT,0,Quicken Loans,2028-03-11,2028-03-24,COMPLETE,SERVICING_SYS
L001424,B3299,FHA,2018-11-01,2033-11-01,609718.00,546016.80,6.546,240,MN,CASH_OUT,C,24,VERY_HIGH,CURRENT,0,PNC Bank,2027-10-06,2027-10-14,INCOMPLETE,ORIGINATION_SYS
L001425,B6715,FHA,2017-10-17,2047-10-17,280988.00,0.00,6.546,360,SC,REFINANCE,D,29,MEDIUM,PAID_OFF,0,US Bank,2026-01-17,2026-01-31,COMPLETE,SERVICING_SYS
L001426,B7917,FHA,2013-02-16,2028-02-16,634790.00,431621.78,5.346,240,MN,CASH_OUT,A,24,LOW,CURRENT,0,Quicken Loans,2016-09-01,2016-09-26,COMPLETE,SERVICING_SYS
L001427,B9891,FHA,2012-03-16,2042-03-16,569296.00,0.00,4.955,180,ND,CASH_OUT,B+,11,LOW,PAID_OFF,0,Wells Fargo,2013-09-10,2013-10-03,COMPLETE,MANUAL_ENTRY
L001428,B8272,CONVENTIONAL,2013-08-15,2033-08-15,471022.00,193935.50,5.919,360,TN,REFINANCE,A,30,VERY_HIGH,CURRENT,0,Freedom Mortgage,2018-06-21,2018-07-01,COMPLETE,MANUAL_ENTRY
L001429,B4962,VA,2023-07-05,2053-07-05,613898.00,570216.93,5.894,180,MI,CASH_OUT,D,15,VERY_HIGH,CURRENT,0,JPMorgan Chase,2026-11-09,2026-11-22,COMPLETE,MANUAL_ENTRY
L001430,B9719,CONVENTIONAL,2021-02-15,2041-02-15,360783.00,0.00,4.403,180,ME,PURCHASE,D,3,VERY_HIGH,PAID_OFF,0,Bank of America,2031-06-09,2031-06-24,COMPLETE,ORIGINATION_SYS
L001431,B6749,CONVENTIONAL,2022-10-28,2037-10-28,195830.00,0.00,5.706,240,DE,REFINANCE,A+,13,LOW,PAID_OFF,0,Wells Fargo,2026-11-09,2026-12-06,COMPLETE,ORIGINATION_SYS
L001432,B9566,JUMBO,2010-02-05,2040-02-05,682783.00,286334.05,5.867,240,NJ,PURCHASE,B+,7,LOW,CURRENT,0,Freedom Mortgage,2018-01-27,2018-01-31,COMPLETE,ORIGINATION_SYS
L001433,B1591,JUMBO,2012-10-08,2027-10-08,207208.00,107941.28,4.151,360,AK,REFINANCE,B+,20,HIGH,CURRENT,0,JPMorgan Chase,2020-01-26,2020-01-31,COMPLETE,ORIGINATION_SYS
L001434,B1685,CONVENTIONAL,2019-02-25,2049-02-25,271061.00,225941.78,7.195,240,AK,PURCHASE,C,25,MEDIUM,DELINQUENT,31,Quicken Loans,2023-07-18,2023-08-07,COMPLETE,ORIGINATION_SYS
L001435,B5723,CONVENTIONAL,2015-10-28,2045-10-28,652110.00,386897.52,6.684,240,DC,CASH_OUT,A,25,HIGH,CURRENT,0,Bank of America,2026-07-03,2026-07-15,MISSING,MANUAL_ENTRY
L001436,B4412,VA,2018-03-30,2038-03-30,570133.00,265803.36,6.376,240,IA,REFINANCE,C,23,LOW,DELINQUENT,64,Bank of America,2028-06-14,2028-06-26,COMPLETE,MANUAL_ENTRY
L001437,B5385,FHA,2022-01-12,2052-01-12,489178.00,0.00,7.219,360,IA,CASH_OUT,C,20,VERY_HIGH,PAID_OFF,0,PNC Bank,2024-05-04,2024-05-09,INCOMPLETE,SERVICING_SYS
L001438,B8548,JUMBO,2014-11-04,2034-11-04,460661.00,386686.10,4.69,240,XX,CASH_OUT,A+,9,MEDIUM,CURRENT,0,JPMorgan Chase,2017-08-14,2017-09-07,INCOMPLETE,SERVICING_SYS
L001439,B8055,VA,2023-09-07,2053-09-07,279054.00,202865.75,7.699,180,WI,CASH_OUT,C,10,LOW,DELINQUENT,49,Bank of America,2026-07-01,2026-07-24,COMPLETE,ORIGINATION_SYS
L001440,B5593,FHA,2021-12-07,2041-12-07,470366.00,282813.53,8.007,360,OR,PURCHASE,B+,14,VERY_HIGH,DELINQUENT,30,JPMorgan Chase,2022-08-03,2022-09-01,COMPLETE,ORIGINATION_SYS
L001441,B1078,FHA,2023-03-29,2043-03-29,332739.00,0.00,5.873,180,FL,REFINANCE,A+,11,LOW,PAID_OFF,0,Bank of America,2030-10-19,2030-10-20,COMPLETE,MANUAL_ENTRY
L001442,B4436,VA,2010-02-09,2030-02-09,410182.00,129229.38,3.862,180,NJ,CASH_OUT,C,24,MEDIUM,CURRENT,0,Freedom Mortgage,2016-06-30,2016-07-07,INCOMPLETE,MANUAL_ENTRY
L001443,B6776,CONVENTIONAL,2017-06-01,2032-06-01,132490.00,108425.41,4.149,180,ID,REFINANCE,C,4,VERY_HIGH,DELINQUENT,36,Freedom Mortgage,2018-10-01,2018-10-22,COMPLETE,ORIGINATION_SYS
L001444,B6735,VA,2017-09-18,2032-09-18,103595.00,66334.18,4.255,180,WI,REFINANCE,A,25,LOW,CURRENT,0,US Bank,2023-09-21,2023-09-28,COMPLETE,ORIGINATION_SYS
L001445,B8434,CONVENTIONAL,2020-09-09,2050-09-09,369224.00,193330.49,8.043,240,ID,CASH_OUT,A,13,VERY_HIGH,CURRENT,0,JPMorgan Chase,2029-03-31,2029-04-07,COMPLETE,SERVICING_SYS
L001446,B3732,JUMBO,2012-02-22,2027-02-22,141088.00,0.00,4.044,180,NV,PURCHASE,A+,8,LOW,PAID_OFF,0,US Bank,2016-06-04,2016-06-29,COMPLETE,SERVICING_SYS
L001447,B8069,FHA,2013-08-01,2028-08-01,667774.00,470068.53,2.621,180,RI,REFINANCE,A,13,VERY_HIGH,CURRENT,0,Wells Fargo,2020-01-25,2020-02-03,COMPLETE,MANUAL_ENTRY
L001448,B7861,JUMBO,2017-05-26,2047-05-26,695446.00,579987.31,3.865,180,WI,PURCHASE,C,25,MEDIUM,CURRENT,0,Freedom Mortgage,2027-10-09,2027-11-02,COMPLETE,MANUAL_ENTRY
L001449,B3494,CONVENTIONAL,2021-11-25,2036-11-25,373565.00,0.00,3.371,360,MT,REFINANCE,C,1,MEDIUM,PAID_OFF,0,US Bank,2022-12-30,2023-01-04,INCOMPLETE,ORIGINATION_SYS
L001450,B8644,FHA,2012-05-27,2027-05-27,317755.00,122696.17,6.138,180,MI,REFINANCE,A+,0,HIGH,CURRENT,0,PNC Bank,2016-08-23,2016-08-31,COMPLETE,ORIGINATION_SYS
L001451,B4686,CONVENTIONAL,2021-09-10,2051-09-10,262990.00,189479.79,7.82,360,HI,CASH_OUT,A+,15,VERY_HIGH,CURRENT,0,Wells Fargo,2031-09-04,2031-09-25,COMPLETE,SERVICING_SYS
L001452,B3072,JUMBO,2010-05-10,2030-05-10,204221.00,151972.68,7.919,240,NH,PURCHASE,B,16,LOW,CURRENT,0,Freedom Mortgage,2017-12-26,2018-01-08,COMPLETE,MANUAL_ENTRY
L001453,B3567,CONVENTIONAL,2011-11-15,2041-11-15,106177.00,82313.75,6.062,180,CA,REFINANCE,D,6,VERY_HIGH,CURRENT,0,Quicken Loans,2021-02-24,2021-03-20,COMPLETE,ORIGINATION_SYS
L001454,B5784,VA,2018-01-19,2033-01-19,642319.00,407229.67,7.603,360,WA,PURCHASE,C,27,MEDIUM,CURRENT,0,Wells Fargo,2018-02-22,2018-03-02,COMPLETE,ORIGINATION_SYS
L001455,B9099,CONVENTIONAL,2010-03-26,2025-03-26,56163.00,21628.70,7.822,360,SD,REFINANCE,A,5,HIGH,DELINQUENT,77,US Bank,2019-05-13,2019-05-25,COMPLETE,SERVICING_SYS
L001456,B4370,VA,2011-01-22,2026-01-22,730079.00,588752.07,4.949,360,MN,REFINANCE,B+,2,MEDIUM,CURRENT,0,JPMorgan Chase,2017-12-02,2017-12-27,COMPLETE,MANUAL_ENTRY
L001457,B3826,CONVENTIONAL,2012-02-28,2027-02-28,129185.00,0.00,2.791,240,KS,REFINANCE,D,1,LOW,PAID_OFF,0,US Bank,2019-09-12,2019-09-21,COMPLETE,ORIGINATION_SYS
L001458,B1516,FHA,2012-03-18,2027-03-18,611425.00,444748.75,6.611,180,UT,REFINANCE,A+,3,VERY_HIGH,CURRENT,0,JPMorgan Chase,2021-03-21,2021-04-03,INCOMPLETE,ORIGINATION_SYS
L001459,B7232,CONVENTIONAL,2022-01-20,2052-01-20,749992.00,556601.91,5.295,360,MD,CASH_OUT,D,13,VERY_HIGH,DELINQUENT,74,JPMorgan Chase,2027-07-04,2027-07-05,COMPLETE,SERVICING_SYS
L001460,B1144,JUMBO,2012-11-26,2027-11-26,319462.00,240934.12,3.185,180,MS,PURCHASE,B+,21,HIGH,CURRENT,0,Wells Fargo,2013-07-20,2013-07-25,COMPLETE,ORIGINATION_SYS
L001461,B5338,VA,2021-11-13,2041-11-13,134858.00,0.00,4.671,240,NM,PURCHASE,A+,12,HIGH,PAID_OFF,0,Bank of America,2028-07-01,2028-07-13,INCOMPLETE,MANUAL_ENTRY
L001462,B2905,JUMBO,2014-03-05,2034-03-05,498566.00,311122.93,7.001,240,MN,REFINANCE,A,4,VERY_HIGH,CURRENT,0,Freedom Mortgage,2019-04-05,2019-05-01,COMPLETE,SERVICING_SYS
L001463,B9920,JUMBO,2022-03-14,2037-03-14,76486.00,41452.81,6.985,180,FL,PURCHASE,B+,20,HIGH,CURRENT,0,PNC Bank,2027-06-05,2027-06-17,MISSING,SERVICING_SYS
L001464,B5863,CONVENTIONAL,2016-08-31,2036-08-31,449783.00,186363.40,2.93,240,CT,CASH_OUT,C,5,LOW,CURRENT,0,Bank of America,2024-11-26,2024-12-01,COMPLETE,ORIGINATION_SYS
L001465,B5291,JUMBO,2012-07-12,2042-07-12,466056.00,439829.86,2.663,240,MO,CASH_OUT,A+,12,VERY_HIGH,DELINQUENT,43,Wells Fargo,2022-07-23,2022-07-29,COMPLETE,MANUAL_ENTRY
L001466,B4732,JUMBO,2015-03-11,2030-03-11,79681.00,38318.40,6.874,360,WI,REFINANCE,A+,5,MEDIUM,CURRENT,0,Freedom Mortgage,2022-12-06,2023-01-05,COMPLETE,MANUAL_ENTRY
L001467,B4654,VA,2012-07-19,2042-07-19,725124.00,0.00,2.886,240,WV,CASH_OUT,B,18,LOW,PAID_OFF,0,Wells Fargo,2016-12-05,2016-12-22,COMPLETE,ORIGINATION_SYS
L001468,B2871,JUMBO,2021-07-09,2036-07-09,344404.00,210733.66,6.679,240,NM,REFINANCE,B+,14,HIGH,CURRENT,0,Freedom Mortgage,2021-10-30,2021-11-17,COMPLETE,SERVICING_SYS
L001469,B3208,CONVENTIONAL,2023-01-17,2053-01-17,520596.00,367428.01,5.442,180,NE,REFINANCE,D,11,LOW,CURRENT,0,US Bank,2024-12-07,2024-12-26,COMPLETE,ORIGINATION_SYS
L001470,B6134,JUMBO,2010-03-19,2030-03-19,130708.00,81056.66,7.669,180,IL,PURCHASE,B,19,VERY_HIGH,DELINQUENT,73,Bank of America,2019-11-15,2019-12-11,COMPLETE,ORIGINATION_SYS
L001471,B9308,CONVENTIONAL,2019-04-18,2034-04-18,488884.00,336276.06,3.032,180,VT,CASH_OUT,A+,20,LOW,DELINQUENT,43,Quicken Loans,2024-11-05,2024-11-21,MISSING,ORIGINATION_SYS
L001472,B9089,VA,2011-01-23,2026-01-23,267245.00,191868.89,3.631,360,DE,REFINANCE,B,25,MEDIUM,CURRENT,0,Quicken Loans,2012-01-02,2012-01-31,COMPLETE,ORIGINATION_SYS
L001473,B1743,VA,2011-09-22,2031-09-22,693742.00,596367.57,6.635,180,UT,PURCHASE,A+,11,HIGH,CURRENT,0,Bank of America,2026-01-17,2026-02-02,INCOMPLETE,MANUAL_ENTRY
L001474,B9981,CONVENTIONAL,2015-01-17,2035-01-17,491553.00,0.00,3.419,240,IN,CASH_OUT,B+,4,MEDIUM,PAID_OFF,0,Bank of America,2017-10-03,2017-10-27,MISSING,SERVICING_SYS
L001475,B2093,VA,2012-05-17,2032-05-17,335557.00,115878.20,7.492,240,CT,CASH_OUT,B,22,MEDIUM,DELINQUENT,77,Quicken Loans,2014-07-10,2014-08-04,COMPLETE,MANUAL_ENTRY
L001476,B4406,VA,2022-02-27,2042-02-27,294602.00,197807.98,4.41,180,IN,PURCHASE,A+,7,LOW,CURRENT,0,Freedom Mortgage,2025-02-18,2025-03-15,COMPLETE,SERVICING_SYS
L001477,B6011,VA,2021-09-10,2051-09-10,404077.00,324821.56,7.792,360,FL,CASH_OUT,C,29,LOW,DELINQUENT,71,US Bank,2028-05-10,2028-06-02,COMPLETE,ORIGINATION_SYS
L001478,B2522,JUMBO,2012-05-31,2032-05-31,556939.00,0.00,4.903,180,IN,PURCHASE,A+,15,MEDIUM,PAID_OFF,0,Quicken Loans,2016-03-07,2016-03-21,COMPLETE,MANUAL_ENTRY
L001479,B6007,FHA,2013-01-19,2028-01-19,552081.00,401341.08,6.403,360,LA,PURCHASE,B+,19,MEDIUM,DELINQUENT,30,Freedom Mortgage,2021-01-20,2021-02-14,COMPLETE,MANUAL_ENTRY
L001480,B9917,CONVENTIONAL,2015-07-06,2030-07-06,296088.00,172329.63,6.393,240,HI,REFINANCE,A+,27,HIGH,CURRENT,0,JPMorgan Chase,2015-10-03,2015-10-24,MISSING,ORIGINATION_SYS
L001481,B6040,JUMBO,2013-07-12,2043-07-12,-343088.00,0.00,4.968,360,CO,PURCHASE,B+,23,VERY_HIGH,PAID_OFF,0,PNC Bank,2017-09-25,2017-09-27,MISSING,SERVICING_SYS
L001482,B4152,CONVENTIONAL,2016-02-23,2031-02-23,692450.00,569027.22,7.884,240,MD,CASH_OUT,B,9,HIGH,CURRENT,0,Wells Fargo,2019-09-10,2019-10-01,COMPLETE,ORIGINATION_SYS
L001483,B4270,VA,2021-05-29,2036-05-29,454271.00,390241.79,4.8,360,WV,CASH_OUT,A+,5,LOW,DELINQUENT,82,PNC Bank,2030-03-27,2030-04-26,COMPLETE,SERVICING_SYS
L001484,B3750,VA,2018-07-29,2048-07-29,450141.00,261670.77,3.902,360,OR,REFINANCE,A,26,LOW,DELINQUENT,57,PNC Bank,2025-05-20,2025-06-15,COMPLETE,ORIGINATION_SYS
L001485,B3437,VA,2023-08-28,2053-08-28,67031.00,56524.13,2.513,240,NC,CASH_OUT,B,8,VERY_HIGH,DEFAULT,246,JPMorgan Chase,2025-02-27,2025-03-05,INCOMPLETE,MANUAL_ENTRY
L001486,B2679,JUMBO,2021-08-09,2051-08-09,683872.00,307432.54,5.117,360,AZ,CASH_OUT,D,24,HIGH,CURRENT,0,Freedom Mortgage,2024-01-10,2024-01-19,COMPLETE,ORIGINATION_SYS
L001487,B1341,JUMBO,2022-08-10,2037-08-10,452358.00,0.00,4.114,240,AK,CASH_OUT,C,5,HIGH,PAID_OFF,0,US Bank,2028-11-27,2028-12-05,INCOMPLETE,SERVICING_SYS
L001488,B5642,VA,2010-03-09,2025-03-09,646973.00,0.00,3.757,360,NM,REFINANCE,C,1,HIGH,PAID_OFF,0,Quicken Loans,2020-01-24,2020-01-27,INCOMPLETE,MANUAL_ENTRY
L001489,B9333,JUMBO,2014-07-08,2029-07-08,89463.00,71151.21,3.774,240,WV,CASH_OUT,A+,20,VERY_HIGH,DEFAULT,264,PNC Bank,2017-09-02,2017-09-14,COMPLETE,SERVICING_SYS
L001490,B2744,JUMBO,2019-08-22,2039-08-22,667656.00,834570.00,6.702,360,XX,REFINANCE,A+,1,LOW,CURRENT,0,Freedom Mortgage,2024-11-04,2024-11-12,COMPLETE,ORIGINATION_SYS
L001491,B8340,CONVENTIONAL,2011-10-24,2026-10-24,275331.00,225488.80,4.52,240,NE,REFINANCE,B+,10,LOW,CURRENT,0,PNC Bank,2022-07-24,2022-08-03,COMPLETE,MANUAL_ENTRY
L001492,B3960,FHA,2021-05-01,2041-05-01,70974.00,52949.89,4.205,180,MS,CASH_OUT,B+,13,HIGH,CURRENT,0,Wells Fargo,2028-11-02,2028-11-30,MISSING,SERVICING_SYS
L001493,B4757,JUMBO,2017-04-09,2032-04-09,727079.00,376503.63,4.559,180,VA,CASH_OUT,C,28,MEDIUM,CURRENT,0,Freedom Mortgage,2026-12-17,2027-01-03,COMPLETE,SERVICING_SYS
L001494,B1545,FHA,2022-01-17,2052-01-17,225970.00,0.00,4.483,360,OH,REFINANCE,B+,15,VERY_HIGH,PAID_OFF,0,PNC Bank,2023-07-10,2023-07-15,INCOMPLETE,SERVICING_SYS
L001495,B5005,JUMBO,2021-07-14,2036-07-14,709748.00,402659.11,7.657,180,IL,REFINANCE,A+,11,MEDIUM,DEFAULT,354,Wells Fargo,2028-11-13,2028-12-06,INCOMPLETE,ORIGINATION_SYS
L001496,B4414,CONVENTIONAL,2011-10-13,2026-10-13,510613.00,335486.25,7.055,360,MS,PURCHASE,B+,15,VERY_HIGH,CURRENT,0,Bank of America,2015-08-08,2015-08-24,COMPLETE,SERVICING_SYS
L001497,B7921,FHA,2011-02-04,2026-02-04,456104.00,233938.54,4.022,360,SD,CASH_OUT,C,12,VERY_HIGH,CURRENT,0,PNC Bank,2021-10-11,2021-11-03,COMPLETE,ORIGINATION_SYS
L001498,B7908,CONVENTIONAL,2012-05-09,2042-05-09,125433.00,92603.72,5.361,360,NH,PURCHASE,A,28,VERY_HIGH,CURRENT,0,Bank of America,2014-12-05,2014-12-13,INCOMPLETE,SERVICING_SYS
L001499,B7429,JUMBO,2020-05-09,2040-05-09,231465.00,0.00,5.729,360,SC,CASH_OUT,A+,15,VERY_HIGH,PAID_OFF,0,Bank of America,2024-10-14,2024-11-08,COMPLETE,SERVICING_SYS
L001500,B6476,FHA,2023-10-03,2043-10-03,350788.00,0.00,6.025,180,NJ,REFINANCE,A,30,MEDIUM,PAID_OFF,0,Quicken Loans,2033-03-31,2033-04-12,COMPLETE,MANUAL_ENTRY
L001501,B7901,JUMBO,2020-08-29,2040-08-29,76237.00,36009.78,4.628,240,MN,PURCHASE,C,2,LOW,CURRENT,0,Bank of America,2031-06-28,2031-07-22,COMPLETE,ORIGINATION_SYS
L001502,B1548,JUMBO,2014-08-31,2029-08-31,702204.00,479208.14,4.736,240,GA,PURCHASE,B+,9,HIGH,DEFAULT,113,Bank of America,2021-02-23,2021-03-02,COMPLETE,SERVICING_SYS
L001503,B3132,JUMBO,2019-06-25,2039-06-25,307951.00,160834.09,5.079,180,TX,PURCHASE,A,8,VERY_HIGH,CURRENT,0,Wells Fargo,2021-10-22,2021-11-18,MISSING,MANUAL_ENTRY
L001504,B6925,JUMBO,2011-10-07,2026-10-07,112841.00,0.00,2.967,360,RI,CASH_OUT,A+,18,VERY_HIGH,PAID_OFF,0,Freedom Mortgage,2018-05-28,2018-06-07,MISSING,ORIGINATION_SYS
L001505,B7582,JUMBO,2022-04-14,2037-04-14,383742.00,240433.00,2.959,360,NH,REFINANCE,A,16,VERY_HIGH,DELINQUENT,58,US Bank,2031-03-13,2031-03-28,COMPLETE,SERVICING_SYS
L001506,B9971,FHA,2020-05-09,2050-05-09,661896.00,375656.22,6.749,180,VA,PURCHASE,C,12,HIGH,DELINQUENT,84,US Bank,2029-03-15,2029-04-02,COMPLETE,MANUAL_ENTRY
,B3956,FHA,2023-11-18,2038-11-18,339644.00,260477.70,5.478,240,MA,REFINANCE,D,21,MEDIUM,DELINQUENT,74,US Bank,2026-07-23,2026-08-09,COMPLETE,ORIGINATION_SYS
L001508,B7161,CONVENTIONAL,2011-07-04,2031-07-04,107456.00,57001.07,4.35,240,KS,PURCHASE,A+,18,LOW,CURRENT,0,Bank of America,2012-07-29,2012-08-12,COMPLETE,MANUAL_ENTRY
L001509,B4079,VA,2017-08-13,2032-08-13,323835.00,0.00,6.134,240,WV,CASH_OUT,B,29,MEDIUM,PAID_OFF,0,Freedom Mortgage,2026-12-23,2027-01-08,COMPLETE,ORIGINATION_SYS
L001510,B6080,JUMBO,2018-01-06,2033-01-06,613369.00,549121.57,5.374,180,IN,REFINANCE,A,16,MEDIUM,DELINQUENT,78,Wells Fargo,2027-09-26,2027-09-30,COMPLETE,SERVICING_SYS
L001511,B9638,VA,2014-05-22,2034-05-22,488732.00,392007.01,6.326,360,OK,CASH_OUT,C,10,LOW,CURRENT,0,Freedom Mortgage,2015-05-08,2015-05-26,COMPLETE,MANUAL_ENTRY
L001512,B2812,JUMBO,2011-09-15,2026-09-15,630911.00,590838.04,5.264,360,OH,PURCHASE,A,18,MEDIUM,CURRENT,0,Bank of America,2020-11-04,2020-11-21,INCOMPLETE,MANUAL_ENTRY
L001513,B5230,JUMBO,2012-01-22,2042-01-22,93046.00,0.00,3.634,180,ID,REFINANCE,B,3,HIGH,CLOSED,0,US Bank,2022-11-29,2022-12-13,COMPLETE,ORIGINATION_SYS
L001514,B4165,VA,2011-03-03,2041-03-03,156540.00,64604.49,3.044,180,MT,PURCHASE,B,7,LOW,CURRENT,0,Bank of America,2012-12-25,2013-01-22,COMPLETE,SERVICING_SYS
L001515,B5863,CONVENTIONAL,2014-05-23,2029-05-23,115821.00,58891.86,5.199,360,VA,PURCHASE,A,19,VERY_HIGH,CURRENT,0,Bank of America,2015-02-18,2015-03-09,COMPLETE,MANUAL_ENTRY
L001516,B6004,VA,2017-01-06,2037-01-06,528799.00,0.00,8.428,240,OK,CASH_OUT,B,19,LOW,PAID_OFF,0,JPMorgan Chase,2021-12-11,2021-12-24,MISSING,MANUAL_ENTRY
L001517,B2687,CONVENTIONAL,2015-12-27,2035-12-27,210118.00,70557.55,5.016,180,WV,REFINANCE,B+,12,LOW,CURRENT,0,Wells Fargo,2016-12-27,2016-12-28,INCOMPLETE,MANUAL_ENTRY
L001518,B7627,FHA,2021-10-22,2051-10-22,188846.00,76298.36,5.004,360,GA,CASH_OUT,A,20,VERY_HIGH,CURRENT,0,Bank of America,2030-11-11,2030-12-10,COMPLETE,ORIGINATION_SYS
L001519,B5439,JUMBO,2018-07-19,2048-07-19,646095.00,0.00,5.938,360,AL,PURCHASE,C,18,MEDIUM,CLOSED,0,JPMorgan Chase,2018-12-20,2019-01-10,INCOMPLETE,MANUAL_ENTRY
L001520,B4297,FHA,2017-11-21,2037-11-21,185797.00,147530.47,3.375,180,TX,REFINANCE,C,17,HIGH,CURRENT,0,US Bank,2023-01-31,2023-02-15,COMPLETE,SERVICING_SYS
L001521,B6483,FHA,2014-04-17,2044-04-17,535575.00,487656.65,7.906,180,NC,CASH_OUT,A,22,MEDIUM,CURRENT,0,PNC Bank,2018-04-18,2018-05-18,COMPLETE,ORIGINATION_SYS
L001522,B5295,CONVENTIONAL,2018-07-11,2033-07-11,352027.00,232011.05,5.011,240,NM,REFINANCE,D,30,VERY_HIGH,CURRENT,0,PNC Bank,2029-02-04,2029-02-23,MISSING,ORIGINATION_SYS
L001523,B8137,JUMBO,2022-12-31,2037-12-31,319668.00,276802.45,8.278,240,CT,REFINANCE,C,20,HIGH,DELINQUENT,76,Quicken Loans,2029-08-19,2029-09-13,COMPLETE,MANUAL_ENTRY
L001524,B6694,JUMBO,2022-07-15,2042-07-15,606629.00,382557.49,6.684,360,KS,PURCHASE,B,12,LOW,CURRENT,0,Quicken Loans,2030-10-12,2030-11-01,COMPLETE,ORIGINATION_SYS
L001525,B5578,JUMBO,2023-04-09,2038-04-09,142467.00,134629.69,7.484,240,NH,PURCHASE,A+,19,LOW,DEFAULT,189,JPMorgan Chase,2029-08-02,2029-08-18,COMPLETE,SERVICING_SYS
L001526,B6286,FHA,2012-09-20,2042-09-20,318803.00,273196.52,5.861,360,MD,PURCHASE,A+,22,LOW,CURRENT,0,Bank of America,2021-09-30,2021-10-14,INCOMPLETE,MANUAL_ENTRY
L001527,B2523,JUMBO,2011-01-27,2031-01-27,294694.00,147334.20,5.345,360,OR,REFINANCE,B+,7,MEDIUM,CURRENT,0,PNC Bank,2013-11-02,2013-11-25,COMPLETE,ORIGINATION_SYS
L001528,B7780,VA,2022-06-26,2042-06-26,585332.00,464426.10,4.78,360,HI,REFINANCE,B+,30,MEDIUM,CURRENT,0,Freedom Mortgage,2029-08-05,2029-09-02,COMPLETE,ORIGINATION_SYS
L001529,B8156,VA,2022-01-13,2037-01-13,166164.00,106762.45,5.063,360,NV,REFINANCE,D,20,VERY_HIGH,CURRENT,0,US Bank,2026-04-21,2026-04-21,COMPLETE,SERVICING_SYS
L001530,B6332,JUMBO,2016-03-31,2036-03-31,628461.00,0.00,4.508,180,SD,PURCHASE,A,30,VERY_HIGH,CLOSED,0,Bank of America,2024-07-23,2024-08-20,COMPLETE,MANUAL_ENTRY
L001531,B9805,JUMBO,2017-05-25,2047-05-25,709038.00,285824.89,8.292,180,CA,CASH_OUT,B+,9,VERY_HIGH,CURRENT,0,PNC Bank,2024-06-17,2024-07-15,MISSING,ORIGINATION_SYS
L001532,B9077,JUMBO,2019-08-12,2039-08-12,388931.00,0.00,4.043,180,NE,REFINANCE,C,2,HIGH,PAID_OFF,0,Freedom Mortgage,2027-01-02,2027-01-22,COMPLETE,ORIGINATION_SYS
L001533,B1816,FHA,2023-09-18,2043-09-18,512002.00,329781.75,4.606,360,AR,PURCHASE,D,25,MEDIUM,CURRENT,0,Freedom Mortgage,2034-04-14,2034-04-15,COMPLETE,MANUAL_ENTRY
L001534,B3068,VA,2017-05-05,2047-05-05,548493.00,397073.27,7.056,360,WY,CASH_OUT,A+,5,VERY_HIGH,CURRENT,0,Quicken Loans,2027-10-06,2027-10-19,COMPLETE,MANUAL_ENTRY
L001535,B9292,CONVENTIONAL,2021-08-30,2041-08-30,507067.00,367973.17,4.148,180,MD,CASH_OUT,A,2,HIGH,CURRENT,0,Freedom Mortgage,2022-09-03,2022-09-10,COMPLETE,ORIGINATION_SYS
L001536,B5279,VA,2018-05-28,2048-05-28,468520.00,262445.85,5.001,180,PA,PURCHASE,D,1,VERY_HIGH,DELINQUENT,36,Quicken Loans,2028-11-24,2028-12-21,COMPLETE,MANUAL_ENTRY
L001537,B7473,VA,2019-01-14,2049-01-14,194479.00,121014.98,6.244,180,VT,PURCHASE,B+,16,HIGH,CURRENT,0,Quicken Loans,2022-11-06,2022-11-20,COMPLETE,MANUAL_ENTRY
L001538,B6855,VA,2013-06-11,2043-06-11,432133.00,336895.62,6.836,360,IN,CASH_OUT,B,27,LOW,CURRENT,0,PNC Bank,2014-06-26,2014-07-11,COMPLETE,SERVICING_SYS
L001539,B7074,JUMBO,2022-04-25,2037-04-25,143680.00,128481.64,5.366,360,WV,REFINANCE,A,14,LOW,CURRENT,0,Freedom Mortgage,2027-01-26,2027-02-10,INCOMPLETE,ORIGINATION_SYS
L001540,B7067,CONVENTIONAL,2022-08-14,2052-08-14,647182.00,588808.10,3.419,360,MD,PURCHASE,C,19,MEDIUM,DELINQUENT,34,Bank of America,2027-10-25,2027-10-31,COMPLETE,SERVICING_SYS
L001541,B6510,JUMBO,2016-03-07,2046-03-07,617801.00,256756.84,4.133,240,MO,REFINANCE,A+,28,LOW,DEFAULT,215,Quicken Loans,2022-01-24,2022-01-24,COMPLETE,SERVICING_SYS
L001542,B8076,JUMBO,2023-09-29,2043-09-29,730150.00,595776.47,6.443,180,NE,CASH_OUT,B,30,MEDIUM,CURRENT,0,PNC Bank,2033-03-11,2033-03-11,INCOMPLETE,SERVICING_SYS
L001543,B2844,VA,2023-09-27,2038-09-27,560527.00,0.00,3.763,360,DE,PURCHASE,B+,1,LOW,PAID_OFF,0,Wells Fargo,2026-07-10,2026-08-09,COMPLETE,SERVICING_SYS
L001544,B5299,JUMBO,2020-05-15,2040-05-15,289826.00,231346.31,3.301,240,NJ,CASH_OUT,C,12,HIGH,DELINQUENT,46,Wells Fargo,2023-02-23,2023-03-02,COMPLETE,MANUAL_ENTRY
L001545,B4506,VA,2020-12-10,2040-12-10,149856.00,83286.99,3.41,180,MS,REFINANCE,A+,0,HIGH,CURRENT,0,Quicken Loans,2028-04-19,2028-05-12,COMPLETE,SERVICING_SYS
L001546,B9698,VA,2018-02-14,2048-02-14,152467.00,110516.27,6.268,180,NE,PURCHASE,B,6,HIGH,CURRENT,0,Quicken Loans,2019-12-12,2019-12-12,COMPLETE,SERVICING_SYS
L001547,B2573,VA,2012-04-13,2032-04-13,469899.00,0.00,6.877,240,NY,CASH_OUT,B+,7,HIGH,CLOSED,0,Wells Fargo,2017-05-08,2017-05-25,COMPLETE,SERVICING_SYS
L001548,B7593,CONVENTIONAL,2022-10-30,2042-10-30,93767.00,59713.73,3.236,180,MO,PURCHASE,A,2,VERY_HIGH,CURRENT,0,Bank of America,2033-06-09,2033-06-28,COMPLETE,MANUAL_ENTRY
L001549,B5418,CONVENTIONAL,2010-11-19,2025-11-19,509621.00,0.00,5.433,240,ID,CASH_OUT,C,10,LOW,PAID_OFF,0,Quicken Loans,2016-02-15,2016-03-14,COMPLETE,ORIGINATION_SYS
L001550,B5095,VA,2018-03-11,2048-03-11,297831.00,218005.92,8.489,240,KS,REFINANCE,B+,25,HIGH,DEFAULT,307,PNC Bank,2023-04-07,2023-04-23,COMPLETE,ORIGINATION_SYS
L001551,B2398,FHA,2020-12-20,2035-12-20,526530.00,201796.11,3.883,240,WI,PURCHASE,A+,0,LOW,CURRENT,0,Bank of America,2023-06-16,2023-06-22,COMPLETE,SERVICING_SYS
L001552,B4686,VA,2016-12-13,2031-12-13,566422.00,0.00,5.379,360,NH,PURCHASE,B+,8,LOW,CLOSED,0,JPMorgan Chase,2019-07-29,2019-08-20,INCOMPLETE,MANUAL_ENTRY
L001553,B8159,VA,2010-04-01,2040-04-01,104053.00,93045.49,5.864,180,AK,CASH_OUT,B,27,HIGH,DELINQUENT,44,JPMorgan Chase,2019-05-09,2019-06-08,MISSING,SERVICING_SYS
L001554,B2119,FHA,2015-04-28,2045-04-28,543748.00,0.00,7.818,360,PA,PURCHASE,A,25,MEDIUM,PAID_OFF,0,PNC Bank,2023-05-04,2023-05-08,MISSING,ORIGINATION_SYS
L001555,B2353,CONVENTIONAL,2011-09-11,2031-09-11,707061.00,514378.84,6.013,360,GA,REFINANCE,A+,27,HIGH,CURRENT,0,Quicken Loans,2013-07-23,2013-08-16,INCOMPLETE,SERVICING_SYS
L001556,B7140,VA,2015-12-04,2045-12-04,709675.00,0.00,4.181,180,CT,CASH_OUT,A+,21,HIGH,PAID_OFF,0,Wells Fargo,2023-11-09,2023-11-15,COMPLETE,SERVICING_SYS
L001557,B9845,CONVENTIONAL,2014-03-17,2044-03-17,69178.00,51651.56,6.64,180,WA,REFINANCE,A+,9,LOW,CURRENT,0,US Bank,2016-08-07,2016-08-31,INCOMPLETE,SERVICING_SYS
L001558,B9556,FHA,2011-10-20,2031-10-20,450557.00,331607.45,3.69,240,AR,PURCHASE,A,5,VERY_HIGH,CURRENT,0,JPMorgan Chase,2022-06-29,2022-07-16,COMPLETE,SERVICING_SYS
L001559,B8679,JUMBO,2010-04-04,2025-04-04,51698.00,0.00,2.777,360,XX,REFINANCE,B+,21,VERY_HIGH,PAID_OFF,0,Quicken Loans,2014-10-07,2014-10-10,MISSING,ORIGINATION_SYS
L001560,B8909,CONVENTIONAL,2020-06-06,2040-06-06,201394.00,157349.27,6.319,180,NY,PURCHASE,A,9,VERY_HIGH,CURRENT,0,US Bank,2025-12-06,2025-12-07,COMPLETE,ORIGINATION_SYS
L001561,B7342,VA,2021-03-28,2041-03-28,652200.00,289929.46,6.426,240,NV,REFINANCE,C,3,LOW,CURRENT,0,Quicken Loans,2030-08-05,2030-08-06,COMPLETE,MANUAL_ENTRY
L001562,B1543,JUMBO,2015-03-05,2045-03-05,71425.00,0.00,6.371,180,MI,CASH_OUT,A,22,VERY_HIGH,PAID_OFF,0,PNC Bank,2024-03-07,2024-03-08,COMPLETE,ORIGINATION_SYS
L001563,B7410,JUMBO,2018-05-20,2048-05-20,651744.00,237819.22,8.227,240,DE,REFINANCE,B,2,MEDIUM,CURRENT,0,PNC Bank,2024-07-28,2024-08-25,COMPLETE,ORIGINATION_SYS
L001564,B1410,JUMBO,2017-08-24,2032-08-24,471033.00,384988.79,4.701,240,GA,CASH_OUT,B,6,HIGH,CURRENT,0,US Bank,2018-12-30,2019-01-06,INCOMPLETE,SERVICING_SYS
L001565,B6345,CONVENTIONAL,2014-04-23,2044-04-23,701750.00,501895.76,5.38,240,MO,CASH_OUT,B,24,HIGH,CURRENT,0,Wells Fargo,2018-06-14,2018-06-14,INCOMPLETE,MANUAL_ENTRY
L001566,B4103,CONVENTIONAL,2011-10-30,2031-10-30,99372.00,88418.72,5.928,240,SD,CASH_OUT,B+,15,LOW,DEFAULT,167,JPMorgan Chase,2022-02-14,2022-02-24,INCOMPLETE,MANUAL_ENTRY
L001567,B4149,CONVENTIONAL,2020-03-06,2035-03-06,566719.00,512209.47,4.572,360,AR,CASH_OUT,C,2,MEDIUM,CURRENT,0,Bank of America,2025-09-16,2025-10-15,MISSING,SERVICING_SYS
L001568,B6255,FHA,2010-02-09,2030-02-09,147751.00,136826.97,3.934,240,DE,CASH_OUT,D,24,VERY_HIGH,CURRENT,0,Quicken Loans,2019-04-07,2019-04-21,INCOMPLETE,SERVICING_SYS
L001569,B8455,FHA,2011-05-12,2026-05-12,456610.00,220031.21,7.557,360,WI,PURCHASE,A,7,MEDIUM,CURRENT,0,JPMorgan Chase,2022-01-01,2022-01-09,COMPLETE,SERVICING_SYS
L001570,B1005,VA,2020-02-14,2040-02-14,574154.00,506684.61,5.757,360,PA,REFINANCE,B+,27,VERY_HIGH,CURRENT,0,PNC Bank,2029-12-09,2030-01-03,COMPLETE,ORIGINATION_SYS
L001571,B8924,CONVENTIONAL,2022-02-22,2037-02-22,411169.00,0.00,5.23,360,MS,CASH_OUT,B+,28,HIGH,PAID_OFF,0,Freedom Mortgage,2031-09-14,2031-09-29,COMPLETE,ORIGINATION_SYS
L001572,B8365,VA,2012-05-11,2027-05-11,103713.00,0.00,4.24,360,MI,REFINANCE,B,16,VERY_HIGH,CLOSED,0,JPMorgan Chase,2017-09-28,2017-10-03,COMPLETE,MANUAL_ENTRY
L001573,B4329,CONVENTIONAL,2014-09-18,2034-09-18,581533.00,0.00,6.153,240,MO,CASH_OUT,C,23,VERY_HIGH,CURRENT,45,Wells Fargo,2022-06-04,2022-06-30,COMPLETE,MANUAL_ENTRY
L001574,B7680,CONVENTIONAL,2023-03-28,2053-03-28,676481.00,0.00,3.811,180,DC,CASH_OUT,D,1,VERY_HIGH,PAID_OFF,0,Quicken Loans,2030-08-10,2030-09-07,COMPLETE,MANUAL_ENTRY
L001575,B7656,FHA,2018-05-27,2038-05-27,92866.00,73546.60,4.757,240,ID,CASH_OUT,D,2,LOW,CURRENT,0,Wells Fargo,2024-10-26,2024-11-25,COMPLETE,ORIGINATION_SYS
L001576,B1532,JUMBO,2018-01-08,2033-01-08,186332.00,122985.48,5.738,360,ME,PURCHASE,B,7,MEDIUM,CURRENT,0,PNC Bank,2020-03-15,2020-04-14,INCOMPLETE,ORIGINATION_SYS
L001577,B7572,CONVENTIONAL,2013-03-18,2028-03-18,696743.00,475946.05,7.507,240,KY,CASH_OUT,B,21,LOW,CURRENT,0,Quicken Loans,2016-06-06,2016-06-25,COMPLETE,ORIGINATION_SYS
L001578,B6005,CONVENTIONAL,2014-04-12,2034-04-12,508905.00,330531.62,3.319,240,VA,PURCHASE,A,25,VERY_HIGH,CURRENT,0,Freedom Mortgage,2023-02-02,2023-03-04,COMPLETE,MANUAL_ENTRY
L001579,B9524,CONVENTIONAL,2022-06-19,2042-06-19,351222.00,226752.52,4.036,240,MD,PURCHASE,A+,25,LOW,DEFAULT,264,Bank of America,2025-04-19,2025-04-26,MISSING,SERVICING_SYS
L001580,B7951,JUMBO,2016-10-15,2031-10-15,432901.00,223577.73,5.766,180,AZ,PURCHASE,B+,18,MEDIUM,CURRENT,0,JPMorgan Chase,2023-02-13,2023-02-16,COMPLETE,ORIGINATION_SYS
L001581,B7794,FHA,2020-10-11,2035-10-11,147549.00,103864.29,8.209,360,OH,REFINANCE,A+,16,VERY_HIGH,DELINQUENT,50,JPMorgan Chase,2027-02-21,2027-03-22,INCOMPLETE,SERVICING_SYS
L001582,B7696,FHA,2014-07-21,2044-07-21,129994.00,60257.28,5.958,180,TX,CASH_OUT,D,9,HIGH,CURRENT,0,Wells Fargo,2018-02-08,2018-02-21,COMPLETE,ORIGINATION_SYS
L001583,B1677,FHA,2014-02-06,2044-02-06,633750.00,398795.41,5.662,240,CO,PURCHASE,A,4,MEDIUM,CURRENT,0,PNC Bank,2014-05-26,2014-06-17,COMPLETE,ORIGINATION_SYS
L001584,B5512,JUMBO,2011-11-05,2041-11-05,562856.00,300876.93,6.217,360,CA,PURCHASE,C,12,VERY_HIGH,CURRENT,0,JPMorgan Chase,2014-12-21,2015-01-17,COMPLETE,MANUAL_ENTRY
L001585,B3798,CONVENTIONAL,2010-05-27,2025-05-27,422781.00,173858.64,3.879,360,NM,CASH_OUT,C,9,MEDIUM,DELINQUENT,66,JPMorgan Chase,2015-07-02,2015-07-02,COMPLETE,SERVICING_SYS
L001586,B1171,JUMBO,2021-05-21,2041-05-21,198644.00,176069.39,2.794,180,MI,REFINANCE,A+,4,MEDIUM,DELINQUENT,43,JPMorgan Chase,2025-12-05,2025-12-17,COMPLETE,SERVICING_SYS
L001587,B1725,CONVENTIONAL,2021-12-03,2041-12-03,574463.00,435099.21,5.893,240,NM,CASH_OUT,B,0,MEDIUM,DELINQUENT,59,Bank of America,2022-01-30,2022-02-01,COMPLETE,ORIGINATION_SYS
L001588,B3447,JUMBO,2012-09-03,2042-09-03,212253.00,139516.16,7.551,240,IL,REFINANCE,A+,10,MEDIUM,DELINQUENT,38,US Bank,2015-06-05,2015-07-04,COMPLETE,MANUAL_ENTRY
L001589,B8268,CONVENTIONAL,2018-05-06,2038-05-06,180959.00,0.00,4.195,180,DC,REFINANCE,C,26,VERY_HIGH,PAID_OFF,0,Bank of America,2027-06-03,2027-06-25,INCOMPLETE,SERVICING_SYS
L001590,B7315,FHA,2014-02-12,2034-02-12,638553.00,0.00,4.575,180,OH,PURCHASE,B+,2,MEDIUM,PAID_OFF,0,Bank of America,2020-09-25,2020-10-15,COMPLETE,SERVICING_SYS
L001591,B5225,VA,2020-01-31,2035-01-31,727132.00,423378.51,3.648,240,MI,REFINANCE,A+,28,VERY_HIGH,DEFAULT,335,US Bank,2022-02-02,2022-02-17,COMPLETE,SERVICING_SYS
L001592,B4650,CONVENTIONAL,2018-02-12,2038-02-12,165676.00,86054.27,7.51,360,AR,PURCHASE,C,29,LOW,CURRENT,0,PNC Bank,2026-03-04,2026-03-13,COMPLETE,SERVICING_SYS
L001593,B2078,JUMBO,2023-01-14,2043-01-14,-103020.00,72857.26,6.694,240,NE,PURCHASE,C,28,MEDIUM,DELINQUENT,66,Quicken Loans,2026-05-03,2026-05-15,COMPLETE,MANUAL_ENTRY
L001594,B4783,CONVENTIONAL,2013-02-07,2028-02-07,433744.00,203904.96,6.073,180,LA,CASH_OUT,A,29,LOW,CURRENT,0,PNC Bank,2013-07-22,2013-08-01,COMPLETE,ORIGINATION_SYS
L001595,B2078,VA,2012-06-09,2042-06-09,169169.00,133456.14,5.448,240,DC,PURCHASE,A,20,LOW,CURRENT,0,US Bank,2014-07-25,2014-08-02,COMPLETE,MANUAL_ENTRY
L001596,B6016,FHA,2014-12-30,2029-12-30,395987.00,0.00,3.447,360,DC,CASH_OUT,C,19,VERY_HIGH,CLOSED,0,PNC Bank,2018-02-19,2018-03-04,MISSING,SERVICING_SYS
L001597,B8066,FHA,2020-09-09,2035-09-09,420054.00,194055.54,6.951,240,KS,REFINANCE,C,0,LOW,CURRENT,0,PNC Bank,2029-08-17,2029-08-23,COMPLETE,MANUAL_ENTRY
L001598,B7661,CONVENTIONAL,2010-05-11,2040-05-11,89778.00,67967.44,7.688,360,GA,REFINANCE,A+,15,MEDIUM,DELINQUENT,57,Freedom Mortgage,2013-10-23,2013-11-15,COMPLETE,SERVICING_SYS
L001599,B7562,JUMBO,2015-10-30,2045-10-30,105047.00,80293.63,6.092,360,AR,CASH_OUT,D,14,HIGH,CURRENT,0,Freedom Mortgage,2023-02-06,2023-03-05,COMPLETE,MANUAL_ENTRY
L001600,B1314,VA,2015-01-15,2045-01-15,255995.00,127678.80,4.417,180,TX,CASH_OUT,B,25,HIGH,CURRENT,0,JPMorgan Chase,2021-07-25,2021-08-10,COMPLETE,MANUAL_ENTRY
L001601,B4626,FHA,2014-12-28,2034-12-28,528856.00,0.00,2.618,240,MI,PURCHASE,B+,28,MEDIUM,PAID_OFF,0,Wells Fargo,2024-05-02,2024-05-07,MISSING,SERVICING_SYS
L001602,B9826,VA,2016-12-16,2031-12-16,237394.00,94754.05,3.645,240,KS,PURCHASE,C,1,HIGH,DEFAULT,219,Wells Fargo,2017-04-13,2017-04-25,COMPLETE,ORIGINATION_SYS
L001603,B6840,VA,2012-12-17,2032-12-17,150492.00,125247.69,5.706,240,PA,REFINANCE,B+,22,LOW,CURRENT,0,Bank of America,2014-01-18,2014-01-22,COMPLETE,MANUAL_ENTRY
L001604,B7099,CONVENTIONAL,2016-09-16,2036-09-16,462373.00,230542.17,3.29,180,AZ,REFINANCE,A+,2,LOW,CURRENT,0,Freedom Mortgage,2023-10-02,2023-10-09,INCOMPLETE,MANUAL_ENTRY
L001605,B5160,CONVENTIONAL,2017-09-29,2032-09-29,416263.00,318471.56,6.199,240,VT,REFINANCE,C,11,VERY_HIGH,CURRENT,0,Wells Fargo,2025-07-19,2025-08-16,MISSING,SERVICING_SYS
L001606,B1285,JUMBO,2015-03-05,2030-03-05,589944.00,419256.89,3.222,240,CA,CASH_OUT,B+,27,HIGH,CURRENT,0,PNC Bank,2018-05-15,2018-05-28,COMPLETE,ORIGINATION_SYS
L001607,B1896,VA,2010-03-17,2025-03-17,530459.00,309407.17,6.143,360,MN,CASH_OUT,B+,13,VERY_HIGH,CURRENT,0,Quicken Loans,2010-10-03,2010-10-31,COMPLETE,ORIGINATION_SYS
L001608,B1621,CONVENTIONAL,2014-11-03,2044-11-03,492979.00,0.00,2.765,240,NE,CASH_OUT,A,27,LOW,PAID_OFF,0,PNC Bank,2015-05-24,2015-05-30,COMPLETE,SERVICING_SYS
L001609,B7401,CONVENTIONAL,2021-07-08,2051-07-08,575165.00,380888.23,4.815,180,DE,REFINANCE,A+,15,HIGH,CURRENT,0,Wells Fargo,2026-01-17,2026-02-02,INCOMPLETE,SERVICING_SYS
L001610,B7557,FHA,2019-06-07,2049-06-07,97968.00,92624.56,4.781,180,AL,REFINANCE,B,22,VERY_HIGH,DELINQUENT,72,JPMorgan Chase,2026-02-21,2026-03-19,COMPLETE,MANUAL_ENTRY
L001611,B5632,CONVENTIONAL,2022-06-05,2037-06-05,354488.00,209441.64,5.297,180,VA,PURCHASE,A+,7,LOW,DELINQUENT,59,Freedom Mortgage,2024-11-14,2024-11-26,COMPLETE,MANUAL_ENTRY
L001612,B5653,FHA,2023-06-04,2053-06-04,709355.00,668651.97,4.97,180,NM,REFINANCE,A+,1,VERY_HIGH,CURRENT,0,Quicken Loans,2030-09-12,2030-09-28,COMPLETE,SERVICING_SYS
L001613,B2376,JUMBO,2020-01-30,2040-01-30,121699.00,105203.71,4.326,240,TX,CASH_OUT,C,26,VERY_HIGH,CURRENT,0,JPMorgan Chase,2025-09-02,2025-09-11,COMPLETE,ORIGINATION_SYS
L001614,B1530,FHA,2021-04-19,2036-04-19,706216.00,512913.18,4.597,240,WI,PURCHASE,B,24,VERY_HIGH,CURRENT,0,PNC Bank,2031-10-31,2031-11-15,COMPLETE,ORIGINATION_SYS
L001615,B3635,JUMBO,2010-05-31,2040-05-31,259781.00,94722.41,3.146,240,UT,PURCHASE,A,27,LOW,CURRENT,0,JPMorgan Chase,2016-09-28,2016-10-06,COMPLETE,ORIGINATION_SYS
L001616,B1513,CONVENTIONAL,2018-05-30,2038-05-30,403386.00,205247.81,6.495,360,IN,CASH_OUT,D,12,VERY_HIGH,DELINQUENT,51,JPMorgan Chase,2021-10-22,2021-11-07,COMPLETE,ORIGINATION_SYS
L001617,B5621,FHA,2016-12-13,2036-12-13,152127.00,84373.14,5.657,360,AK,CASH_OUT,A,9,MEDIUM,CURRENT,0,Bank of America,2025-12-25,2025-12-30,COMPLETE,MANUAL_ENTRY
L001618,B7762,VA,2015-01-26,2030-01-26,565604.00,423958.24,8.442,240,GA,CASH_OUT,A+,15,MEDIUM,DELINQUENT,36,Bank of America,2020-01-22,2020-01-25,COMPLETE,SERVICING_SYS
,B3087,FHA,2013-07-08,2028-07-08,403185.00,161629.56,2.724,180,ME,PURCHASE,C,12,VERY_HIGH,DEFAULT,296,Quicken Loans,2014-03-23,2014-04-19,INCOMPLETE,ORIGINATION_SYS
L001620,B5299,CONVENTIONAL,2014-02-20,2034-02-20,132640.00,96633.79,8.038,360,NC,PURCHASE,C,2,VERY_HIGH,CURRENT,0,Quicken Loans,2022-06-25,2022-07-08,COMPLETE,MANUAL_ENTRY
L001621,B5512,JUMBO,2012-07-29,2027-07-29,278075.00,188096.76,6.309,180,MO,PURCHASE,D,2,HIGH,CURRENT,0,JPMorgan Chase,2018-11-11,2018-11-26,COMPLETE,SERVICING_SYS
L001622,B5252,FHA,2022-05-17,2042-05-17,367452.00,182588.79,4.006,360,IL,CASH_OUT,A,7,VERY_HIGH,CURRENT,0,JPMorgan Chase,2024-04-01,2024-04-15,COMPLETE,SERVICING_SYS
L001623,B3498,JUMBO,2010-12-07,2025-12-07,127252.00,0.00,6.574,360,DE,REFINANCE,A,19,MEDIUM,PAID_OFF,0,PNC Bank,2021-04-04,2021-04-22,COMPLETE,SERVICING_SYS
L001624,B3033,CONVENTIONAL,2011-11-30,2026-11-30,326503.00,194344.40,7.387,360,MA,REFINANCE,B+,21,MEDIUM,DEFAULT,137,Bank of America,2021-10-15,2021-11-07,COMPLETE,MANUAL_ENTRY
L001625,B5602,CONVENTIONAL,2022-05-21,2052-05-21,271688.00,0.00,3.688,180,DE,CASH_OUT,B+,3,HIGH,CLOSED,0,Wells Fargo,2024-12-08,2025-01-07,MISSING,ORIGINATION_SYS
L001626,B6074,VA,2015-03-12,2030-03-12,380157.00,271248.70,5.203,360,AL,CASH_OUT,B+,8,LOW,CURRENT,0,Freedom Mortgage,2021-11-10,2021-12-08,COMPLETE,ORIGINATION_SYS
L001627,B5303,VA,2016-08-21,2046-08-21,577778.00,345627.58,7.078,240,NM,PURCHASE,B,14,HIGH,CURRENT,0,PNC Bank,2016-12-18,2017-01-02,COMPLETE,ORIGINATION_SYS
L001628,B5231,JUMBO,2020-03-16,2050-03-16,330734.00,105093.67,2.522,180,CT,CASH_OUT,B,12,HIGH,CURRENT,0,Wells Fargo,2030-10-19,2030-10-24,INCOMPLETE,SERVICING_SYS
L001629,B8387,VA,2016-09-27,2031-09-27,54516.00,45888.64,3.902,180,OK,PURCHASE,C,15,VERY_HIGH,CURRENT,0,JPMorgan Chase,2018-09-14,2018-09-16,COMPLETE,ORIGINATION_SYS
L001630,B3715,VA,2011-10-28,2026-10-28,609746.00,421739.64,3.855,180,ME,PURCHASE,A,8,VERY_HIGH,DELINQUENT,48,Bank of America,2016-06-20,2016-07-20,COMPLETE,SERVICING_SYS
L001631,B5450,VA,2023-06-12,2043-06-12,638702.00,348776.75,5.601,240,XX,CASH_OUT,B,12,LOW,DELINQUENT,67,Wells Fargo,2032-09-05,2032-09-06,MISSING,SERVICING_SYS
L001632,B8872,VA,2020-07-05,2035-07-05,125304.00,0.00,5.945,240,IL,PURCHASE,D,16,LOW,PAID_OFF,0,Wells Fargo,2029-03-04,2029-04-02,INCOMPLETE,SERVICING_SYS
L001633,B3788,CONVENTIONAL,2012-05-23,2042-05-23,493677.00,0.00,4.108,240,MN,REFINANCE,A+,13,VERY_HIGH,CLOSED,0,Bank of America,2015-08-04,2015-08-11,COMPLETE,MANUAL_ENTRY
L001634,B7128,FHA,2021-08-22,2041-08-22,745826.00,497480.12,3.873,180,UT,PURCHASE,B,23,MEDIUM,CURRENT,0,Bank of America,2029-08-02,2029-08-09,MISSING,ORIGINATION_SYS
L001635,B4513,JUMBO,2016-12-23,2046-12-23,664115.00,451162.92,6.806,360,TN,REFINANCE,B,3,VERY_HIGH,CURRENT,0,JPMorgan Chase,2021-08-04,2021-09-03,COMPLETE,SERVICING_SYS
L001636,B4212,VA,2019-08-04,2049-08-04,212288.00,101363.29,7.575,240,TX,PURCHASE,A+,4,VERY_HIGH,CURRENT,0,PNC Bank,2027-10-11,2027-11-05,COMPLETE,SERVICING_SYS
L001637,B3037,JUMBO,2012-01-28,2032-01-28,132041.00,0.00,8.004,240,AZ,REFINANCE,A,11,HIGH,CLOSED,0,US Bank,2015-03-23,2015-04-12,COMPLETE,ORIGINATION_SYS
L001638,B6554,CONVENTIONAL,2017-03-01,2037-03-01,687036.00,0.00,4.859,360,IL,REFINANCE,C,12,HIGH,PAID_OFF,0,Quicken Loans,2018-08-10,2018-08-16,INCOMPLETE,MANUAL_ENTRY
L001639,B6908,JUMBO,2023-05-15,2043-05-15,66332.00,24281.21,2.529,180,KS,REFINANCE,B+,4,VERY_HIGH,CURRENT,0,PNC Bank,2030-06-30,2030-07-26,MISSING,MANUAL_ENTRY
L001640,B3066,CONVENTIONAL,2022-02-18,2042-02-18,466843.00,429470.82,4.476,360,MO,PURCHASE,A,1,LOW,CURRENT,0,Freedom Mortgage,2023-11-28,2023-12-28,INCOMPLETE,ORIGINATION_SYS
L001641,B4154,VA,2011-03-30,2026-03-30,392572.00,225998.23,7.227,360,NC,PURCHASE,B,30,LOW,CURRENT,0,Freedom Mortgage,2020-10-23,2020-10-30,COMPLETE,MANUAL_ENTRY
L001642,B7151,CONVENTIONAL,2022-06-22,2052-06-22,196728.00,142794.34,7.085,360,VA,CASH_OUT,D,15,MEDIUM,CURRENT,0,JPMorgan Chase,2032-02-16,2032-03-08,MISSING,ORIGINATION_SYS
L001643,B8638,FHA,2011-05-18,2031-05-18,747628.00,351803.53,6.269,240,MS,REFINANCE,B+,13,LOW,CURRENT,0,US Bank,2019-01-15,2019-01-19,COMPLETE,ORIGINATION_SYS
L001644,B9622,JUMBO,2021-11-23,2051-11-23,192829.00,167994.78,7.432,180,CA,CASH_OUT,B+,20,MEDIUM,CURRENT,0,Freedom Mortgage,2024-05-14,2024-05-14,COMPLETE,SERVICING_SYS
L001645,B2083,JUMBO,2015-11-15,2030-11-15,708286.00,413380.69,7.586,240,KS,PURCHASE,B,25,LOW,CURRENT,0,PNC Bank,2021-08-20,2021-09-07,COMPLETE,MANUAL_ENTRY
L001646,B7591,JUMBO,2014-01-11,2034-01-11,196708.00,159816.61,7.969,180,RI,PURCHASE,D,18,HIGH,CURRENT,0,US Bank,2024-01-16,2024-02-12,COMPLETE,SERVICING_SYS
L001647,B9523,VA,2013-09-17,2028-09-17,378226.00,158951.71,7.061,180,WV,CASH_OUT,D,24,VERY_HIGH,DELINQUENT,78,US Bank,2016-09-04,2016-09-07,INCOMPLETE,ORIGINATION_SYS
L001648,B9515,CONVENTIONAL,2011-09-02,2031-09-02,283374.00,125679.54,4.423,240,MI,REFINANCE,B+,11,LOW,CURRENT,0,Freedom Mortgage,2012-01-09,2012-01-29,MISSING,MANUAL_ENTRY
L001649,B2605,FHA,2013-09-29,2033-09-29,606423.00,370700.91,2.595,360,MO,PURCHASE,D,5,LOW,DELINQUENT,40,Quicken Loans,2024-03-02,2024-03-07,INCOMPLETE,SERVICING_SYS
L001650,B9768,CONVENTIONAL,2018-11-13,2048-11-13,73579.00,32421.61,3.551,240,SC,CASH_OUT,A+,30,VERY_HIGH,CURRENT,0,Quicken Loans,2024-08-26,2024-09-19,COMPLETE,SERVICING_SYS
L001651,B6673,CONVENTIONAL,2022-10-24,2037-10-24,680869.00,0.00,5.886,360,KY,CASH_OUT,D,8,LOW,CLOSED,0,Wells Fargo,2032-06-15,2032-06-17,COMPLETE,ORIGINATION_SYS
L001652,B7438,JUMBO,2018-10-13,2038-10-13,62425.00,27590.08,7.677,180,MS,CASH_OUT,C,23,MEDIUM,CURRENT,0,JPMorgan Chase,2020-07-11,2020-07-17,COMPLETE,ORIGINATION_SYS
L001653,B3394,FHA,2022-03-07,2037-03-07,429053.00,239690.37,6.27,360,NC,REFINANCE,B,30,MEDIUM,CURRENT,0,Freedom Mortgage,2030-08-05,2030-08-08,COMPLETE,SERVICING_SYS
L001654,B6785,VA,2021-09-13,2051-09-13,262570.00,92974.97,5.769,180,NM,PURCHASE,A,2,VERY_HIGH,DELINQUENT,44,Freedom Mortgage,2029-10-24,2029-10-24,COMPLETE,ORIGINATION_SYS
L001655,B9029,JUMBO,2022-03-21,2042-03-21,315692.00,264942.26,7.072,180,MA,PURCHASE,B,19,HIGH,CURRENT,0,Bank of America,2029-12-11,2029-12-21,COMPLETE,MANUAL_ENTRY
L001656,B9810,VA,2010-06-09,2025-06-09,431086.00,377308.54,6.76,180,ID,PURCHASE,B+,1,LOW,CURRENT,0,JPMorgan Chase,2011-10-22,2011-11-04,COMPLETE,SERVICING_SYS
L001657,B1046,FHA,2013-01-07,2028-01-07,302315.00,154015.95,6.518,360,SD,REFINANCE,B,14,HIGH,CURRENT,0,Freedom Mortgage,2020-06-08,2020-06-14,COMPLETE,SERVICING_SYS
L001658,B4622,CONVENTIONAL,2022-11-09,2037-11-09,637469.00,203727.64,5.032,240,OK,REFINANCE,B+,21,HIGH,DELINQUENT,85,Wells Fargo,2027-08-07,2027-08-14,COMPLETE,ORIGINATION_SYS
L001659,B8141,JUMBO,2015-09-14,2035-09-14,341974.00,304843.51,4.083,240,XX,CASH_OUT,A+,9,HIGH,CURRENT,0,Freedom Mortgage,2015-12-30,2016-01-22,COMPLETE,ORIGINATION_SYS
L001660,B7764,FHA,2012-03-28,2032-03-28,737748.00,266872.52,5.594,360,CT,PURCHASE,C,0,HIGH,CURRENT,0,Freedom Mortgage,2013-12-02,2013-12-02,COMPLETE,SERVICING_SYS
L001661,B3661,VA,2023-10-20,2053-10-20,485895.00,176945.99,4.735,360,HI,PURCHASE,B+,25,LOW,DELINQUENT,42,Bank of America,2025-04-02,2025-04-18,INCOMPLETE,ORIGINATION_SYS
L001662,B1938,VA,2020-03-24,2050-03-24,516672.00,368580.71,5.482,240,MI,CASH_OUT,B+,6,HIGH,CURRENT,0,Wells Fargo,2030-08-22,2030-09-15,COMPLETE,ORIGINATION_SYS
L001663,B9901,FHA,2017-05-24,2032-05-24,390392.00,198151.99,4.911,180,NH,REFINANCE,A+,18,LOW,DELINQUENT,83,JPMorgan Chase,2019-07-06,2019-07-06,COMPLETE,SERVICING_SYS
L001664,B8074,CONVENTIONAL,2021-12-20,2051-12-20,57332.00,43535.29,7.296,240,FL,PURCHASE,A+,28,MEDIUM,CURRENT,0,Bank of America,2023-05-16,2023-06-15,COMPLETE,MANUAL_ENTRY
L001665,B6777,JUMBO,2016-08-13,2046-08-13,432169.00,297145.24,5.158,240,RI,PURCHASE,A,21,MEDIUM,CURRENT,0,Freedom Mortgage,2020-05-09,2020-05-23,MISSING,MANUAL_ENTRY
L001666,B5097,VA,2015-01-05,2030-01-05,370287.00,293669.98,7.102,360,MO,PURCHASE,A+,18,HIGH,CURRENT,0,US Bank,2025-12-27,2026-01-14,COMPLETE,ORIGINATION_SYS
L001667,B4300,JUMBO,2012-06-12,2032-06-12,741323.00,669739.54,6.756,360,AR,PURCHASE,A+,6,HIGH,CURRENT,0,Quicken Loans,2013-10-31,2013-11-13,COMPLETE,ORIGINATION_SYS
L001668,B4723,CONVENTIONAL,2012-11-30,2042-11-30,582243.00,0.00,6.621,240,CT,CASH_OUT,A,23,MEDIUM,PAID_OFF,0,PNC Bank,2019-07-30,2019-08-25,COMPLETE,MANUAL_ENTRY
L001669,B7454,CONVENTIONAL,2020-09-30,2050-09-30,673267.00,257403.29,7.974,180,UT,REFINANCE,B+,17,HIGH,CURRENT,0,Freedom Mortgage,2030-12-29,2031-01-02,COMPLETE,MANUAL_ENTRY
L001670,B4847,JUMBO,2022-07-31,2052-07-31,586977.00,327396.18,4.876,180,OR,PURCHASE,B+,0,VERY_HIGH,DELINQUENT,64,JPMorgan Chase,2031-05-01,2031-05-16,COMPLETE,MANUAL_ENTRY
L001671,B5139,VA,2023-01-23,2053-01-23,735216.00,614280.81,4.163,180,PA,PURCHASE,B+,13,MEDIUM,DEFAULT,250,Quicken Loans,2028-04-30,2028-05-20,INCOMPLETE,SERVICING_SYS
L001672,B2787,JUMBO,2016-05-22,2046-05-22,293541.00,144867.43,2.686,360,MI,CASH_OUT,B+,29,MEDIUM,CURRENT,0,US Bank,2020-06-12,2020-06-28,COMPLETE,MANUAL_ENTRY
L001673,B6961,VA,2022-09-25,2052-09-25,106822.00,64129.50,5.203,180,NY,REFINANCE,D,21,LOW,DELINQUENT,80,Quicken Loans,2029-03-26,2029-04-10,COMPLETE,ORIGINATION_SYS
L001674,B8255,CONVENTIONAL,2016-11-16,2046-11-16,90834.00,0.00,7.338,240,MO,PURCHASE,B+,20,MEDIUM,CLOSED,0,Bank of America,2019-04-27,2019-05-18,COMPLETE,MANUAL_ENTRY
L001675,B4233,VA,2010-01-22,2030-01-22,582530.00,377182.91,4.195,180,NE,CASH_OUT,A+,19,HIGH,CURRENT,0,JPMorgan Chase,2011-11-24,2011-12-24,COMPLETE,MANUAL_ENTRY
L001676,B7432,VA,2010-12-21,2040-12-21,246384.00,109822.07,3.673,240,VT,CASH_OUT,B+,10,LOW,DEFAULT,160,Bank of America,2021-06-24,2021-07-13,COMPLETE,SERVICING_SYS
L001677,B8983,CONVENTIONAL,2023-04-30,2053-04-30,106235.00,0.00,4.252,360,AZ,CASH_OUT,B,22,HIGH,CLOSED,0,Bank of America,2026-03-01,2026-03-12,COMPLETE,SERVICING_SYS
L001678,B7850,VA,2010-12-10,2025-12-10,88532.00,28916.36,4.093,240,NM,REFINANCE,A,24,MEDIUM,CURRENT,0,Wells Fargo,2013-11-04,2013-11-21,COMPLETE,MANUAL_ENTRY
L001679,B7856,VA,2023-05-24,2038-05-24,715706.00,894632.50,2.678,360,GA,PURCHASE,B,29,MEDIUM,DELINQUENT,78,PNC Bank,2032-04-14,2032-05-06,COMPLETE,SERVICING_SYS
,B5205,VA,2018-08-30,2038-08-30,347044.00,198686.20,4.718,240,AR,PURCHASE,D,6,HIGH,DELINQUENT,45,Quicken Loans,2026-04-09,2026-04-09,COMPLETE,SERVICING_SYS
L001681,B7716,FHA,2022-02-01,2052-02-01,376750.00,339039.50,5.959,360,UT,REFINANCE,A,0,MEDIUM,CURRENT,0,PNC Bank,2029-05-31,2029-06-23,INCOMPLETE,SERVICING_SYS
L001682,B1284,FHA,2022-09-08,2042-09-08,742783.00,0.00,8.182,180,OR,REFINANCE,C,30,HIGH,PAID_OFF,0,PNC Bank,2033-05-26,2033-05-26,COMPLETE,SERVICING_SYS
L001683,B2099,VA,2023-08-01,2038-08-01,502634.00,0.00,6.569,180,IN,CASH_OUT,B,8,HIGH,PAID_OFF,0,US Bank,2023-12-06,2023-12-07,COMPLETE,MANUAL_ENTRY
L001684,B4893,FHA,2020-09-01,2035-09-01,170067.00,93291.13,6.029,360,CA,CASH_OUT,A+,5,VERY_HIGH,DELINQUENT,65,Freedom Mortgage,2028-01-11,2028-01-31,COMPLETE,ORIGINATION_SYS
L001685,B1690,CONVENTIONAL,2010-01-21,2030-01-21,285228.00,90183.06,7.886,180,NC,PURCHASE,B+,14,VERY_HIGH,CURRENT,0,PNC Bank,2012-01-30,2012-02-07,COMPLETE,ORIGINATION_SYS
L001686,B8289,FHA,2017-01-29,2037-01-29,700581.00,465030.86,7.844,180,IL,PURCHASE,B,22,LOW,CURRENT,0,Wells Fargo,2023-03-26,2023-03-31,COMPLETE,MANUAL_ENTRY
L001687,B3250,VA,2022-05-31,2037-05-31,355278.00,166322.00,5.446,180,NE,CASH_OUT,A,20,VERY_HIGH,DELINQUENT,53,Freedom Mortgage,2028-02-20,2028-03-21,COMPLETE,ORIGINATION_SYS
L001688,B5105,JUMBO,2015-10-07,2035-10-07,235476.00,126017.73,5.469,360,NH,PURCHASE,B+,22,HIGH,CURRENT,0,Quicken Loans,2022-01-06,2022-01-16,COMPLETE,SERVICING_SYS
L001689,B3509,VA,2011-03-10,2031-03-10,140608.00,55186.04,3.43,360,RI,PURCHASE,A+,25,MEDIUM,DELINQUENT,62,Quicken Loans,2018-01-26,2018-02-16,COMPLETE,MANUAL_ENTRY
L001690,B2221,JUMBO,2018-06-21,2038-06-21,175332.00,102464.98,2.7,240,MT,CASH_OUT,A+,0,MEDIUM,CURRENT,0,Wells Fargo,2020-09-30,2020-10-22,INCOMPLETE,MANUAL_ENTRY
L001691,B2050,FHA,2019-01-02,2039-01-02,370459.00,0.00,5.297,360,DE,PURCHASE,C,4,HIGH,CLOSED,0,JPMorgan Chase,2025-07-23,2025-08-03,COMPLETE,SERVICING_SYS
L001692,B1323,JUMBO,2011-11-13,2031-11-13,68880.00,24458.02,2.517,360,AL,CASH_OUT,A+,24,VERY_HIGH,DELINQUENT,69,Quicken Loans,2018-03-09,2018-04-05,INCOMPLETE,SERVICING_SYS
L001693,B5673,CONVENTIONAL,2013-10-29,2028-10-29,552832.00,333783.67,4.21,180,OK,CASH_OUT,C,23,VERY_HIGH,CURRENT,0,US Bank,2024-07-20,2024-08-01,COMPLETE,ORIGINATION_SYS
L001694,B1008,CONVENTIONAL,2016-08-02,2036-08-02,137280.00,100941.86,6.558,180,NY,CASH_OUT,B+,11,LOW,CURRENT,0,PNC Bank,2017-06-03,2017-06-08,COMPLETE,ORIGINATION_SYS
L001695,B4762,FHA,2013-05-02,2033-05-02,747432.00,364663.79,2.697,180,ID,CASH_OUT,D,11,VERY_HIGH,CURRENT,0,Bank of America,2021-02-09,2021-03-01,COMPLETE,MANUAL_ENTRY
L001696,B8394,VA,2017-06-27,2047-06-27,291243.00,251721.75,4.026,180,MO,CASH_OUT,B+,21,HIGH,CURRENT,0,PNC Bank,2024-03-29,2024-04-18,COMPLETE,SERVICING_SYS
L001697,B7002,CONVENTIONAL,2011-11-15,2031-11-15,348019.00,129969.01,7.903,180,WY,CASH_OUT,B,27,VERY_HIGH,DEFAULT,198,Freedom Mortgage,2016-11-23,2016-12-06,INCOMPLETE,SERVICING_SYS
L001698,B7172,CONVENTIONAL,2022-11-11,2052-11-11,687455.00,406105.54,7.525,240,WY,PURCHASE,D,9,LOW,CURRENT,0,Freedom Mortgage,2031-04-13,2031-04-24,COMPLETE,MANUAL_ENTRY
L001699,B1955,FHA,2018-10-08,2048-10-08,583871.00,15000.00,8.236,240,HI,REFINANCE,B+,1,HIGH,CLOSED,0,Quicken Loans,2025-09-18,2025-09-26,COMPLETE,ORIGINATION_SYS
L001700,B4989,VA,2022-09-02,2052-09-02,655614.00,434407.67,3.372,240,CT,PURCHASE,A,2,LOW,CURRENT,0,PNC Bank,2025-08-25,2025-09-10,COMPLETE,MANUAL_ENTRY
L001701,B6267,FHA,2011-08-04,2041-08-04,312443.00,177071.76,7.411,180,OR,REFINANCE,A,16,MEDIUM,CURRENT,0,Wells Fargo,2017-05-29,2017-06-24,COMPLETE,MANUAL_ENTRY
L001702,B1653,FHA,2014-06-15,2044-06-15,338356.00,0.00,3.387,240,MN,CASH_OUT,D,21,MEDIUM,PAID_OFF,0,Wells Fargo,2014-08-18,2014-08-28,INCOMPLETE,SERVICING_SYS
L001703,B9979,CONVENTIONAL,2022-04-06,2037-04-06,652350.00,0.00,6.81,180,WI,REFINANCE,D,21,HIGH,PAID_OFF,0,US Bank,2027-10-10,2027-11-02,COMPLETE,SERVICING_SYS
L001704,B2698,JUMBO,2016-11-03,2036-11-03,55158.00,27112.74,6.826,240,DC,PURCHASE,A,8,VERY_HIGH,CURRENT,0,Wells Fargo,2027-05-31,2027-06-14,COMPLETE,SERVICING_SYS
L001705,B7943,JUMBO,2022-01-03,2037-01-03,334608.00,175230.57,7.686,240,NC,CASH_OUT,B+,19,VERY_HIGH,CURRENT,0,US Bank,2031-06-03,2031-06-20,COMPLETE,SERVICING_SYS
L001706,B2134,FHA,2017-06-01,2037-06-01,342322.00,175988.81,4.166,180,FL,CASH_OUT,A+,22,MEDIUM,CURRENT,0,Quicken Loans,2022-07-26,2022-08-23,MISSING,MANUAL_ENTRY
L001707,B4420,VA,2017-05-13,2047-05-13,506093.00,211697.08,4.761,180,AK,PURCHASE,B,26,HIGH,CURRENT,0,Freedom Mortgage,2024-11-19,2024-12-05,COMPLETE,SERVICING_SYS
L001708,B2145,VA,2020-09-25,2050-09-25,304176.00,174674.90,4.958,240,FL,CASH_OUT,B,27,LOW,DEFAULT,268,Freedom Mortgage,2025-05-19,2025-06-02,COMPLETE,SERVICING_SYS
L001709,B7205,CONVENTIONAL,2017-07-09,2047-07-09,314580.00,0.00,3.288,180,MD,PURCHASE,B,1,MEDIUM,PAID_OFF,0,Freedom Mortgage,2028-06-15,2028-06-29,MISSING,ORIGINATION_SYS
L001710,B6769,JUMBO,2021-01-13,2036-01-13,612975.00,348786.85,3.628,180,CT,PURCHASE,B+,2,MEDIUM,DELINQUENT,48,US Bank,2024-06-17,2024-07-09,COMPLETE,MANUAL_ENTRY
L001711,B5895,VA,2014-03-04,2044-03-04,561988.00,365703.06,6.235,360,MT,REFINANCE,B,11,VERY_HIGH,DEFAULT,292,Bank of America,2018-12-02,2018-12-24,INCOMPLETE,ORIGINATION_SYS
L001712,B3285,CONVENTIONAL,2021-09-23,2036-09-23,223274.00,158192.13,8.129,360,OH,REFINANCE,D,18,LOW,CURRENT,0,Bank of America,2027-09-01,2027-09-27,MISSING,SERVICING_SYS
L001713,B3561,VA,2018-10-01,2048-10-01,685144.00,439781.53,5.194,180,AZ,PURCHASE,A,21,MEDIUM,CURRENT,0,Freedom Mortgage,2024-11-06,2024-11-27,COMPLETE,MANUAL_ENTRY
L001714,B3610,CONVENTIONAL,2022-02-13,2052-02-13,532629.00,191352.85,3.748,240,ND,REFINANCE,C,4,VERY_HIGH,DELINQUENT,85,Freedom Mortgage,2024-01-30,2024-02-22,COMPLETE,SERVICING_SYS
L001715,B8581,JUMBO,2013-01-20,2033-01-20,617886.00,467477.24,8.389,360,AL,CASH_OUT,D,14,MEDIUM,DEFAULT,185,Freedom Mortgage,2018-06-03,2018-06-11,COMPLETE,ORIGINATION_SYS
L001716,B6684,VA,2010-03-01,2030-03-01,240837.00,176484.09,5.382,240,ID,PURCHASE,B+,4,VERY_HIGH,CURRENT,0,Quicken Loans,2012-09-24,2012-10-14,COMPLETE,ORIGINATION_SYS
L001717,B4577,CONVENTIONAL,2011-04-04,2031-04-04,396650.00,173902.31,8.149,240,SD,CASH_OUT,B,5,HIGH,CURRENT,0,Freedom Mortgage,2019-04-02,2019-05-01,INCOMPLETE,ORIGINATION_SYS
L001718,B6424,VA,2017-01-01,2047-01-01,221145.00,179708.75,4.527,240,WA,CASH_OUT,B+,7,VERY_HIGH,CURRENT,0,Quicken Loans,2025-03-27,2025-04-16,COMPLETE,ORIGINATION_SYS
L001719,B7903,VA,2012-05-01,2032-05-01,549831.00,511998.72,4.898,360,ND,REFINANCE,C,12,LOW,CURRENT,0,Bank of America,2023-02-11,2023-03-13,MISSING,MANUAL_ENTRY
L001720,B2155,FHA,2015-12-08,2045-12-08,502181.00,313687.20,4.201,360,OH,REFINANCE,B+,14,LOW,CURRENT,0,Wells Fargo,2018-02-12,2018-03-05,INCOMPLETE,ORIGINATION_SYS
L001721,B5571,FHA,2015-05-14,2045-05-14,694832.00,326675.79,5.03,180,AK,CASH_OUT,A+,19,HIGH,CURRENT,0,JPMorgan Chase,2024-11-13,2024-11-14,COMPLETE,MANUAL_ENTRY
L001722,B9266,JUMBO,2011-01-22,2026-01-22,306837.00,206915.04,3.047,240,IA,PURCHASE,C,13,LOW,CURRENT,0,Bank of America,2012-06-15,2012-07-13,INCOMPLETE,ORIGINATION_SYS
L001723,B5590,FHA,2010-11-09,2040-11-09,67729.00,61993.69,4.456,240,XX,CASH_OUT,B+,14,VERY_HIGH,CURRENT,0,JPMorgan Chase,2013-05-21,2013-06-06,INCOMPLETE,ORIGINATION_SYS
L001724,B5846,VA,2017-02-24,2037-02-24,433584.00,301470.70,8.264,240,SC,CASH_OUT,C,11,LOW,DELINQUENT,53,Bank of America,2022-06-03,2022-06-13,INCOMPLETE,ORIGINATION_SYS
L001725,B6972,VA,2018-09-04,2033-09-04,640500.00,487771.39,7.885,360,MN,PURCHASE,B+,10,MEDIUM,CURRENT,0,PNC Bank,2020-01-16,2020-02-12,COMPLETE,SERVICING_SYS
L001726,B2217,JUMBO,2013-03-20,2028-03-20,525142.00,462777.74,6.401,180,SC,CASH_OUT,B+,5,LOW,DEFAULT,346,Bank of America,2015-02-19,2015-03-17,MISSING,SERVICING_SYS
L001727,B3220,JUMBO,2016-08-16,2046-08-16,360222.00,182915.38,6.284,360,NJ,PURCHASE,A,16,MEDIUM,CURRENT,0,Bank of America,2026-01-17,2026-02-16,COMPLETE,MANUAL_ENTRY
L001728,B5661,VA,2018-02-16,2048-02-16,303726.00,0.00,2.558,360,IL,REFINANCE,B,9,LOW,PAID_OFF,0,US Bank,2027-01-08,2027-01-16,COMPLETE,MANUAL_ENTRY
L001729,B6193,CONVENTIONAL,2011-12-27,2041-12-27,90669.00,0.00,6.744,240,NM,CASH_OUT,C,2,MEDIUM,PAID_OFF,0,Freedom Mortgage,2013-11-30,2013-12-29,COMPLETE,ORIGINATION_SYS
L001730,B2865,FHA,2017-04-15,2037-04-15,476389.00,145443.80,7.299,360,IA,REFINANCE,A+,22,HIGH,CURRENT,0,Quicken Loans,2024-01-13,2024-01-15,COMPLETE,MANUAL_ENTRY
L001731,B9086,FHA,2023-12-25,2043-12-25,234445.00,206339.96,4.242,180,DE,PURCHASE,A,24,MEDIUM,CURRENT,0,US Bank,2028-09-22,2028-09-24,INCOMPLETE,MANUAL_ENTRY
L001732,B6002,CONVENTIONAL,2014-07-28,2044-07-28,137643.00,130217.96,3.477,360,AR,CASH_OUT,A+,20,LOW,CURRENT,0,US Bank,2017-11-26,2017-12-08,COMPLETE,SERVICING_SYS
L001733,B1591,FHA,2018-01-31,2033-01-31,247400.00,93037.54,2.921,180,MT,CASH_OUT,B+,26,MEDIUM,CURRENT,0,Wells Fargo,2025-09-30,2025-10-14,MISSING,ORIGINATION_SYS
L001734,B2133,JUMBO,2019-09-02,2049-09-02,468059.00,0.00,3.01,360,OK,CASH_OUT,A,19,LOW,CLOSED,0,US Bank,2030-02-17,2030-03-14,INCOMPLETE,SERVICING_SYS
L001735,B5079,VA,2010-10-20,2030-10-20,81638.00,30435.42,8.216,240,NV,PURCHASE,D,2,HIGH,PENDING,80,US Bank,2012-08-30,2012-09-14,INCOMPLETE,SERVICING_SYS
L001736,B8524,FHA,2011-04-21,2041-04-21,570021.00,339138.70,3.857,240,IN,PURCHASE,D,0,MEDIUM,DEFAULT,168,PNC Bank,2015-05-26,2015-06-10,MISSING,MANUAL_ENTRY
L001737,B8200,CONVENTIONAL,2011-09-22,2026-09-22,734010.00,684150.81,8.225,360,WY,PURCHASE,A,13,VERY_HIGH,DELINQUENT,79,Freedom Mortgage,2012-06-02,2012-06-16,COMPLETE,SERVICING_SYS
L001738,B7507,FHA,2023-04-27,2053-04-27,344582.00,193546.85,7.668,180,KS,PURCHASE,B+,14,LOW,CURRENT,0,Wells Fargo,2032-10-15,2032-10-30,COMPLETE,MANUAL_ENTRY
L001739,B5494,CONVENTIONAL,2017-02-20,2047-02-20,59334.00,47934.64,5.857,180,IN,REFINANCE,B,27,LOW,CURRENT,0,Freedom Mortgage,2026-12-09,2027-01-02,COMPLETE,MANUAL_ENTRY
L001740,B3803,FHA,2021-01-04,2041-01-04,349173.00,304861.28,5.309,360,OR,REFINANCE,B,4,HIGH,CURRENT,0,US Bank,2026-12-29,2027-01-24,COMPLETE,MANUAL_ENTRY
L001741,B2873,JUMBO,2018-05-21,2048-05-21,404067.00,316284.03,7.19,180,ND,PURCHASE,B,13,VERY_HIGH,CURRENT,0,US Bank,2028-03-23,2028-04-09,MISSING,MANUAL_ENTRY
L001742,B4940,CONVENTIONAL,2020-12-20,2035-12-20,465633.00,0.00,2.695,360,KY,REFINANCE,C,16,HIGH,PAID_OFF,0,Quicken Loans,2023-03-18,2023-03-31,INCOMPLETE,SERVICING_SYS
L001743,B2447,FHA,2021-08-08,2041-08-08,552905.00,505037.03,2.732,180,MI,REFINANCE,B,18,VERY_HIGH,CURRENT,0,Quicken Loans,2026-02-02,2026-02-14,COMPLETE,SERVICING_SYS
L001744,B5146,CONVENTIONAL,2018-01-14,2048-01-14,366575.00,111133.10,4.719,180,VA,REFINANCE,B+,6,VERY_HIGH,CURRENT,0,Wells Fargo,2026-07-10,2026-07-12,COMPLETE,SERVICING_SYS
L001745,B2247,CONVENTIONAL,2012-08-26,2027-08-26,371824.00,205009.55,5.598,180,WV,PURCHASE,C,10,HIGH,CURRENT,0,PNC Bank,2014-12-16,2015-01-05,COMPLETE,SERVICING_SYS
L001746,B4792,JUMBO,2015-10-17,2030-10-17,467581.00,292474.04,5.212,240,IL,REFINANCE,B+,8,HIGH,CURRENT,0,Bank of America,2021-07-21,2021-07-31,INCOMPLETE,SERVICING_SYS
L001747,B7777,FHA,2019-03-15,2039-03-15,80054.00,0.00,3.413,180,ND,REFINANCE,A+,15,HIGH,CLOSED,0,PNC Bank,2028-10-29,2028-11-02,COMPLETE,MANUAL_ENTRY
L001748,B1906,VA,2019-12-25,2049-12-25,267746.00,148298.15,7.526,360,DC,CASH_OUT,B,8,LOW,CURRENT,0,Freedom Mortgage,2026-01-23,2026-02-14,COMPLETE,ORIGINATION_SYS
L001749,B5253,CONVENTIONAL,2019-02-12,2049-02-12,428233.00,137696.23,3.943,360,OK,REFINANCE,B,27,VERY_HIGH,CURRENT,0,Freedom Mortgage,2021-04-26,2021-05-10,COMPLETE,MANUAL_ENTRY
L001750,B3033,VA,2019-06-03,2034-06-03,560671.00,506380.76,7.368,360,KY,REFINANCE,A+,23,VERY_HIGH,CURRENT,0,Quicken Loans,2026-11-29,2026-12-17,COMPLETE,ORIGINATION_SYS
L001751,B8776,VA,2011-11-24,2041-11-24,549100.00,465455.67,3.511,180,DE,REFINANCE,B+,28,LOW,DELINQUENT,52,PNC Bank,2021-06-14,2021-06-28,COMPLETE,SERVICING_SYS
L001752,B6128,CONVENTIONAL,2020-05-04,2050-05-04,744434.00,602285.33,7.397,360,IA,PURCHASE,D,8,VERY_HIGH,DELINQUENT,50,PNC Bank,2026-12-25,2026-12-27,COMPLETE,MANUAL_ENTRY
L001753,B3055,VA,2011-01-14,2026-01-14,144893.00,85374.06,6.318,240,CA,CASH_OUT,B+,7,LOW,CURRENT,0,Freedom Mortgage,2021-12-13,2021-12-21,INCOMPLETE,MANUAL_ENTRY
L001754,B5017,VA,2016-10-07,2046-10-07,345532.00,0.00,6.782,180,OH,PURCHASE,B+,6,VERY_HIGH,PAID_OFF,0,JPMorgan Chase,2020-01-31,2020-02-21,COMPLETE,SERVICING_SYS
L001755,B1790,FHA,2018-01-21,2038-01-21,740419.00,0.00,4.987,240,SD,REFINANCE,B+,15,LOW,CLOSED,0,Freedom Mortgage,2019-07-15,2019-07-17,COMPLETE,MANUAL_ENTRY
L001756,B1614,VA,2012-11-30,2042-11-30,117894.00,0.00,2.938,360,NY,CASH_OUT,A+,3,LOW,PAID_OFF,0,Quicken Loans,2023-10-06,2023-10-09,COMPLETE,SERVICING_SYS
L001757,B9271,FHA,2015-10-13,2035-10-13,450372.00,343708.86,2.862,360,MD,PURCHASE,B+,24,HIGH,CURRENT,0,Freedom Mortgage,2017-01-07,2017-02-05,COMPLETE,MANUAL_ENTRY
L001758,B8911,VA,2021-07-30,2051-07-30,733183.00,0.00,5.857,360,AL,PURCHASE,D,17,LOW,CLOSED,0,PNC Bank,2023-09-24,2023-09-28,COMPLETE,ORIGINATION_SYS
L001759,B3677,FHA,2017-07-01,2032-07-01,214442.00,76396.04,4.937,360,AR,CASH_OUT,D,21,VERY_HIGH,DELINQUENT,79,Quicken Loans,2023-10-20,2023-11-12,COMPLETE,MANUAL_ENTRY
L001760,B6914,JUMBO,2019-08-27,2039-08-27,263142.00,172898.50,2.879,240,TX,CASH_OUT,B,3,LOW,CURRENT,0,Freedom Mortgage,2026-02-20,2026-02-20,COMPLETE,MANUAL_ENTRY
L001761,B8985,CONVENTIONAL,2020-08-05,2035-08-05,672568.00,570208.19,5.666,360,NE,CASH_OUT,B+,24,VERY_HIGH,CURRENT,0,Freedom Mortgage,2021-03-14,2021-04-08,MISSING,ORIGINATION_SYS
L001762,B9435,FHA,2013-09-07,2028-09-07,572935.00,470010.95,4.138,240,UT,CASH_OUT,B+,13,VERY_HIGH,DEFAULT,107,PNC Bank,2020-03-01,2020-03-10,COMPLETE,SERVICING_SYS
L001763,B5407,VA,2013-12-12,2043-12-12,479754.00,0.00,4.87,240,NM,REFINANCE,C,21,HIGH,PAID_OFF,0,Wells Fargo,2022-12-25,2023-01-18,COMPLETE,ORIGINATION_SYS
L001764,B1057,CONVENTIONAL,2021-04-06,2036-04-06,518449.00,491830.88,3.663,240,WI,PURCHASE,A,5,VERY_HIGH,CURRENT,0,JPMorgan Chase,2026-09-09,2026-09-21,COMPLETE,ORIGINATION_SYS
L001765,B6657,FHA,2011-04-23,2026-04-23,181079.00,153799.78,8.218,240,IA,PURCHASE,A,19,LOW,CURRENT,0,Quicken Loans,2022-01-24,2022-02-17,INCOMPLETE,SERVICING_SYS
L001766,B3432,VA,2010-11-18,2040-11-18,449609.00,201251.82,5.29,360,DE,PURCHASE,C,22,MEDIUM,CURRENT,0,Quicken Loans,2016-09-26,2016-10-20,COMPLETE,MANUAL_ENTRY
L001767,B7687,FHA,2010-07-22,2025-07-22,425558.00,0.00,3.665,240,IN,REFINANCE,B,4,HIGH,PAID_OFF,0,PNC Bank,2015-02-12,2015-02-24,COMPLETE,MANUAL_ENTRY
L001768,B3895,FHA,2015-03-07,2035-03-07,196604.00,0.00,4.522,360,AZ,PURCHASE,B,22,VERY_HIGH,PAID_OFF,0,Freedom Mortgage,2024-05-20,2024-06-13,COMPLETE,MANUAL_ENTRY
L001769,B1557,FHA,2011-03-12,2026-03-12,619605.00,464952.91,6.958,180,IL,PURCHASE,B,21,LOW,CURRENT,0,PNC Bank,2018-08-14,2018-09-03,COMPLETE,MANUAL_ENTRY
L001770,B8976,CONVENTIONAL,2014-09-21,2044-09-21,344577.00,185602.03,4.116,180,PA,CASH_OUT,B+,20,HIGH,DELINQUENT,35,Freedom Mortgage,2016-03-27,2016-04-25,COMPLETE,ORIGINATION_SYS
L001771,B7326,VA,2020-09-16,2040-09-16,649121.00,472671.29,4.717,360,MD,CASH_OUT,B+,4,LOW,CURRENT,0,Bank of America,2030-10-24,2030-11-08,COMPLETE,MANUAL_ENTRY
L001772,B3383,JUMBO,2014-12-28,2034-12-28,700876.00,514909.90,3.689,360,ND,REFINANCE,A+,6,HIGH,CURRENT,0,PNC Bank,2015-05-30,2015-06-29,COMPLETE,MANUAL_ENTRY
L001773,B9484,FHA,2014-10-15,2044-10-15,649959.00,211048.51,6.566,180,AK,PURCHASE,B,3,HIGH,DELINQUENT,69,Freedom Mortgage,2025-01-28,2025-02-15,INCOMPLETE,SERVICING_SYS
L001774,B8141,JUMBO,2017-09-30,2037-09-30,134617.00,168271.25,7.762,360,MT,CASH_OUT,B+,24,LOW,DELINQUENT,38,Quicken Loans,2021-07-19,2021-08-08,COMPLETE,SERVICING_SYS
L001775,B9714,JUMBO,2021-01-31,2041-01-31,543912.00,196272.39,3.98,360,WA,CASH_OUT,A,28,LOW,CURRENT,0,JPMorgan Chase,2027-07-16,2027-08-01,COMPLETE,SERVICING_SYS
L001776,B7560,FHA,2013-04-16,2033-04-16,449647.00,184257.52,7.945,240,OR,CASH_OUT,D,7,HIGH,CURRENT,0,US Bank,2017-04-28,2017-05-08,MISSING,SERVICING_SYS
L001777,B6935,JUMBO,2010-03-01,2025-03-01,633355.00,421734.27,7.172,360,CA,REFINANCE,A,16,VERY_HIGH,CURRENT,0,JPMorgan Chase,2018-08-03,2018-08-04,COMPLETE,MANUAL_ENTRY
L001778,B7228,JUMBO,2012-01-16,2027-01-16,744352.00,0.00,3.829,360,MN,CASH_OUT,D,21,VERY_HIGH,PAID_OFF,0,JPMorgan Chase,2017-05-14,2017-06-06,COMPLETE,ORIGINATION_SYS
L001779,B2070,JUMBO,2013-10-24,2043-10-24,264439.00,128332.95,6.505,180,PA,PURCHASE,A,19,LOW,CURRENT,0,Bank of America,2016-11-24,2016-12-11,COMPLETE,SERVICING_SYS
L001780,B5984,JUMBO,2010-07-07,2040-07-07,513853.00,0.00,7.141,360,SD,CASH_OUT,B,21,VERY_HIGH,PAID_OFF,0,US Bank,2012-04-28,2012-05-09,COMPLETE,MANUAL_ENTRY
L001781,B2584,JUMBO,2016-04-07,2031-04-07,557871.00,526974.87,4.256,360,MS,CASH_OUT,A+,3,LOW,DEFAULT,101,Bank of America,2023-01-26,2023-02-06,INCOMPLETE,ORIGINATION_SYS
L001782,B4496,FHA,2016-02-06,2036-02-06,506475.00,0.00,5.737,360,WV,CASH_OUT,C,4,LOW,PAID_OFF,0,PNC Bank,2019-01-15,2019-01-25,COMPLETE,SERVICING_SYS
L001783,B2483,FHA,2011-12-21,2041-12-21,250679.00,147305.58,8.36,240,KY,REFINANCE,A,19,VERY_HIGH,DEFAULT,245,US Bank,2020-05-08,2020-05-18,COMPLETE,MANUAL_ENTRY
L001784,B7388,VA,2010-11-29,2030-11-29,215405.00,169198.30,4.86,360,HI,REFINANCE,B,9,MEDIUM,CURRENT,0,Bank of America,2013-09-05,2013-09-13,COMPLETE,MANUAL_ENTRY
L001785,B4852,JUMBO,2017-05-27,2032-05-27,167543.00,70591.24,2.881,360,IN,REFINANCE,C,13,HIGH,CURRENT,0,Quicken Loans,2021-06-21,2021-07-04,COMPLETE,SERVICING_SYS
L001786,B3007,CONVENTIONAL,2023-03-06,2038-03-06,272232.00,166064.41,5.056,180,MI,PURCHASE,B,23,VERY_HIGH,CURRENT,0,PNC Bank,2026-05-10,2026-05-20,MISSING,MANUAL_ENTRY
L001787,B1727,CONVENTIONAL,2019-03-03,2049-03-03,577128.00,439841.99,7.227,240,ND,CASH_OUT,B,6,MEDIUM,DELINQUENT,70,Bank of America,2025-07-25,2025-07-29,INCOMPLETE,SERVICING_SYS
L001788,B1424,FHA,2018-12-30,2033-12-30,155295.00,128848.20,6.017,240,ND,PURCHASE,A,28,LOW,CURRENT,0,Wells Fargo,2022-08-13,2022-08-18,INCOMPLETE,SERVICING_SYS
L001789,B2484,VA,2020-06-11,2035-06-11,618304.00,222724.03,6.146,360,MT,CASH_OUT,B+,11,LOW,CURRENT,0,Bank of America,2021-02-20,2021-03-02,COMPLETE,ORIGINATION_SYS
L001790,B9068,CONVENTIONAL,2023-04-21,2038-04-21,654386.00,371468.59,5.398,360,XX,REFINANCE,A+,30,MEDIUM,CURRENT,0,US Bank,2029-01-03,2029-01-30,COMPLETE,ORIGINATION_SYS
L001791,B7923,CONVENTIONAL,2022-07-12,2052-07-12,433401.00,0.00,3.422,360,FL,PURCHASE,B,8,HIGH,PAID_OFF,0,JPMorgan Chase,2030-06-25,2030-07-25,COMPLETE,MANUAL_ENTRY
L001792,B2196,JUMBO,2015-12-13,2030-12-13,748063.00,0.00,5.476,360,MO,PURCHASE,B+,14,HIGH,CLOSED,0,US Bank,2018-06-03,2018-06-03,COMPLETE,ORIGINATION_SYS
L001793,B4760,CONVENTIONAL,2011-07-14,2041-07-14,240120.00,15000.00,8.468,360,MS,PURCHASE,D,10,VERY_HIGH,CLOSED,157,PNC Bank,2019-09-12,2019-09-14,COMPLETE,ORIGINATION_SYS
L001794,B3158,FHA,2022-06-08,2042-06-08,100401.00,84382.08,7.749,360,IA,PURCHASE,A,5,HIGH,CURRENT,0,Bank of America,2023-06-08,2023-06-26,INCOMPLETE,MANUAL_ENTRY
L001795,B6584,JUMBO,2021-02-09,2051-02-09,192247.00,65117.70,5.83,360,RI,PURCHASE,A,28,VERY_HIGH,DEFAULT,203,PNC Bank,2022-06-25,2022-06-28,COMPLETE,SERVICING_SYS
L001796,B1802,FHA,2022-04-13,2037-04-13,352207.00,187920.62,7.256,180,MT,REFINANCE,A,30,LOW,CURRENT,0,Bank of America,2023-05-12,2023-05-20,COMPLETE,SERVICING_SYS
L001797,B4868,VA,2010-12-15,2040-12-15,129038.00,96735.24,5.049,240,OR,REFINANCE,A,26,VERY_HIGH,CURRENT,0,Wells Fargo,2012-03-07,2012-03-25,COMPLETE,MANUAL_ENTRY
L001798,B6578,JUMBO,2017-06-16,2047-06-16,86418.00,49178.85,5.093,360,SC,CASH_OUT,A+,29,HIGH,CURRENT,0,US Bank,2028-02-18,2028-03-09,COMPLETE,SERVICING_SYS
L001799,B5757,VA,2013-03-06,2043-03-06,337498.00,118398.73,5.226,360,NV,PURCHASE,C,27,MEDIUM,CURRENT,0,PNC Bank,2020-03-13,2020-04-06,COMPLETE,SERVICING_SYS
L001800,B1735,CONVENTIONAL,2020-03-09,2040-03-09,459505.00,0.00,4.844,240,ND,CASH_OUT,D,3,VERY_HIGH,PAID_OFF,0,Bank of America,2029-04-24,2029-05-15,COMPLETE,MANUAL_ENTRY
L001801,B8307,JUMBO,2017-03-07,2047-03-07,65019.00,25200.58,3.009,240,WY,CASH_OUT,A+,12,VERY_HIGH,DEFAULT,288,Wells Fargo,2018-09-18,2018-10-12,COMPLETE,MANUAL_ENTRY
L001802,B7767,JUMBO,2021-09-16,2036-09-16,333187.00,274927.22,6.403,180,MO,PURCHASE,D,23,VERY_HIGH,CURRENT,0,Freedom Mortgage,2027-12-10,2027-12-31,COMPLETE,ORIGINATION_SYS
L001803,B6280,FHA,2011-05-31,2031-05-31,571394.00,524939.43,4.141,180,MI,CASH_OUT,D,26,LOW,CURRENT,0,Wells Fargo,2019-07-14,2019-07-30,COMPLETE,MANUAL_ENTRY
L001804,B1926,VA,2023-11-22,2043-11-22,679358.00,376236.14,7.136,180,WA,PURCHASE,C,6,LOW,CURRENT,0,JPMorgan Chase,2025-12-27,2026-01-19,COMPLETE,SERVICING_SYS
L001805,B3447,FHA,2018-05-02,2038-05-02,67467.00,0.00,3.397,360,DE,PURCHASE,A+,2,MEDIUM,CLOSED,0,US Bank,2025-05-29,2025-06-06,MISSING,MANUAL_ENTRY
L001806,B2230,VA,2015-01-28,2045-01-28,164297.00,133957.87,7.673,360,NY,CASH_OUT,B,8,MEDIUM,CURRENT,0,PNC Bank,2022-12-27,2023-01-22,COMPLETE,SERVICING_SYS
L001807,B2880,JUMBO,2023-04-10,2053-04-10,208471.00,155928.71,8.083,180,IN,REFINANCE,A+,30,LOW,CURRENT,0,US Bank,2031-11-01,2031-11-04,COMPLETE,ORIGINATION_SYS
L001808,B8588,JUMBO,2022-09-18,2042-09-18,207919.00,178807.22,7.365,360,NC,REFINANCE,D,9,HIGH,CURRENT,0,Freedom Mortgage,2027-05-17,2027-05-21,COMPLETE,MANUAL_ENTRY
L001809,B9093,FHA,2016-09-27,2046-09-27,598068.00,548863.54,4.387,240,FL,CASH_OUT,C,6,HIGH,CURRENT,0,Wells Fargo,2025-03-21,2025-03-23,INCOMPLETE,MANUAL_ENTRY
L001810,B6988,FHA,2022-06-30,2037-06-30,630427.00,199471.82,5.824,360,NM,PURCHASE,A,8,VERY_HIGH,CURRENT,0,Quicken Loans,2025-05-17,2025-06-01,COMPLETE,SERVICING_SYS
L001811,B9201,JUMBO,2010-12-29,2040-12-29,184746.00,0.00,2.974,360,SD,REFINANCE,C,6,LOW,CLOSED,0,PNC Bank,2014-06-06,2014-07-02,INCOMPLETE,MANUAL_ENTRY
L001812,B3232,JUMBO,2018-10-01,2048-10-01,427390.00,296059.55,3.27,360,NM,REFINANCE,B+,28,LOW,CURRENT,0,Bank of America,2027-07-19,2027-08-13,MISSING,ORIGINATION_SYS
L001813,B6824,FHA,2010-02-01,2040-02-01,177696.00,55067.35,6.045,360,MD,REFINANCE,B+,14,HIGH,CURRENT,0,Bank of America,2013-04-12,2013-05-11,COMPLETE,ORIGINATION_SYS
L001814,B4720,FHA,2023-05-08,2053-05-08,552084.00,200320.94,7.823,360,HI,CASH_OUT,D,26,VERY_HIGH,CURRENT,0,Wells Fargo,2032-12-22,2032-12-24,COMPLETE,ORIGINATION_SYS
L001815,B9892,VA,2014-08-15,2044-08-15,367240.00,164187.97,7.382,360,CA,CASH_OUT,A+,16,LOW,CURRENT,0,Freedom Mortgage,2021-06-05,2021-07-04,COMPLETE,SERVICING_SYS
L001816,B5180,FHA,2011-03-16,2041-03-16,187189.00,70222.52,5.238,180,NY,REFINANCE,A+,27,LOW,CURRENT,0,JPMorgan Chase,2013-01-02,2013-01-08,COMPLETE,ORIGINATION_SYS
L001817,B1225,VA,2014-03-06,2029-03-06,681328.00,346775.82,5.203,360,MD,CASH_OUT,B+,28,MEDIUM,CURRENT,0,Freedom Mortgage,2024-09-05,2024-09-17,COMPLETE,SERVICING_SYS
L001818,B7735,VA,2020-04-24,2040-04-24,570481.00,266012.39,4.913,180,NH,REFINANCE,B+,4,MEDIUM,CURRENT,0,Freedom Mortgage,2022-11-15,2022-12-02,INCOMPLETE,ORIGINATION_SYS
L001819,B9248,JUMBO,2014-01-22,2044-01-22,726351.00,472271.93,7.691,360,OK,REFINANCE,D,4,VERY_HIGH,CURRENT,0,Bank of America,2023-06-09,2023-07-01,INCOMPLETE,MANUAL_ENTRY
L001820,B8059,FHA,2014-08-15,2029-08-15,61632.00,54797.12,6.474,180,MT,CASH_OUT,D,1,HIGH,DELINQUENT,53,US Bank,2021-12-03,2021-12-14,MISSING,ORIGINATION_SYS
L001821,B5540,CONVENTIONAL,2014-01-28,2029-01-28,314633.00,228024.19,3.175,360,NV,REFINANCE,A,4,HIGH,CURRENT,0,JPMorgan Chase,2017-12-20,2017-12-23,COMPLETE,SERVICING_SYS
L001822,B4694,JUMBO,2015-04-10,2035-04-10,634403.00,471638.07,4.015,360,VT,REFINANCE,B+,10,HIGH,PENDING,0,Bank of America,2023-04-16,2023-05-09,MISSING,MANUAL_ENTRY
L001823,B2710,FHA,2018-05-08,2048-05-08,320542.00,130940.75,7.078,240,VT,REFINANCE,C,18,VERY_HIGH,DELINQUENT,61,JPMorgan Chase,2024-11-12,2024-11-27,COMPLETE,SERVICING_SYS
L001824,B7965,CONVENTIONAL,2021-08-28,2041-08-28,549374.00,339115.06,3.752,240,KY,CASH_OUT,A,18,HIGH,CURRENT,0,JPMorgan Chase,2025-10-14,2025-11-07,INCOMPLETE,MANUAL_ENTRY
L001825,B3134,FHA,2010-07-12,2040-07-12,734046.00,479972.90,3.703,360,XX,REFINANCE,D,3,HIGH,CURRENT,0,Freedom Mortgage,2015-06-16,2015-06-16,COMPLETE,ORIGINATION_SYS
,B5637,FHA,2011-11-03,2026-11-03,689410.00,254440.87,6.996,240,NY,CASH_OUT,B,24,LOW,CURRENT,0,Bank of America,2022-10-06,2022-10-24,COMPLETE,ORIGINATION_SYS
L001827,B5097,JUMBO,2010-01-21,2040-01-21,600056.00,550848.19,6.724,180,SD,CASH_OUT,A+,18,LOW,CURRENT,0,Bank of America,2020-08-10,2020-09-07,COMPLETE,MANUAL_ENTRY
L001828,B7342,JUMBO,2010-08-08,2030-08-08,526252.00,367593.85,3.589,180,MT,PURCHASE,A,25,MEDIUM,CURRENT,0,Freedom Mortgage,2015-11-11,2015-11-17,COMPLETE,SERVICING_SYS
L001829,B8189,FHA,2016-11-08,2031-11-08,231876.00,78174.13,7.875,240,NM,PURCHASE,B+,27,HIGH,CURRENT,0,Bank of America,2021-04-10,2021-05-09,COMPLETE,MANUAL_ENTRY
L001830,B2570,JUMBO,2014-05-21,2029-05-21,562641.00,339547.27,6.556,180,ID,CASH_OUT,D,0,VERY_HIGH,CURRENT,0,US Bank,2022-02-08,2022-02-18,COMPLETE,MANUAL_ENTRY
L001831,B6620,JUMBO,2022-01-09,2052-01-09,627028.00,359328.21,3.703,240,NM,CASH_OUT,C,26,MEDIUM,CURRENT,0,PNC Bank,2032-07-05,2032-08-03,COMPLETE,SERVICING_SYS
L001832,B9073,JUMBO,2016-02-22,2036-02-22,570286.00,190013.15,7.81,240,KY,CASH_OUT,C,16,VERY_HIGH,CURRENT,0,PNC Bank,2017-11-28,2017-12-21,COMPLETE,MANUAL_ENTRY
L001833,B4909,VA,2015-10-26,2045-10-26,713762.00,337110.17,7.622,240,TN,PURCHASE,B+,20,MEDIUM,CURRENT,0,Bank of America,2016-10-10,2016-10-10,INCOMPLETE,ORIGINATION_SYS
L001834,B9588,JUMBO,2019-12-06,2039-12-06,227894.00,157323.26,4.389,180,KY,REFINANCE,A,7,VERY_HIGH,CURRENT,0,Freedom Mortgage,2028-02-21,2028-03-18,COMPLETE,MANUAL_ENTRY
L001835,B9743,VA,2010-09-24,2030-09-24,600478.00,182989.30,8.049,360,WA,CASH_OUT,A,7,VERY_HIGH,CURRENT,0,US Bank,2013-03-26,2013-04-07,COMPLETE,MANUAL_ENTRY
L001836,B1907,VA,2021-10-09,2036-10-09,340137.00,281437.72,3.024,180,MO,PURCHASE,B,25,HIGH,CURRENT,0,Freedom Mortgage,2024-05-02,2024-05-02,COMPLETE,ORIGINATION_SYS
L001837,B8075,FHA,2013-03-02,2033-03-02,428498.00,0.00,3.713,240,NJ,REFINANCE,B+,13,HIGH,PAID_OFF,0,PNC Bank,2018-04-26,2018-05-21,MISSING,SERVICING_SYS
L001838,B8957,FHA,2019-09-08,2049-09-08,89156.00,0.00,7.433,360,KY,PURCHASE,C,19,MEDIUM,PAID_OFF,0,Freedom Mortgage,2030-06-09,2030-06-10,COMPLETE,MANUAL_ENTRY
L001839,B1735,JUMBO,2016-05-12,2031-05-12,105964.00,92202.64,7.325,180,RI,REFINANCE,A,12,HIGH,CURRENT,0,US Bank,2023-06-28,2023-07-06,COMPLETE,SERVICING_SYS
L001840,B1355,JUMBO,2020-09-02,2050-09-02,714637.00,432402.71,3.023,240,MA,REFINANCE,B+,11,HIGH,CURRENT,0,PNC Bank,2023-05-26,2023-06-25,COMPLETE,MANUAL_ENTRY
L001841,B4005,JUMBO,2014-09-20,2034-09-20,74040.00,0.00,2.69,240,XX,REFINANCE,A+,15,HIGH,PAID_OFF,0,Quicken Loans,2022-04-19,2022-05-13,COMPLETE,SERVICING_SYS
L001842,B4918,JUMBO,2011-11-29,2041-11-29,618067.00,458686.09,8.035,180,FL,PURCHASE,D,14,HIGH,CURRENT,0,Bank of America,2013-10-14,2013-11-02,COMPLETE,MANUAL_ENTRY
L001843,B9162,JUMBO,2016-09-03,2046-09-03,157430.00,0.00,8.111,240,XX,CASH_OUT,A+,24,LOW,CLOSED,0,Quicken Loans,2026-12-14,2027-01-01,COMPLETE,ORIGINATION_SYS
L001844,B9125,CONVENTIONAL,2019-01-27,2049-01-27,431016.00,162673.46,8.294,360,OH,CASH_OUT,B+,9,VERY_HIGH,CURRENT,0,US Bank,2023-12-12,2024-01-04,COMPLETE,ORIGINATION_SYS
L001845,B6383,VA,2010-03-29,2025-03-29,316658.00,201522.42,6.641,180,KY,CASH_OUT,B,15,MEDIUM,DEFAULT,326,US Bank,2012-09-16,2012-09-17,COMPLETE,ORIGINATION_SYS
L001846,B7389,VA,2012-08-22,2032-08-22,630996.00,545772.25,3.974,180,WV,CASH_OUT,C,23,HIGH,CURRENT,0,Bank of America,2021-08-08,2021-08-16,INCOMPLETE,MANUAL_ENTRY
L001847,B4275,FHA,2022-08-09,2052-08-09,650347.00,0.00,8.33,180,MS,REFINANCE,A,27,HIGH,CLOSED,0,JPMorgan Chase,2029-04-10,2029-04-23,COMPLETE,ORIGINATION_SYS
L001848,B3135,JUMBO,2012-10-14,2042-10-14,429168.00,0.00,4.787,180,XX,CASH_OUT,B,29,MEDIUM,PAID_OFF,0,Bank of America,2026-01-17,2026-02-13,MISSING,SERVICING_SYS
L001849,B6787,VA,2015-12-09,2030-12-09,306717.00,97866.81,7.331,180,UT,REFINANCE,B,29,MEDIUM,CURRENT,0,Wells Fargo,2022-09-02,2022-09-05,COMPLETE,MANUAL_ENTRY
,B5787,FHA,2023-09-01,2043-09-01,275445.00,0.00,3.703,360,FL,CASH_OUT,A,24,VERY_HIGH,CLOSED,0,US Bank,2027-05-29,2027-06-02,INCOMPLETE,ORIGINATION_SYS
L001851,B1916,VA,2016-10-01,2046-10-01,180490.00,145862.16,4.284,240,IN,CASH_OUT,C,14,VERY_HIGH,CURRENT,0,US Bank,2019-06-30,2019-07-14,INCOMPLETE,MANUAL_ENTRY
L001852,B9622,CONVENTIONAL,2021-10-14,2051-10-14,207664.00,98865.07,4.748,180,NY,PURCHASE,B+,6,MEDIUM,DELINQUENT,70,Quicken Loans,2029-06-28,2029-07-27,COMPLETE,ORIGINATION_SYS
L001853,B8651,JUMBO,2023-03-01,2043-03-01,153249.00,96223.23,7.144,360,CO,REFINANCE,C,18,LOW,CURRENT,0,JPMorgan Chase,2027-04-23,2027-04-24,MISSING,ORIGINATION_SYS
L001854,B7351,CONVENTIONAL,2022-11-25,2042-11-25,700720.00,359766.55,6.551,240,XX,CASH_OUT,C,16,HIGH,CURRENT,0,US Bank,2031-04-20,2031-05-13,COMPLETE,MANUAL_ENTRY
L001855,B5759,CONVENTIONAL,2017-04-19,2047-04-19,81928.00,51759.95,3.924,240,XX,REFINANCE,A+,29,HIGH,CURRENT,0,Bank of America,2020-03-29,2020-04-23,COMPLETE,MANUAL_ENTRY
L001856,B3197,FHA,2014-09-20,2034-09-20,398799.00,251401.80,5.18,240,WY,REFINANCE,B+,15,VERY_HIGH,CURRENT,0,Bank of America,2015-06-30,2015-07-11,COMPLETE,ORIGINATION_SYS
L001857,B5068,JUMBO,2018-04-19,2038-04-19,173178.00,66158.18,6.077,360,NY,PURCHASE,B+,9,HIGH,CURRENT,0,Bank of America,2020-01-16,2020-02-04,MISSING,MANUAL_ENTRY
L001858,B2728,JUMBO,2016-12-18,2046-12-18,486264.00,291855.33,5.058,180,MI,REFINANCE,B+,27,VERY_HIGH,CURRENT,0,Wells Fargo,2025-02-11,2025-02-15,COMPLETE,MANUAL_ENTRY
L001859,B1341,JUMBO,2014-12-16,2034-12-16,81323.00,73563.48,4.307,180,GA,REFINANCE,B,21,VERY_HIGH,DEFAULT,310,Quicken Loans,2020-01-18,2020-01-29,COMPLETE,ORIGINATION_SYS
L001860,B1809,CONVENTIONAL,2016-05-07,2036-05-07,168673.00,126627.88,4.534,240,KS,REFINANCE,C,11,HIGH,CURRENT,0,Freedom Mortgage,2017-08-02,2017-08-13,MISSING,ORIGINATION_SYS
L001861,B8924,JUMBO,2012-10-04,2032-10-04,635360.00,585549.32,4.989,180,DC,CASH_OUT,C,24,LOW,DELINQUENT,43,Bank of America,2017-01-08,2017-02-02,COMPLETE,ORIGINATION_SYS
L001862,B2454,VA,2010-09-03,2040-09-03,487649.00,386918.28,7.964,360,MA,PURCHASE,A,20,VERY_HIGH,CURRENT,0,US Bank,2013-01-02,2013-01-09,COMPLETE,MANUAL_ENTRY
L001863,B7885,CONVENTIONAL,2018-08-10,2033-08-10,695988.00,517169.34,5.641,360,OH,REFINANCE,B+,21,LOW,CURRENT,0,Wells Fargo,2019-06-16,2019-06-17,COMPLETE,MANUAL_ENTRY
L001864,B3650,JUMBO,2014-06-02,2044-06-02,132081.00,47594.40,4.21,180,IL,CASH_OUT,B+,23,MEDIUM,CURRENT,0,PNC Bank,2016-10-17,2016-10-23,MISSING,SERVICING_SYS
L001865,B4869,JUMBO,2015-06-14,2035-06-14,665970.00,0.00,5.613,360,CA,CASH_OUT,A+,19,MEDIUM,PAID_OFF,0,US Bank,2022-12-30,2023-01-08,COMPLETE,SERVICING_SYS
L001866,B5472,FHA,2021-08-28,2036-08-28,482237.00,386947.52,6.935,360,NC,CASH_OUT,A,5,HIGH,CURRENT,0,JPMorgan Chase,2024-07-10,2024-08-02,INCOMPLETE,SERVICING_SYS
L001867,B1491,VA,2016-07-20,2036-07-20,341602.00,0.00,5.279,360,UT,PURCHASE,D,19,VERY_HIGH,PAID_OFF,0,Quicken Loans,2020-01-28,2020-02-04,COMPLETE,MANUAL_ENTRY
L001868,B5953,VA,2017-05-04,2047-05-04,147438.00,109696.02,6.156,180,ND,REFINANCE,B+,2,HIGH,CURRENT,0,Bank of America,2022-05-25,2022-06-06,INCOMPLETE,ORIGINATION_SYS
L001869,B7608,VA,2022-10-06,2052-10-06,401230.00,0.00,6.422,180,AL,PURCHASE,B+,12,LOW,PAID_OFF,0,Freedom Mortgage,2026-07-19,2026-08-05,MISSING,SERVICING_SYS
L001870,B2994,FHA,2016-01-07,2046-01-07,457477.00,253354.13,7.539,360,GA,PURCHASE,B+,24,MEDIUM,DELINQUENT,81,Bank of America,2021-12-03,2021-12-15,COMPLETE,ORIGINATION_SYS
L001871,B5421,CONVENTIONAL,2014-03-02,2029-03-02,287561.00,173690.23,8.387,360,IN,CASH_OUT,D,15,HIGH,CURRENT,0,PNC Bank,2022-03-05,2022-04-02,MISSING,SERVICING_SYS
L001872,B7308,VA,2021-02-13,2051-02-13,306489.00,102198.00,6.555,240,TN,CASH_OUT,C,26,VERY_HIGH,CURRENT,0,US Bank,2024-11-24,2024-12-06,COMPLETE,ORIGINATION_SYS
L001873,B8847,JUMBO,2011-03-20,2031-03-20,403710.00,138721.82,4.067,240,KY,PURCHASE,D,29,MEDIUM,DELINQUENT,88,JPMorgan Chase,2015-09-25,2015-10-09,COMPLETE,SERVICING_SYS
L001874,B1693,CONVENTIONAL,2012-05-29,2032-05-29,505494.00,0.00,4.251,180,NC,REFINANCE,D,8,VERY_HIGH,PAID_OFF,0,PNC Bank,2021-06-16,2021-06-19,INCOMPLETE,ORIGINATION_SYS
L001875,B6695,CONVENTIONAL,2011-02-20,2026-02-20,391623.00,138569.67,7.327,240,CT,PURCHASE,B,10,HIGH,CURRENT,0,Wells Fargo,2017-08-18,2017-09-04,COMPLETE,SERVICING_SYS
L001876,B7935,JUMBO,2014-03-17,2029-03-17,244830.00,186370.00,6.761,180,NY,CASH_OUT,A+,22,LOW,CURRENT,0,Freedom Mortgage,2024-09-15,2024-09-23,COMPLETE,ORIGINATION_SYS
L001877,B2268,JUMBO,2022-04-16,2037-04-16,51639.00,0.00,2.759,240,RI,PURCHASE,A+,8,HIGH,PAID_OFF,0,Quicken Loans,2030-09-18,2030-10-16,INCOMPLETE,SERVICING_SYS
L001878,B1310,FHA,2023-01-07,2043-01-07,429426.00,301365.79,4.608,360,DE,REFINANCE,B,10,MEDIUM,CURRENT,0,Wells Fargo,2032-08-07,2032-08-16,MISSING,ORIGINATION_SYS
L001879,B3509,FHA,2020-11-08,2040-11-08,434072.00,542590.00,3.152,360,ME,REFINANCE,B,26,VERY_HIGH,CURRENT,0,Wells Fargo,2021-10-18,2021-10-27,MISSING,ORIGINATION_SYS
L001880,B2425,FHA,2013-06-23,2028-06-23,347185.00,159631.82,4.983,240,AZ,PURCHASE,B,6,VERY_HIGH,DELINQUENT,58,Wells Fargo,2016-09-20,2016-10-18,COMPLETE,SERVICING_SYS
L001881,B6543,FHA,2017-08-15,2047-08-15,73247.00,41900.06,5.026,180,UT,PURCHASE,D,20,VERY_HIGH,CURRENT,0,PNC Bank,2022-10-16,2022-10-17,COMPLETE,MANUAL_ENTRY
L001882,B8153,JUMBO,2017-01-16,2032-01-16,58091.00,0.00,2.75,360,XX,REFINANCE,A,24,LOW,CLOSED,0,JPMorgan Chase,2027-04-04,2027-04-06,COMPLETE,ORIGINATION_SYS
L001883,B4074,FHA,2018-08-05,2038-08-05,677916.00,292653.71,7.061,180,XX,REFINANCE,C,16,HIGH,CURRENT,0,PNC Bank,2021-05-17,2021-06-04,COMPLETE,ORIGINATION_SYS
L001884,B3380,CONVENTIONAL,2019-05-23,2039-05-23,546060.00,0.00,6.738,180,LA,PURCHASE,D,21,HIGH,PAID_OFF,0,Quicken Loans,2025-12-29,2026-01-21,COMPLETE,SERVICING_SYS
L001885,B2061,VA,2017-06-03,2047-06-03,165730.00,111502.99,6.761,360,WY,REFINANCE,A,1,MEDIUM,CURRENT,0,JPMorgan Chase,2017-11-21,2017-11-30,COMPLETE,SERVICING_SYS
L001886,B7034,VA,2015-07-24,2030-07-24,486886.00,210336.59,3.661,360,AL,CASH_OUT,A+,28,HIGH,CURRENT,0,Wells Fargo,2019-03-08,2019-03-20,INCOMPLETE,SERVICING_SYS
L001887,B5416,JUMBO,2015-03-27,2035-03-27,520782.00,167407.01,2.869,180,VT,CASH_OUT,B,17,MEDIUM,DELINQUENT,36,Freedom Mortgage,2024-02-18,2024-02-24,MISSING,MANUAL_ENTRY
L001888,B9670,CONVENTIONAL,2022-09-06,2052-09-06,543565.00,195763.56,5.224,360,AZ,REFINANCE,A+,3,VERY_HIGH,DELINQUENT,84,PNC Bank,2028-10-22,2028-10-29,MISSING,MANUAL_ENTRY
L001889,B2375,JUMBO,2015-05-12,2030-05-12,122550.00,114911.53,6.139,360,VA,CASH_OUT,A,15,MEDIUM,DELINQUENT,76,Quicken Loans,2019-07-07,2019-07-16,COMPLETE,ORIGINATION_SYS
L001890,B5849,VA,2021-08-23,2051-08-23,320218.00,246485.81,7.468,360,IL,REFINANCE,D,0,VERY_HIGH,CURRENT,0,Freedom Mortgage,2025-08-27,2025-09-26,MISSING,SERVICING_SYS
L001891,B6248,JUMBO,2010-02-24,2040-02-24,323636.00,0.00,3.383,360,DE,CASH_OUT,B+,26,MEDIUM,PAID_OFF,0,Quicken Loans,2015-06-28,2015-06-28,INCOMPLETE,MANUAL_ENTRY
L001892,B2925,CONVENTIONAL,2018-08-04,2048-08-04,118005.00,44704.15,8.439,180,AL,CASH_OUT,B+,2,HIGH,CURRENT,0,Freedom Mortgage,2028-04-28,2028-05-16,COMPLETE,MANUAL_ENTRY
L001893,B7655,FHA,2011-07-05,2041-07-05,540055.00,0.00,5.664,240,TX,CASH_OUT,B+,16,VERY_HIGH,PAID_OFF,0,Quicken Loans,2013-02-10,2013-03-08,COMPLETE,SERVICING_SYS
L001894,B3120,CONVENTIONAL,2011-02-12,2026-02-12,341011.00,251040.70,3.131,240,TN,CASH_OUT,A+,29,VERY_HIGH,CURRENT,0,Bank of America,2019-01-08,2019-01-21,COMPLETE,SERVICING_SYS
L001895,B2836,FHA,2020-02-01,2035-02-01,716621.00,363081.52,3.396,240,DE,PURCHASE,C,12,MEDIUM,CURRENT,0,Freedom Mortgage,2024-07-17,2024-08-15,COMPLETE,MANUAL_ENTRY
L001896,B6847,CONVENTIONAL,2020-04-22,2040-04-22,606423.00,490343.47,5.046,360,WA,CASH_OUT,D,20,VERY_HIGH,DELINQUENT,52,JPMorgan Chase,2020-11-21,2020-12-02,COMPLETE,MANUAL_ENTRY
L001897,B5622,JUMBO,2012-12-06,2042-12-06,168495.00,104221.21,5.207,180,SC,CASH_OUT,B+,21,HIGH,CURRENT,0,PNC Bank,2018-09-23,2018-10-10,COMPLETE,MANUAL_ENTRY
L001898,B6745,FHA,2015-04-11,2035-04-11,455409.00,315537.78,7.138,180,AR,CASH_OUT,D,28,HIGH,CURRENT,0,Quicken Loans,2023-10-15,2023-11-04,COMPLETE,ORIGINATION_SYS
L001899,B4099,FHA,2018-07-23,2038-07-23,167373.00,113021.12,4.717,360,SD,PURCHASE,B,24,VERY_HIGH,CURRENT,0,US Bank,2029-06-06,2029-06-12,COMPLETE,MANUAL_ENTRY
L001900,B4857,VA,2018-10-28,2048-10-28,189046.00,120070.63,7.559,180,HI,PURCHASE,B,19,HIGH,DELINQUENT,80,Freedom Mortgage,2024-04-04,2024-04-21,MISSING,SERVICING_SYS
L001901,B4227,VA,2020-10-07,2050-10-07,179908.00,67272.75,6.976,180,OR,PURCHASE,B,4,MEDIUM,CURRENT,0,Wells Fargo,2025-05-15,2025-05-29,COMPLETE,MANUAL_ENTRY
L001902,B8198,VA,2019-09-05,2039-09-05,58467.00,47685.12,7.519,360,MA,REFINANCE,D,22,VERY_HIGH,CURRENT,0,PNC Bank,2022-11-12,2022-11-27,INCOMPLETE,MANUAL_ENTRY
L001903,B5944,VA,2011-10-09,2031-10-09,365260.00,0.00,3.738,180,VT,PURCHASE,A,22,HIGH,PAID_OFF,0,Quicken Loans,2019-05-11,2019-05-22,COMPLETE,MANUAL_ENTRY
L001904,B4081,JUMBO,2013-02-26,2033-02-26,215592.00,71707.30,6.049,240,MN,REFINANCE,B,28,HIGH,CURRENT,0,JPMorgan Chase,2013-08-16,2013-08-22,COMPLETE,SERVICING_SYS
L001905,B1271,JUMBO,2022-01-07,2042-01-07,532986.00,0.00,5.936,240,PA,CASH_OUT,C,8,LOW,PAID_OFF,0,Wells Fargo,2028-02-14,2028-03-10,COMPLETE,ORIGINATION_SYS
L001906,B6714,VA,2016-09-22,2031-09-22,560430.00,452092.82,7.549,180,AL,PURCHASE,A+,25,LOW,CURRENT,0,US Bank,2019-09-23,2019-10-10,INCOMPLETE,MANUAL_ENTRY
L001907,B5020,VA,2019-04-29,2049-04-29,702687.00,503809.57,5.19,240,MD,CASH_OUT,B+,2,LOW,CURRENT,0,Wells Fargo,2021-02-24,2021-03-06,COMPLETE,ORIGINATION_SYS
L001908,B7750,VA,2014-03-26,2034-03-26,530306.00,286434.36,7.549,360,ID,REFINANCE,C,29,HIGH,CURRENT,0,Bank of America,2015-05-08,2015-05-21,MISSING,ORIGINATION_SYS
L001909,B3779,FHA,2013-12-28,2028-12-28,291712.00,152301.00,6.482,360,NY,PURCHASE,D,7,HIGH,CURRENT,0,JPMorgan Chase,2018-06-09,2018-06-17,COMPLETE,ORIGINATION_SYS
L001910,B5093,CONVENTIONAL,2017-08-21,2037-08-21,545226.00,406393.63,2.809,360,MN,PURCHASE,D,6,HIGH,DELINQUENT,33,JPMorgan Chase,2022-05-25,2022-05-27,COMPLETE,MANUAL_ENTRY
L001911,B8988,VA,2011-12-01,2041-12-01,235934.00,70849.99,4.896,240,RI,REFINANCE,D,8,LOW,CURRENT,0,US Bank,2015-04-06,2015-04-29,MISSING,SERVICING_SYS
L001912,B1202,FHA,2016-01-20,2031-01-20,251059.00,110946.93,5.607,360,CA,REFINANCE,D,22,HIGH,CURRENT,0,US Bank,2020-07-12,2020-07-15,COMPLETE,MANUAL_ENTRY
L001913,B6393,FHA,2012-03-21,2042-03-21,441339.00,340964.23,6.926,240,HI,PURCHASE,A+,27,LOW,CURRENT,0,PNC Bank,2018-08-24,2018-09-14,COMPLETE,SERVICING_SYS
L001914,B5657,CONVENTIONAL,2013-08-03,2043-08-03,661211.00,589679.53,7.006,180,MS,CASH_OUT,B+,12,MEDIUM,CURRENT,0,US Bank,2014-12-08,2014-12-11,COMPLETE,ORIGINATION_SYS
L001915,B1500,CONVENTIONAL,2019-03-31,2039-03-31,211308.00,64178.26,5.201,180,SC,CASH_OUT,B+,9,HIGH,CURRENT,0,Quicken Loans,2021-02-22,2021-03-13,MISSING,MANUAL_ENTRY
L001916,B3406,JUMBO,2021-09-04,2041-09-04,472833.00,253718.23,3.62,360,TX,REFINANCE,D,28,HIGH,CURRENT,0,US Bank,2022-08-03,2022-09-02,COMPLETE,SERVICING_SYS
L001917,B3449,CONVENTIONAL,2017-01-01,2037-01-01,720317.00,0.00,5.858,180,CT,PURCHASE,A,16,HIGH,CLOSED,0,JPMorgan Chase,2027-12-04,2027-12-10,COMPLETE,SERVICING_SYS
L001918,B1202,FHA,2021-12-20,2036-12-20,297277.00,145184.98,3.385,360,KY,REFINANCE,B,30,VERY_HIGH,CURRENT,0,Quicken Loans,2032-07-11,2032-08-06,COMPLETE,ORIGINATION_SYS
L001919,B5147,FHA,2013-07-19,2028-07-19,196210.00,0.00,3.95,240,AZ,REFINANCE,D,12,LOW,PAID_OFF,0,Bank of America,2024-06-23,2024-07-17,COMPLETE,MANUAL_ENTRY
L001920,B7989,JUMBO,2014-06-10,2044-06-10,715301.00,648689.31,7.96,240,OH,CASH_OUT,D,15,MEDIUM,DELINQUENT,78,Wells Fargo,2020-07-10,2020-07-11,COMPLETE,SERVICING_SYS
L001921,B7068,CONVENTIONAL,2014-01-02,2034-01-02,104273.00,0.00,2.612,360,WI,CASH_OUT,B+,27,VERY_HIGH,PAID_OFF,0,JPMorgan Chase,2026-01-17,2026-01-26,INCOMPLETE,ORIGINATION_SYS
L001922,B9713,FHA,2017-09-24,2037-09-24,241728.00,140436.56,6.061,240,NV,CASH_OUT,B+,22,MEDIUM,CURRENT,0,US Bank,2018-07-16,2018-08-02,COMPLETE,ORIGINATION_SYS
L001923,B4124,JUMBO,2014-12-04,2044-12-04,739506.00,271553.07,6.389,360,WY,REFINANCE,A+,20,VERY_HIGH,CURRENT,0,US Bank,2023-12-03,2023-12-03,COMPLETE,MANUAL_ENTRY
L001924,B4784,CONVENTIONAL,2010-11-22,2030-11-22,239420.00,173091.99,5.626,360,KS,PURCHASE,A,23,VERY_HIGH,CURRENT,0,PNC Bank,2021-02-08,2021-02-26,COMPLETE,MANUAL_ENTRY
L001925,B6671,CONVENTIONAL,2011-10-25,2041-10-25,250455.00,127027.40,7.391,360,XX,REFINANCE,C,0,HIGH,CURRENT,0,US Bank,2017-02-20,2017-03-01,COMPLETE,MANUAL_ENTRY
L001926,B7792,FHA,2023-09-23,2043-09-23,257429.00,208119.71,7.112,180,AL,REFINANCE,A+,11,LOW,CURRENT,0,US Bank,2029-06-19,2029-07-13,INCOMPLETE,MANUAL_ENTRY
L001927,B6452,VA,2016-04-08,2046-04-08,426434.00,204960.21,3.105,180,WV,REFINANCE,A+,2,HIGH,CURRENT,0,Bank of America,2026-06-12,2026-06-15,COMPLETE,ORIGINATION_SYS
L001928,B4774,JUMBO,2017-12-13,2032-12-13,154335.00,48899.70,3.876,240,AL,REFINANCE,B+,0,HIGH,CURRENT,0,Wells Fargo,2021-06-29,2021-07-14,COMPLETE,ORIGINATION_SYS
L001929,B8636,CONVENTIONAL,2013-02-26,2028-02-26,323484.00,0.00,8.458,180,UT,PURCHASE,B,20,LOW,PAID_OFF,0,JPMorgan Chase,2018-09-12,2018-09-28,COMPLETE,ORIGINATION_SYS
L001930,B8260,VA,2021-10-21,2051-10-21,735602.00,567562.46,7.764,180,HI,REFINANCE,B+,10,VERY_HIGH,DEFAULT,270,JPMorgan Chase,2032-06-23,2032-07-17,INCOMPLETE,ORIGINATION_SYS
L001931,B2722,CONVENTIONAL,2011-07-31,2026-07-31,370668.00,0.00,8.478,360,KS,PURCHASE,D,23,HIGH,CLOSED,0,Freedom Mortgage,2014-05-03,2014-05-21,INCOMPLETE,MANUAL_ENTRY
L001932,B4988,JUMBO,2010-08-04,2025-08-04,296285.00,245657.41,4.287,240,UT,PURCHASE,A,4,LOW,CURRENT,0,US Bank,2016-05-20,2016-05-24,COMPLETE,MANUAL_ENTRY
L001933,B7924,CONVENTIONAL,2015-09-03,2030-09-03,620397.00,221300.90,5.048,360,NH,CASH_OUT,B+,6,MEDIUM,CURRENT,0,Freedom Mortgage,2021-07-23,2021-07-25,COMPLETE,MANUAL_ENTRY
L001934,B6101,JUMBO,2022-11-15,2042-11-15,61266.00,26727.65,4.035,360,MD,PURCHASE,A,1,VERY_HIGH,CURRENT,0,Bank of America,2023-03-09,2023-03-11,INCOMPLETE,ORIGINATION_SYS
L001935,B6508,VA,2016-08-07,2036-08-07,52038.00,17831.51,4.504,360,MD,PURCHASE,A,23,VERY_HIGH,DELINQUENT,37,Freedom Mortgage,2018-12-01,2018-12-05,COMPLETE,ORIGINATION_SYS
L001936,B2394,JUMBO,2015-03-16,2045-03-16,424698.00,0.00,4.767,180,WI,CASH_OUT,A+,30,VERY_HIGH,PAID_OFF,0,PNC Bank,2023-01-19,2023-02-05,MISSING,SERVICING_SYS
L001937,B9193,JUMBO,2021-01-06,2041-01-06,549249.00,0.00,5.288,180,IN,CASH_OUT,A+,2,MEDIUM,PAID_OFF,0,US Bank,2030-10-18,2030-11-01,COMPLETE,ORIGINATION_SYS
L001938,B5143,VA,2010-12-08,2030-12-08,581291.00,354447.12,4.549,360,NC,PURCHASE,B+,23,VERY_HIGH,CURRENT,0,Freedom Mortgage,2015-01-25,2015-02-17,COMPLETE,ORIGINATION_SYS
L001939,B6106,CONVENTIONAL,2022-01-29,2052-01-29,82108.00,0.00,3.988,360,MN,REFINANCE,C,16,HIGH,CLOSED,0,US Bank,2029-07-13,2029-07-19,MISSING,ORIGINATION_SYS
L001940,B5569,VA,2022-02-05,2052-02-05,391090.00,15000.00,6.106,180,NH,PURCHASE,B+,18,HIGH,CLOSED,0,Bank of America,2023-10-02,2023-10-02,MISSING,ORIGINATION_SYS
L001941,B2223,VA,2021-08-02,2041-08-02,490901.00,433300.40,3.683,360,ID,PURCHASE,B+,28,HIGH,CURRENT,0,Bank of America,2022-04-12,2022-05-03,COMPLETE,MANUAL_ENTRY
L001942,B9456,JUMBO,2017-07-20,2032-07-20,385135.00,0.00,5.236,360,ND,CASH_OUT,A+,29,MEDIUM,PAID_OFF,0,PNC Bank,2026-01-17,2026-02-08,INCOMPLETE,ORIGINATION_SYS
L001943,B5542,CONVENTIONAL,2012-05-17,2027-05-17,-90579.00,53993.75,7.114,360,WI,PURCHASE,A,25,MEDIUM,CURRENT,0,Bank of America,2019-12-05,2019-12-17,COMPLETE,SERVICING_SYS
L001944,B1376,VA,2018-03-26,2048-03-26,565670.00,367300.65,5.812,240,ND,REFINANCE,C,30,HIGH,CURRENT,0,JPMorgan Chase,2028-11-22,2028-12-22,COMPLETE,SERVICING_SYS
L001945,B2883,CONVENTIONAL,2016-09-28,2036-09-28,112174.00,84378.14,8.378,360,WY,PURCHASE,B,7,MEDIUM,CURRENT,0,Bank of America,2021-06-21,2021-07-05,INCOMPLETE,MANUAL_ENTRY
L001946,B7163,JUMBO,2016-05-25,2046-05-25,358027.00,159566.82,7.136,360,NM,CASH_OUT,C,19,LOW,DEFAULT,327,Freedom Mortgage,2019-03-21,2019-03-27,COMPLETE,ORIGINATION_SYS
L001947,B9195,FHA,2015-11-07,2030-11-07,588366.00,0.00,4.067,360,NJ,PURCHASE,C,27,LOW,PAID_OFF,0,Wells Fargo,2020-11-21,2020-12-20,MISSING,ORIGINATION_SYS
L001948,B2371,VA,2011-04-30,2026-04-30,586511.00,0.00,8.034,360,MS,PURCHASE,A+,25,LOW,CLOSED,0,JPMorgan Chase,2014-02-26,2014-03-12,COMPLETE,ORIGINATION_SYS
L001949,B4240,FHA,2020-08-24,2035-08-24,72621.00,33385.68,4.625,240,NM,REFINANCE,A,26,HIGH,CURRENT,0,JPMorgan Chase,2029-03-28,2029-04-09,COMPLETE,ORIGINATION_SYS
L001950,B2860,CONVENTIONAL,2013-06-22,2028-06-22,179469.00,62361.11,6.34,180,NY,PURCHASE,B,23,VERY_HIGH,CURRENT,0,PNC Bank,2014-10-12,2014-10-30,COMPLETE,ORIGINATION_SYS
L001951,B7944,JUMBO,2018-02-01,2033-02-01,235111.00,82054.16,6.424,180,MS,PURCHASE,A+,8,MEDIUM,DELINQUENT,46,Bank of America,2020-01-03,2020-01-27,COMPLETE,ORIGINATION_SYS
L001952,B3321,JUMBO,2019-03-08,2034-03-08,377858.00,277441.88,7.253,180,MI,REFINANCE,B,14,HIGH,DELINQUENT,75,US Bank,2026-02-12,2026-02-16,COMPLETE,ORIGINATION_SYS
L001953,B6094,CONVENTIONAL,2018-04-09,2033-04-09,609790.00,0.00,3.598,180,MN,CASH_OUT,C,18,MEDIUM,PAID_OFF,0,Freedom Mortgage,2024-11-10,2024-11-21,COMPLETE,MANUAL_ENTRY
L001954,B1459,JUMBO,2014-08-17,2044-08-17,709115.00,15000.00,4.397,240,NC,PURCHASE,A+,21,VERY_HIGH,CLOSED,62,Freedom Mortgage,2020-07-07,2020-07-13,COMPLETE,SERVICING_SYS
L001955,B5673,VA,2012-12-13,2032-12-13,239618.00,115573.56,5.893,240,KS,PURCHASE,C,13,HIGH,DELINQUENT,61,Freedom Mortgage,2018-07-06,2018-07-07,COMPLETE,ORIGINATION_SYS
L001956,B8117,FHA,2018-09-02,2048-09-02,607918.00,0.00,8.262,360,MS,PURCHASE,D,14,MEDIUM,PAID_OFF,0,Freedom Mortgage,2023-02-16,2023-03-16,INCOMPLETE,MANUAL_ENTRY
L001957,B2987,CONVENTIONAL,2017-11-20,2047-11-20,354352.00,256762.06,7.816,240,XX,PURCHASE,C,8,HIGH,CURRENT,0,PNC Bank,2024-07-03,2024-07-09,COMPLETE,ORIGINATION_SYS
L001958,B4646,FHA,2012-01-29,2032-01-29,113382.00,0.00,7.554,360,AK,REFINANCE,A+,4,VERY_HIGH,CLOSED,0,JPMorgan Chase,2021-09-27,2021-10-08,COMPLETE,ORIGINATION_SYS
L001959,B7090,CONVENTIONAL,2020-09-11,2040-09-11,261069.00,99426.53,6.395,180,VT,CASH_OUT,C,7,HIGH,CURRENT,0,Bank of America,2021-05-31,2021-06-30,COMPLETE,MANUAL_ENTRY
L001960,B9181,VA,2022-11-09,2042-11-09,212837.00,158710.72,5.919,360,MD,CASH_OUT,B+,23,HIGH,CURRENT,0,PNC Bank,2023-12-15,2024-01-03,COMPLETE,SERVICING_SYS
L001961,B5716,FHA,2021-05-16,2036-05-16,231718.00,137085.87,5.137,180,FL,PURCHASE,B+,8,LOW,CURRENT,0,JPMorgan Chase,2022-09-05,2022-09-11,COMPLETE,ORIGINATION_SYS
L001962,B5433,CONVENTIONAL,2018-11-03,2048-11-03,185624.00,113094.77,7.099,240,LA,CASH_OUT,D,10,HIGH,CURRENT,0,Wells Fargo,2023-07-03,2023-07-05,COMPLETE,SERVICING_SYS
L001963,B3225,FHA,2015-03-11,2045-03-11,-133314.00,0.00,5.691,360,NM,CASH_OUT,C,21,HIGH,CLOSED,0,US Bank,2019-03-14,2019-03-25,COMPLETE,MANUAL_ENTRY
L001964,B6215,VA,2013-01-09,2033-01-09,490400.00,303429.75,3.802,180,NJ,PURCHASE,B+,25,MEDIUM,DEFAULT,183,PNC Bank,2015-06-02,2015-06-16,COMPLETE,ORIGINATION_SYS
L001965,B1195,FHA,2023-08-21,2043-08-21,656567.00,0.00,4.776,240,HI,PURCHASE,C,6,HIGH,PAID_OFF,0,PNC Bank,2027-08-01,2027-08-17,COMPLETE,MANUAL_ENTRY
L001966,B5073,CONVENTIONAL,2018-08-01,2038-08-01,277096.00,240652.65,8.318,240,OK,CASH_OUT,A+,6,LOW,CURRENT,0,US Bank,2028-10-14,2028-10-28,COMPLETE,MANUAL_ENTRY
L001967,B4731,CONVENTIONAL,2022-09-30,2042-09-30,104252.00,63552.15,8.394,360,IL,REFINANCE,A,23,HIGH,CURRENT,0,US Bank,2025-06-10,2025-06-20,COMPLETE,ORIGINATION_SYS
L001968,B3447,JUMBO,2020-03-07,2050-03-07,441242.00,0.00,5.765,180,XX,PURCHASE,D,4,MEDIUM,CURRENT,45,Wells Fargo,2028-01-28,2028-02-14,COMPLETE,SERVICING_SYS
L001969,B5019,VA,2011-12-01,2026-12-01,177127.00,0.00,5.921,180,IN,PURCHASE,C,25,VERY_HIGH,PAID_OFF,0,Bank of America,2015-02-16,2015-02-19,COMPLETE,SERVICING_SYS
L001970,B9821,CONVENTIONAL,2023-12-06,2038-12-06,257304.00,105180.07,7.266,180,ME,PURCHASE,D,10,LOW,CURRENT,0,JPMorgan Chase,2034-07-04,2034-08-03,INCOMPLETE,SERVICING_SYS
L001971,B6727,JUMBO,2012-09-24,2027-09-24,75185.00,24856.28,4.447,360,AL,CASH_OUT,C,18,LOW,CURRENT,0,Bank of America,2018-12-09,2018-12-19,COMPLETE,MANUAL_ENTRY
L001972,B3916,JUMBO,2019-10-26,2034-10-26,310159.00,171839.64,8.233,180,DE,REFINANCE,B+,4,LOW,DELINQUENT,73,Bank of America,2024-04-23,2024-05-18,MISSING,ORIGINATION_SYS
L001973,B7575,FHA,2022-05-31,2042-05-31,744293.00,380013.12,3.136,240,IL,REFINANCE,A+,27,MEDIUM,CURRENT,0,Freedom Mortgage,2033-03-13,2033-03-31,MISSING,ORIGINATION_SYS
L001974,B7872,VA,2019-07-20,2049-07-20,446004.00,0.00,5.697,240,CA,PURCHASE,A,12,VERY_HIGH,CLOSED,0,Quicken Loans,2024-07-31,2024-08-20,COMPLETE,SERVICING_SYS
L001975,B6194,FHA,2016-07-01,2031-07-01,578486.00,341850.24,5.227,180,HI,REFINANCE,A+,6,LOW,CURRENT,0,Quicken Loans,2023-01-27,2023-02-19,COMPLETE,MANUAL_ENTRY
L001976,B8185,CONVENTIONAL,2023-05-28,2053-05-28,204371.00,184362.35,4.122,180,NM,CASH_OUT,A+,6,VERY_HIGH,CURRENT,0,Bank of America,2026-04-03,2026-04-05,INCOMPLETE,SERVICING_SYS
L001977,B3286,CONVENTIONAL,2018-05-16,2038-05-16,658074.00,273747.11,7.502,180,WA,PURCHASE,D,30,MEDIUM,CURRENT,0,Bank of America,2026-04-09,2026-05-03,COMPLETE,ORIGINATION_SYS
L001978,B1079,CONVENTIONAL,2018-03-03,2038-03-03,557266.00,0.00,5.815,240,NC,CASH_OUT,C,25,LOW,CLOSED,0,Bank of America,2019-12-25,2020-01-01,COMPLETE,SERVICING_SYS
L001979,B1013,VA,2014-01-27,2034-01-27,457224.00,250296.92,8.001,360,TN,CASH_OUT,A,22,MEDIUM,CURRENT,0,Wells Fargo,2020-03-16,2020-03-22,MISSING,SERVICING_SYS
L001980,B8105,VA,2011-08-23,2026-08-23,717809.00,404614.94,6.199,360,NH,CASH_OUT,D,26,LOW,DELINQUENT,38,PNC Bank,2018-04-27,2018-05-12,INCOMPLETE,SERVICING_SYS
L001981,B4925,FHA,2010-12-27,2025-12-27,572945.00,273312.67,7.731,180,DC,REFINANCE,B+,18,LOW,CURRENT,0,PNC Bank,2020-05-24,2020-06-20,COMPLETE,SERVICING_SYS
L001982,B7251,FHA,2016-05-13,2031-05-13,456343.00,302958.17,5.522,360,ID,PURCHASE,C,28,VERY_HIGH,CURRENT,0,PNC Bank,2024-08-11,2024-08-26,INCOMPLETE,ORIGINATION_SYS
L001983,B5759,JUMBO,2017-04-16,2037-04-16,442855.00,372738.23,4.346,240,NC,REFINANCE,B,20,LOW,CURRENT,0,Bank of America,2018-09-27,2018-09-30,COMPLETE,MANUAL_ENTRY
L001984,B3818,CONVENTIONAL,2021-04-14,2051-04-14,542962.00,223987.37,6.298,180,IA,CASH_OUT,A+,26,MEDIUM,CURRENT,0,Wells Fargo,2024-04-05,2024-04-15,COMPLETE,ORIGINATION_SYS
L001985,B5742,VA,2010-04-28,2030-04-28,178894.00,0.00,8.188,240,MN,REFINANCE,D,29,VERY_HIGH,CLOSED,0,Wells Fargo,2017-10-28,2017-11-08,INCOMPLETE,MANUAL_ENTRY
L001986,B7843,FHA,2015-12-19,2030-12-19,537230.00,388114.98,5.96,180,WV,REFINANCE,C,14,VERY_HIGH,CURRENT,0,Quicken Loans,2016-02-15,2016-03-15,INCOMPLETE,MANUAL_ENTRY
L001987,B8875,JUMBO,2020-02-05,2040-02-05,440534.00,365940.15,2.781,240,NC,CASH_OUT,B+,29,HIGH,DELINQUENT,54,Freedom Mortgage,2024-09-02,2024-09-22,COMPLETE,SERVICING_SYS
L001988,B9802,JUMBO,2016-12-21,2036-12-21,386231.00,348485.73,5.675,360,NY,PURCHASE,D,11,HIGH,CURRENT,0,PNC Bank,2021-02-17,2021-02-25,COMPLETE,ORIGINATION_SYS
L001989,B9785,JUMBO,2019-09-02,2034-09-02,630922.00,337656.83,7.202,180,NV,CASH_OUT,C,1,LOW,CURRENT,0,Quicken Loans,2029-09-26,2029-10-21,COMPLETE,SERVICING_SYS
L001990,B5209,FHA,2019-04-22,2039-04-22,261989.00,178074.33,2.834,180,IL,CASH_OUT,B,7,LOW,CURRENT,0,Wells Fargo,2028-05-11,2028-05-14,MISSING,MANUAL_ENTRY
L001991,B9569,JUMBO,2015-11-24,2045-11-24,72494.00,40619.43,4.419,180,MN,PURCHASE,A+,12,LOW,CURRENT,0,Bank of America,2021-12-10,2021-12-12,COMPLETE,SERVICING_SYS
L001992,B8423,FHA,2023-08-26,2043-08-26,315238.00,165559.02,6.401,240,CO,CASH_OUT,B,10,HIGH,DELINQUENT,63,Quicken Loans,2026-02-05,2026-03-07,COMPLETE,MANUAL_ENTRY
L001993,B6822,JUMBO,2019-09-10,2034-09-10,738966.00,0.00,6.486,180,OH,PURCHASE,C,30,VERY_HIGH,PAID_OFF,0,Wells Fargo,2025-11-09,2025-12-01,COMPLETE,MANUAL_ENTRY
L001994,B8709,JUMBO,2023-01-30,2038-01-30,503157.00,0.00,6.722,180,MT,CASH_OUT,A+,9,MEDIUM,PAID_OFF,0,Quicken Loans,2033-08-21,2033-09-06,INCOMPLETE,ORIGINATION_SYS
L001995,B1796,CONVENTIONAL,2020-11-19,2050-11-19,529801.00,224797.50,7.376,180,NY,PURCHASE,A+,24,LOW,CURRENT,0,PNC Bank,2029-02-12,2029-03-09,MISSING,SERVICING_SYS
L001996,B3034,VA,2012-11-08,2027-11-08,246998.00,160799.95,6.322,360,LA,REFINANCE,B+,25,VERY_HIGH,DELINQUENT,40,JPMorgan Chase,2014-01-25,2014-02-20,COMPLETE,MANUAL_ENTRY
L001997,B4556,FHA,2016-01-27,2036-01-27,241755.00,96176.87,6.11,360,ND,PURCHASE,C,6,MEDIUM,CURRENT,0,Quicken Loans,2019-12-05,2019-12-09,COMPLETE,MANUAL_ENTRY
L001998,B9635,VA,2022-01-29,2037-01-29,339947.00,105186.66,2.893,240,AR,PURCHASE,C,16,HIGH,CURRENT,0,JPMorgan Chase,2027-09-15,2027-10-09,MISSING,ORIGINATION_SYS
L001999,B5042,FHA,2020-12-10,2040-12-10,437000.00,0.00,5.593,360,OR,CASH_OUT,D,0,MEDIUM,CLOSED,0,Bank of America,2027-10-03,2027-10-11,COMPLETE,ORIGINATION_SYS
L002000,B4860,VA,2011-12-06,2026-12-06,699839.00,215421.65,6.716,180,FL,REFINANCE,D,20,MEDIUM,CURRENT,0,Quicken Loans,2019-07-08,2019-07-21,COMPLETE,SERVICING_SYS
