loan_id,borrower_id,borrower_name,co_borrower_name,loan_type,loan_purpose,property_state,property_zip,servicer_name,original_principal,current_balance,interest_rate,monthly_payment,origination_date,maturity_date,last_payment_date,next_payment_date,payment_status,days_past_due,document_status,lien_position
L009919,B3741,Jessica Lee,Patricia Thomas,FIXED,PURCHASE,KY,77983,Bank of America,104711.00,45278.55,5.084,487.99,2014-04-27,2024-04-27,2018-07-17,2018-08-16,DELINQUENT,41,COMPLETE,SECOND
L007692,B1116,Richard Moore,,FIXED,CONSTRUCTION,LA,91911,PNC Bank,643349.00,281540.98,4.865,2869.07,2011-10-15,2041-10-15,2017-09-25,2017-10-25,CURRENT,0,COMPLETE,FIRST
L006723,B7406,Jessica Jackson,,FHA,HOME_EQUITY,WI,35639,SunTrust Mortgage,147206.00,59987.96,4.306,581.05,2018-11-01,2048-11-01,2028-02-20,2028-03-21,DELINQUENT,41,INCOMPLETE,FIRST
L000589,B2788,Jessica Martinez,William White,FIXED,CASH_OUT_REFINANCE,UT,53907,Caliber Home Loans,131242.00,85848.10,5.542,666.73,2012-07-16,2022-07-16,2015-04-12,2015-05-12,CURRENT,0,,SECOND
L005218,B2889,Thomas Wilson,,VA,HOME_EQUITY,NC,95913,Wells Fargo Home Mortgage,524966.00,159659.94,4.828,2323.32,2010-03-10,2025-03-10,2017-01-16,2017-02-15,CURRENT,0,COMPLETE,SECOND
L009425,B8542,Mary Thomas,Jessica Garcia,JUMBO,PURCHASE,OK,26085,Bank of America,479994.00,349266.50,8.125,3574.96,2013-08-26,2043-08-26,2023-08-14,2023-09-13,DEFAULT,101,COMPLETE,SECOND
L001826,B5389,Lisa Smith,,USDA,CONSTRUCTION,PA,61947,PHH Mortgage,641690.00,466206.81,3.783,2225.22,2011-06-20,2041-06-20,2019-01-13,2019-02-12,CURRENT,0,COMPLETE,FIRST
L007261,B8142,Joseph Martinez,James Garcia,CONVENTIONAL,HOME_EQUITY,UT,44865,Bank of America,388860.00,263366.51,5.923,2111.28,2015-04-15,2025-04-15,2025-03-08,2025-04-07,CURRENT,0,COMPLETE,SECOND
L003317,B1660,Joseph Thomas,,USDA,CONSTRUCTION,MT,43606,US Bank,283391.00,128931.67,5.757,1495.53,2018-09-10,2028-09-10,2029-01-05,2029-02-04,CURRENT,0,COMPLETE,SECOND
L003006,B8544,Susan Smith,,FIXED,CASH_OUT_REFINANCE,KS,58479,PHH Mortgage,438646.00,194694.83,2.614,1051.07,2011-09-15,2026-09-15,2013-08-15,2013-09-14,CURRENT,0,COMPLETE,SECOND
L005490,B9913,Michael Miller,,CONVENTIONAL,PURCHASE,OK,34448,Caliber Home Loans,113953.00,0.00,4.989,521.14,2013-11-23,2023-11-23,2017-06-16,2017-07-16,PAID_OFF,0,COMPLETE,FIRST
L004808,B3460,Robert Garcia,,CONVENTIONAL,CONSTRUCTION,CT,69386,SunTrust Mortgage,255439.00,172421.16,4.115,963.54,2021-10-19,2041-10-19,2031-09-15,2031-10-15,CURRENT,0,COMPLETE,FIRST
L003892,B9609,Jennifer Smith,,CONVENTIONAL,PURCHASE,NH,38227,PNC Bank,303483.00,111257.84,7.316,2035.26,2011-01-27,2026-01-27,2019-12-26,2020-01-25,DEFAULT,180,COMPLETE,FIRST
L002618,B8663,Thomas Moore,,CONVENTIONAL,HOME_EQUITY,NC,82373,Green Tree Servicing,53716.00,0.00,7.876,387.81,2013-07-06,2043-07-06,2014-09-16,2014-10-16,PAID_OFF,0,COMPLETE,FIRST
L000532,B3138,Richard Wilson,,VA,PURCHASE,IL,28844,Flagstar Bank,525745.00,212619.91,6.307,3039.55,2018-01-12,2033-01-12,2024-06-23,2020-11-18,DELINQUENT,45,COMPLETE,FIRST
L005804,B1995,Jennifer Williams,Patricia Miller,JUMBO,PURCHASE,MN,61822,US Bank,480968.00,247950.87,5.342,2355.22,2015-05-17,2030-05-17,2015-07-10,2015-08-09,CURRENT,0,COMPLETE,FIRST
L009658,B9109,Barbara Wilson,,CONVENTIONAL,PURCHASE,VT,76352,Freedom Mortgage,718018.00,397892.54,8.115,5341.16,2015-02-16,2030-02-16,2022-11-19,2022-12-19,CURRENT,0,COMPLETE,FIRST
L001037,B8955,David Jackson,,ARM,REFINANCE,AL,12893,JPMorgan Chase Bank,273768.00,93820.52,7.011,1759.44,2017-08-08,2027-08-08,2025-05-05,2025-06-04,CURRENT,0,INCOMPLETE,FIRST
L005797,B1463,Patricia Thompson,,JUMBO,PURCHASE,HI,16062,PNC Bank,444247.00,351144.27,3.239,1319.01,2012-01-07,2027-01-07,2016-09-13,2016-10-13,CURRENT,0,COMPLETE,SECOND
L006692,B4462,Patricia Lee,,FHA,CASH_OUT_REFINANCE,NV,18558,Flagstar Bank,687156.00,208515.59,5.726,3606.77,2020-08-05,2035-08-05,2025-07-28,2025-08-27,CURRENT,0,COMPLETE,FIRST
L007697,B7289,Linda Davis,,ARM,CASH_OUT_REFINANCE,MO,12633,Freedom Mortgage,71819.00,35935.65,3.523,231.93,2018-01-22,2038-01-22,2022-12-24,2023-01-23,CURRENT,0,COMPLETE,SECOND
L000570,B2107,Linda Davis,Jennifer Thomas,FIXED,CONSTRUCTION,UT,18437,Wells Fargo Home Mortgage,-97111.00,55883.60,2.677,238.30,2013-07-27,2028-07-27,2014-09-25,2014-10-25,DELINQUENT,78,COMPLETE,SECOND
L000023,B6736,Lisa Lee,David Smith,FHA,CASH_OUT_REFINANCE,WY,50499,PNC Bank,633286.00,391562.03,4.705,2731.31,2016-04-01,2031-04-01,2025-05-20,2025-06-19,CURRENT,0,,SECOND
L008142,B9829,Thomas Smith,,ARM,HOME_EQUITY,AZ,78414,Green Tree Servicing,501117.00,149605.89,6.926,3181.51,2011-06-22,2026-06-22,2018-04-26,2018-05-26,CURRENT,0,COMPLETE,SECOND
L009022,B3492,Joseph Wilson,,ARM,CASH_OUT_REFINANCE,VA,18348,Caliber Home Loans,761964.00,524147.48,2.764,1930.56,2014-05-22,2034-05-22,2015-08-07,2015-09-06,CURRENT,0,COMPLETE,SECOND
L006204,B9644,Lisa Taylor,,FHA,PURCHASE,RI,16373,Caliber Home Loans,371307.00,220162.04,2.689,915.24,2022-06-25,2052-06-25,2027-05-15,2027-06-14,DELINQUENT,51,COMPLETE,SECOND
L002761,B5789,Patricia Williams,,VA,HOME_EQUITY,ME,34338,Green Tree Servicing,123591.00,46248.36,3.836,434.59,2019-11-26,2034-11-26,2022-10-19,2022-11-18,CURRENT,0,COMPLETE,FIRST
L002032,B6317,Barbara White,,JUMBO,REFINANCE,MD,42519,Caliber Home Loans,407223.00,317422.12,6.597,2462.58,2017-08-01,2027-08-01,2024-04-03,2024-05-03,CURRENT,0,COMPLETE,SECOND
L001381,B8957,John Jackson,Robert Brown,USDA,CASH_OUT_REFINANCE,CT,12126,Bank of America,670419.00,500727.75,3.098,1903.88,2022-03-11,2052-03-11,2022-12-06,2023-01-05,CURRENT,0,INCOMPLETE,SECOND
L006604,B1201,Jennifer Garcia,Jessica White,JUMBO,HOME_EQUITY,DC,73537,Citimortgage,480382.00,0.00,6.414,2824.41,2012-02-27,2032-02-27,2015-06-11,2015-07-11,CLOSED,0,COMPLETE,SECOND
L002157,B1210,Charles Anderson,,JUMBO,REFINANCE,UT,96680,JPMorgan Chase Bank,304630.00,0.00,7.509,2096.84,2022-02-11,2032-02-11,2029-11-23,2029-12-23,PAID_OFF,0,COMPLETE,SECOND
L002721,B2363,Karen Garcia,,FIXED,CONSTRUCTION,NJ,60507,JPMorgan Chase Bank,778357.00,678685.70,7.667,5470.36,2014-11-29,2029-11-29,2023-04-26,2023-05-26,DEFAULT,118,COMPLETE,SECOND
L001593,B7114,Barbara Lee,,USDA,CONSTRUCTION,NY,83520,Wells Fargo Home Mortgage,52709.00,44593.15,5.399,260.86,2020-10-29,2030-10-29,2028-01-18,2028-02-17,CURRENT,0,COMPLETE,SECOND
L001966,B5246,Mary Moore,,FIXED,CASH_OUT_REFINANCE,OR,24202,Caliber Home Loans,545226.00,218892.98,6.611,3304.11,2011-02-19,2041-02-19,2011-10-14,2011-11-13,DEFAULT,129,COMPLETE,FIRST
L000989,B8570,Sarah Anderson,,FIXED,HOME_EQUITY,NC,19442,Caliber Home Loans,685405.00,304088.99,6.724,4224.61,2022-11-02,2052-11-02,2026-12-31,2027-01-30,CURRENT,0,INCOMPLETE,SECOND
L005642,B8200,Charles Moore,Thomas Williams,VA,REFINANCE,MO,51522,Flagstar Bank,621759.00,383881.70,7.625,4345.84,2015-07-09,2025-07-09,2020-09-15,2020-10-15,CURRENT,0,COMPLETE,SECOND
L001252,B9036,Joseph Smith,,FIXED,CASH_OUT_REFINANCE,IA,90051,US Bank,175827.00,0.00,5.871,946.26,2019-05-23,2039-05-23,2030-04-20,2030-05-20,PAID_OFF,0,COMPLETE,FIRST
L005348,B1262,Michael Hernandez,William Thomas,FHA,HOME_EQUITY,WA,55294,Bank of America,762121.00,0.00,7.18,5016.03,2012-12-09,2042-12-09,2020-05-21,2020-06-20,CLOSED,0,COMPLETE,FIRST
L001119,B7445,Mary Thomas,Robert Brown,VA,CASH_OUT_REFINANCE,MS,90121,SunTrust Mortgage,557456.00,0.00,4.146,2118.61,2017-09-10,2047-09-10,2024-01-15,2024-02-14,PAID_OFF,0,COMPLETE,SECOND
L008591,B6361,Lisa Williams,,VA,CONSTRUCTION,AZ,22829,SunTrust Mortgage,621007.00,426970.41,8.135,4630.90,2018-12-16,2038-12-16,2029-05-11,2029-06-10,CURRENT,0,MISSING,SECOND
L007500,B8275,Joseph Wilson,,FHA,REFINANCE,IA,71697,PNC Bank,175860.00,65613.87,2.639,425.42,2011-02-01,2031-02-01,2014-08-05,2014-09-04,DELINQUENT,43,COMPLETE,FIRST
L003227,B5106,Joseph Jackson,,CONVENTIONAL,REFINANCE,OK,73067,Citimortgage,271958.00,0.00,3.513,875.77,2010-10-06,2025-10-06,2012-11-03,2012-12-03,PAID_OFF,0,COMPLETE,FIRST
L002709,B9580,James Smith,Charles Williams,FIXED,PURCHASE,MD,96231,Citimortgage,59718.00,33149.39,4.732,259.04,2016-09-01,2031-09-01,2017-12-04,2018-01-03,CURRENT,0,COMPLETE,FIRST
L005020,B2214,Thomas Johnson,,ARM,REFINANCE,CT,79171,Flagstar Bank,602968.00,509547.71,4.827,2667.98,2016-01-03,2031-01-03,2022-01-18,2022-02-17,CURRENT,0,COMPLETE,SECOND
L003596,B1494,Charles Anderson,Michael Hernandez,USDA,REFINANCE,LA,59913,Nationstar Mortgage,241110.00,77935.34,5.247,1159.68,2018-02-19,2038-02-19,2025-05-01,2025-05-31,CURRENT,0,COMPLETE,FIRST
L008488,B8027,Jessica Smith,,CONVENTIONAL,REFINANCE,WI,46996,Flagstar Bank,773875.00,512209.47,6.461,4583.34,2015-09-28,2030-09-28,2025-06-05,2025-07-05,CURRENT,0,COMPLETE,SECOND
L002698,B7056,David Hernandez,,ARM,HOME_EQUITY,VT,34795,Quicken Loans,456711.00,365664.65,5.157,2158.99,2010-08-04,2025-08-04,2017-02-14,2017-03-16,DELINQUENT,32,COMPLETE,SECOND
L001423,B4284,Barbara Martin,,FHA,CONSTRUCTION,WA,43177,Citimortgage,54555.00,0.00,3.177,158.88,2013-02-07,2028-02-07,2013-06-27,2013-07-27,PAID_OFF,0,COMPLETE,FIRST
L002403,B9044,William Smith,,ARM,CONSTRUCTION,UT,32754,PNC Bank,161328.00,65374.53,5.02,742.38,2016-06-16,2026-06-16,2023-02-11,2023-03-13,CURRENT,0,COMPLETE,FIRST
L005381,B6214,Jennifer Miller,Linda Wilson,CONVENTIONAL,HOME_EQUITY,MS,22876,Flagstar Bank,633782.00,302002.99,4.752,2760.75,2016-10-29,2036-10-29,2020-06-15,2020-07-15,CURRENT,0,COMPLETE,SECOND
L004350,B6325,Richard Lee,,FHA,REFINANCE,WV,70000,PNC Bank,689434.00,341820.03,4.0,2527.92,2022-10-08,2052-10-08,2030-07-11,2030-08-10,CURRENT,0,COMPLETE,FIRST
L000917,B6914,Jessica Hernandez,William Thompson,USDA,CONSTRUCTION,MI,68953,Nationstar Mortgage,186079.00,63440.76,3.91,666.94,2021-07-14,2041-07-14,2026-02-15,2026-03-17,CURRENT,0,COMPLETE,SECOND
L001162,B5429,Patricia Anderson,,USDA,HOME_EQUITY,CT,21916,Bank of America,411702.00,147066.69,7.463,2816.49,2018-01-20,2038-01-20,2019-05-23,2019-06-22,CURRENT,0,COMPLETE,SECOND
L008638,B2812,Charles Moore,,VA,PURCHASE,SD,49076,Caliber Home Loans,568764.00,448523.54,5.224,2723.62,2022-09-22,2052-09-22,2031-02-07,2031-03-09,CURRENT,0,COMPLETE,SECOND
L009577,B4406,Mary Taylor,,FIXED,CONSTRUCTION,TX,45039,Citimortgage,251844.00,171938.09,7.961,1837.85,2015-11-14,2045-11-14,2018-04-15,2018-05-15,CURRENT,0,COMPLETE,FIRST
L003724,B6046,Sarah Thomas,Barbara Williams,FHA,REFINANCE,LA,13056,SunTrust Mortgage,437910.00,265528.17,3.327,1335.52,2020-09-27,2035-09-27,2031-09-06,2031-10-06,DEFAULT,188,COMPLETE,SECOND
L001668,B3715,Thomas Thomas,,VA,HOME_EQUITY,NH,59620,Citimortgage,387766.00,125371.40,3.855,1370.27,2010-11-03,2040-11-03,2021-05-12,2021-06-11,CURRENT,0,COMPLETE,SECOND
L007898,B8501,Robert Jackson,Robert Martinez,FIXED,PURCHASE,NJ,34110,PNC Bank,393128.00,217654.74,7.756,2795.01,2010-04-17,2020-04-17,2014-07-18,2014-08-17,CURRENT,0,INCOMPLETE,FIRST
L001812,B1642,Sarah Taylor,William Lee,FHA,CONSTRUCTION,LA,92952,SunTrust Mortgage,449609.00,303348.64,3.863,1592.10,2011-12-10,2041-12-10,2017-10-18,2017-11-17,CURRENT,0,COMPLETE,FIRST
L007184,B9764,Karen Taylor,,CONVENTIONAL,CASH_OUT_REFINANCE,ME,77078,Flagstar Bank,736304.00,525571.02,5.961,4023.35,2020-06-04,2030-06-04,2021-08-20,2021-09-19,CURRENT,0,INCOMPLETE,SECOND
L001201,B9155,Lisa Moore,Richard Smith,FHA,CASH_OUT_REFINANCE,AZ,48367,Caliber Home Loans,581302.00,467573.77,3.091,1647.07,2018-02-15,2038-02-15,2019-12-10,2020-01-09,CURRENT,0,INCOMPLETE,SECOND
L001716,B3128,Richard Anderson,Joseph Davis,VA,CASH_OUT_REFINANCE,FL,25581,US Bank,631252.00,579113.75,4.498,2602.76,2010-12-21,2025-12-21,2013-07-26,2013-08-25,CURRENT,0,MISSING,SECOND
L001502,B4568,John White,,FHA,CASH_OUT_REFINANCE,NH,83092,JPMorgan Chase Bank,683084.00,0.00,6.293,3940.43,2013-04-06,2033-04-06,2022-01-22,2022-02-21,CLOSED,0,INCOMPLETE,SECOND
L003026,B4755,Charles Thompson,,USDA,HOME_EQUITY,ND,40745,Wells Fargo Home Mortgage,606130.00,500152.50,3.372,1873.55,2016-03-06,2036-03-06,2017-09-29,2017-10-29,CURRENT,0,COMPLETE,FIRST
L000679,B6054,William Davis,,FHA,CASH_OUT_REFINANCE,CA,31402,Caliber Home Loans,240407.00,-110508.78,3.105,684.26,2021-12-18,2031-12-18,2030-10-14,2030-11-13,CURRENT,0,COMPLETE,SECOND
L009151,B1491,James Garcia,,ARM,CONSTRUCTION,MA,98062,JPMorgan Chase Bank,64161.00,41967.49,2.638,155.15,2010-11-13,2040-11-13,2018-06-06,2018-07-06,CURRENT,0,INCOMPLETE,FIRST
L005273,B7596,Richard Miller,,CONVENTIONAL,REFINANCE,MO,47754,JPMorgan Chase Bank,738704.00,489331.38,3.673,2487.15,2013-01-18,2043-01-18,2017-09-28,2017-10-28,CURRENT,0,INCOMPLETE,SECOND
L009098,B7127,Joseph Thompson,,FHA,CONSTRUCTION,NM,65657,PNC Bank,307960.00,168071.70,4.11,1160.24,2014-10-25,2044-10-25,2015-05-14,2015-06-13,CURRENT,0,COMPLETE,FIRST
L008929,B9268,David Taylor,,FIXED,CASH_OUT_REFINANCE,NJ,78553,PNC Bank,399608.00,174019.68,6.815,2496.38,2010-06-03,2030-06-03,2011-07-16,2011-08-15,CURRENT,0,COMPLETE,FIRST
L005953,B8502,Richard Hernandez,,CONVENTIONAL,REFINANCE,OH,82613,Citimortgage,729508.00,0.00,6.048,4044.39,2016-09-02,2031-09-02,2020-05-02,2020-06-01,CLOSED,0,COMPLETE,FIRST
L006139,B8223,Jennifer Jackson,,FHA,REFINANCE,NM,31917,Bank of America,284991.00,197222.18,5.547,1449.11,2011-03-28,2026-03-28,2014-01-23,2014-02-22,DEFAULT,192,COMPLETE,SECOND
L006620,B6143,William Davis,,FIXED,HOME_EQUITY,NE,77100,PNC Bank,565839.00,230035.95,3.316,1719.96,2014-04-23,2034-04-23,2018-02-07,2018-03-09,CURRENT,0,COMPLETE,SECOND
L003895,B2477,Michael Garcia,Mary Smith,VA,REFINANCE,IL,86667,Flagstar Bank,453927.00,410416.04,8.391,3491.49,2016-06-06,2036-06-06,2019-12-27,2020-01-26,CURRENT,0,COMPLETE,SECOND
L008149,B8652,James Hernandez,,VA,CASH_OUT_REFINANCE,CT,55470,SunTrust Mortgage,606225.00,0.00,5.537,3076.95,2018-02-17,2028-02-17,2024-11-03,2024-12-03,PAID_OFF,0,COMPLETE,SECOND
L009878,B7031,John Williams,,FHA,CONSTRUCTION,OK,72031,Green Tree Servicing,413729.00,0.00,5.682,2154.91,2022-05-15,2042-05-15,2031-01-23,2031-02-22,CLOSED,0,COMPLETE,SECOND
L006305,B4061,Patricia Martinez,,USDA,PURCHASE,AR,23206,Freedom Mortgage,261335.00,0.00,6.445,1543.95,2011-07-05,2026-07-05,2018-04-08,2018-05-08,CLOSED,0,COMPLETE,SECOND
L006102,B3567,Jessica Miller,,JUMBO,CONSTRUCTION,SD,28465,Caliber Home Loans,296328.00,0.00,5.571,1513.27,2013-07-29,2033-07-29,2014-06-22,2014-07-22,PAID_OFF,0,COMPLETE,SECOND
L001121,B5237,Lisa Hernandez,,CONVENTIONAL,REFINANCE,MS,80041,Quicken Loans,573138.00,438940.84,4.344,2282.24,2018-09-21,2038-09-21,2024-11-14,2024-12-14,CURRENT,0,COMPLETE,SECOND
L006866,B2380,David Moore,Linda Miller,ARM,CONSTRUCTION,IN,35303,Wells Fargo Home Mortgage,164410.00,124805.10,2.924,440.67,2018-04-22,2048-04-22,2029-02-28,2029-03-30,DELINQUENT,46,COMPLETE,SECOND
L002370,B4394,Joseph Martin,Lisa Garcia,CONVENTIONAL,REFINANCE,MN,24628,Caliber Home Loans,663172.00,363058.21,7.486,4550.80,2012-05-08,2027-05-08,2017-10-25,2017-11-24,CURRENT,0,COMPLETE,FIRST
L003399,B3537,Charles Hernandez,,ARM,CASH_OUT_REFINANCE,MT,97817,Citimortgage,789196.00,0.00,8.216,5943.70,2014-10-17,2024-10-17,2021-07-14,2021-08-13,PAID_OFF,0,COMPLETE,SECOND
L003012,B4417,Jessica Garcia,,CONVENTIONAL,CONSTRUCTION,WA,62973,Freedom Mortgage,353369.00,129451.94,3.559,1152.84,2017-11-14,2027-11-14,2024-01-08,2024-02-07,CURRENT,0,COMPLETE,SECOND
L004762,B8971,Mary Anderson,,ARM,PURCHASE,MA,23491,US Bank,167221.00,51316.43,3.006,460.78,2018-07-01,2048-07-01,2022-02-16,2022-03-18,CURRENT,0,INCOMPLETE,FIRST
L000794,B5353,Susan Johnson,John Wilson,CONVENTIONAL,HOME_EQUITY,FL,80152,US Bank,,47812.19,8.389,795.68,2020-12-24,2030-12-24,2026-05-28,2026-06-27,CURRENT,0,COMPLETE,FIRST
L006019,B6149,Karen White,,USDA,HOME_EQUITY,AL,36955,SunTrust Mortgage,290571.00,114639.20,3.63,966.88,2022-09-29,2037-09-29,2030-12-02,2031-01-01,CURRENT,0,COMPLETE,SECOND
L006606,B2667,Linda Wilson,Karen Brown,FIXED,REFINANCE,IN,90830,JPMorgan Chase Bank,787613.00,639765.63,4.37,3155.05,2019-03-20,2039-03-20,2024-06-22,2024-07-22,DELINQUENT,81,COMPLETE,SECOND
L001296,B3527,Susan Smith,Michael Smith,CONVENTIONAL,CONSTRUCTION,CA,40198,Flagstar Bank,492078.00,350831.13,7.911,3568.43,2019-02-09,2029-02-09,2020-08-28,2020-09-27,CURRENT,0,COMPLETE,FIRST
L000525,B4436,Patricia Jackson,,JUMBO,CONSTRUCTION,MD,63790,PNC Bank,250444.00,341466.90,8.33,1912.35,2022-12-09,2032-12-09,2027-03-04,2027-04-03,PAID_OFF,0,COMPLETE,SECOND
L004324,B5497,William Thomas,,FHA,REFINANCE,MN,34562,SunTrust Mortgage,215301.00,145444.65,4.887,964.49,2016-05-04,2026-05-04,2024-08-18,2024-09-17,CURRENT,0,COMPLETE,FIRST
L003715,B5440,Jennifer Brown,John White,FIXED,CASH_OUT_REFINANCE,DC,28581,Caliber Home Loans,653269.00,549561.35,2.904,1739.00,2016-07-13,2046-07-13,2020-07-16,2020-08-15,CURRENT,0,INCOMPLETE,FIRST
L003660,B2441,Jennifer Martinez,Richard Thomas,ARM,CONSTRUCTION,CA,26795,Green Tree Servicing,258490.00,0.00,6.485,1536.62,2013-05-28,2023-05-28,2015-10-06,2015-11-05,PAID_OFF,0,MISSING,FIRST
L001807,B1227,Sarah Martin,,USDA,HOME_EQUITY,AK,64645,PHH Mortgage,248088.00,161154.56,6.597,1500.25,2020-08-05,2030-08-05,2030-01-02,2030-02-01,DEFAULT,215,COMPLETE,SECOND
L007662,B8151,Linda Taylor,,FIXED,CASH_OUT_REFINANCE,ME,86072,Nationstar Mortgage,661231.00,389292.79,5.676,3440.38,2010-12-26,2025-12-26,2015-10-30,2015-11-29,CURRENT,0,COMPLETE,FIRST
L004747,B7028,Linda Jackson,,USDA,PURCHASE,OK,53954,US Bank,798056.00,531215.05,8.025,5870.70,2020-05-16,2040-05-16,2021-07-17,2021-08-16,DELINQUENT,76,COMPLETE,FIRST
L003378,B2178,Thomas Miller,,VA,CONSTRUCTION,ID,32109,Flagstar Bank,577220.00,189427.66,5.13,2714.38,2012-10-29,2042-10-29,2023-01-17,2023-02-16,CURRENT,0,INCOMPLETE,SECOND
L004476,B1807,James Lee,,VA,CASH_OUT_REFINANCE,LA,26898,Flagstar Bank,456735.00,141192.78,4.943,2069.50,2018-05-11,2033-05-11,2022-04-10,2022-05-10,CURRENT,0,INCOMPLETE,SECOND
L003256,B1772,James Brown,,FIXED,PURCHASE,DC,53831,PNC Bank,267571.00,159598.29,8.468,2076.98,2013-08-11,2023-08-11,2018-07-23,2018-08-22,DEFAULT,328,COMPLETE,SECOND
L001878,B4005,John Smith,,USDA,CONSTRUCTION,PA,22746,Citimortgage,258467.00,88447.54,4.976,1178.95,2015-08-20,2045-08-20,2022-08-26,2022-09-25,CURRENT,0,COMPLETE,SECOND
L002329,B7936,Susan Miller,Susan Wilson,FIXED,REFINANCE,SC,83841,Freedom Mortgage,191738.00,123653.48,5.726,1006.40,2012-09-03,2027-09-03,2018-05-16,2018-06-15,CURRENT,0,COMPLETE,FIRST
L008393,B8689,Sarah Lee,,CONVENTIONAL,HOME_EQUITY,WY,11851,Citimortgage,706136.00,0.00,6.207,4017.74,2012-06-28,2042-06-28,2019-04-21,2019-05-21,PAID_OFF,0,MISSING,SECOND
L007735,B5787,Michael White,,ARM,CASH_OUT_REFINANCE,KS,50430,US Bank,408480.00,334406.64,6.145,2300.93,2013-04-15,2043-04-15,2022-07-19,2022-08-18,CURRENT,0,INCOMPLETE,FIRST
L000064,B5571,Karen Wilson,Charles Lee,JUMBO,CONSTRUCTION,MA,55237,Citimortgage,635196.00,424288.78,4.291,2498.49,2016-09-04,2036-09-04,2024-08-30,2024-09-29,CURRENT,0,,FIRST
L000130,B5240,William Brown,Joseph Johnson,FHA,HOME_EQUITY,CO,66774,Green Tree Servicing,,99759.25,2.631,310.22,2011-06-13,2026-06-13,2021-08-25,2021-09-24,DELINQUENT,83,MISSING,SECOND
L002209,B2931,Barbara Wilson,,ARM,REFINANCE,AR,84448,JPMorgan Chase Bank,634155.00,208975.28,3.252,1890.42,2014-09-28,2044-09-28,2020-04-18,2020-05-18,CURRENT,0,COMPLETE,FIRST
L003337,B8420,Joseph Jackson,,USDA,PURCHASE,NH,68170,PNC Bank,654577.00,350439.20,4.403,2641.93,2012-12-21,2032-12-21,2015-11-15,2015-12-15,DEFAULT,282,COMPLETE,FIRST
L006715,B2587,David Hernandez,,FIXED,PURCHASE,ID,96234,SunTrust Mortgage,774300.00,641920.55,8.008,5683.88,2021-12-29,2036-12-29,2027-07-07,2027-08-06,CURRENT,0,COMPLETE,FIRST
L009720,B2136,Patricia Williams,,FIXED,HOME_EQUITY,MN,55270,PNC Bank,528160.00,360591.62,6.482,3138.24,2014-01-03,2044-01-03,2020-07-19,2020-08-18,CURRENT,0,COMPLETE,FIRST
L008632,B1987,Susan Jackson,,ARM,CASH_OUT_REFINANCE,MO,15791,Citimortgage,485861.00,358630.64,3.819,1700.88,2010-08-30,2030-08-30,2015-11-08,2015-12-08,DELINQUENT,42,COMPLETE,SECOND
L009109,B2532,Thomas Anderson,,USDA,HOME_EQUITY,NV,13052,US Bank,407807.00,176000.40,4.456,1665.76,2018-09-12,2038-09-12,2019-12-25,2020-01-24,CURRENT,0,COMPLETE,SECOND
L009833,B5601,Robert Johnson,,FIXED,CASH_OUT_REFINANCE,MT,10168,PNC Bank,677784.00,463278.54,4.068,2527.46,2012-01-09,2022-01-09,2020-03-15,2020-04-14,CURRENT,0,INCOMPLETE,SECOND
L002519,B8360,Joseph Jackson,,FIXED,CONSTRUCTION,ME,81410,Nationstar Mortgage,75643.00,57131.42,8.429,584.46,2014-10-28,2034-10-28,2023-07-04,2023-08-03,CURRENT,0,MISSING,SECOND
L007041,B1082,James Martinez,Michael White,JUMBO,CASH_OUT_REFINANCE,ME,20327,Flagstar Bank,559788.00,267472.07,3.282,1684.12,2020-09-12,2040-09-12,2028-10-14,2028-11-13,DEFAULT,203,COMPLETE,SECOND
L009243,B8842,Jennifer Lee,,USDA,HOME_EQUITY,HI,12150,PNC Bank,333385.00,276023.01,5.955,1819.87,2020-12-25,2040-12-25,2031-11-20,2031-12-20,DELINQUENT,40,MISSING,FIRST
L002319,B5682,David White,,FIXED,CONSTRUCTION,NJ,27699,Wells Fargo Home Mortgage,437040.00,297956.09,4.042,1619.31,2022-11-10,2032-11-10,2032-04-22,2032-05-22,CURRENT,0,COMPLETE,FIRST
L000125,B9872,Michael Martin,,JUMBO,CONSTRUCTION,WV,17850,Bank of America,413251.00,221566.53,6.316,2392.59,2010-03-20,2030-03-20,2025-11-03,2010-05-24,DEFAULT,143,COMPLETE,SECOND
L003213,B2820,Michael Smith,,JUMBO,REFINANCE,WY,41324,Citimortgage,778104.00,283886.91,7.677,5475.71,2013-10-15,2033-10-15,2020-04-21,2020-05-21,DELINQUENT,79,COMPLETE,FIRST
L007009,B8838,Patricia Thomas,,JUMBO,PURCHASE,ME,35098,US Bank,544879.00,304377.45,5.566,2780.06,2016-05-29,2036-05-29,2017-07-22,2017-08-21,CURRENT,0,MISSING,FIRST
L002598,B4135,Sarah Martinez,,FIXED,CONSTRUCTION,SC,42090,JPMorgan Chase Bank,653685.00,510533.51,6.424,3849.33,2014-11-01,2029-11-01,2018-07-13,2018-08-12,CURRENT,0,MISSING,SECOND
L001617,B1073,James Jones,,ARM,PURCHASE,CO,20783,PHH Mortgage,70327.00,31426.13,4.445,286.55,2010-12-05,2025-12-05,2016-12-01,2016-12-31,CURRENT,0,COMPLETE,SECOND
L004087,B1221,Susan Taylor,,ARM,CONSTRUCTION,FL,54413,Freedom Mortgage,525538.00,448303.30,2.889,1391.76,2013-04-04,2028-04-04,2019-12-19,2020-01-18,CURRENT,0,COMPLETE,SECOND
L002520,B4465,William Davis,,USDA,HOME_EQUITY,VT,82188,PHH Mortgage,561237.00,435557.03,3.038,1562.95,2019-11-11,2049-11-11,2020-01-12,2020-02-11,CURRENT,0,MISSING,FIRST
L007017,B5833,Linda Williams,,FHA,PURCHASE,ID,91334,Flagstar Bank,65966.00,58005.82,5.859,354.29,2014-06-19,2029-06-19,2017-04-21,2017-05-21,DELINQUENT,73,INCOMPLETE,FIRST
L007337,B1950,Lisa Wilson,,VA,CASH_OUT_REFINANCE,NJ,72915,Quicken Loans,348936.00,0.00,4.436,1418.89,2015-06-20,2045-06-20,2026-02-27,2026-03-29,PAID_OFF,0,COMPLETE,FIRST
L000208,B1004,John Williams,,ARM,HOME_EQUITY,AB,86406,PNC Bank,215092.00,117889.27,3.021,595.64,2016-03-10,2046-03-10,2020-03-25,2020-04-24,DELINQUENT,77,COMPLETE,SECOND
L008271,B6021,Thomas Martinez,Lisa Hernandez,JUMBO,REFINANCE,IL,18641,Citimortgage,749515.00,0.00,5.488,3770.56,2013-10-06,2028-10-06,2015-11-10,2015-12-10,CLOSED,0,COMPLETE,FIRST
L006798,B1368,Linda Garcia,,FHA,PURCHASE,FL,86032,JPMorgan Chase Bank,796277.00,384881.94,4.914,3586.83,2014-07-04,2024-07-04,2022-03-06,2022-04-05,CURRENT,0,COMPLETE,SECOND
L007869,B7367,Karen White,,JUMBO,CONSTRUCTION,UT,63542,Freedom Mortgage,662354.00,314835.86,7.365,4471.72,2020-09-06,2030-09-06,2024-06-29,2024-07-29,CURRENT,0,COMPLETE,FIRST
L003266,B3690,Linda Wilson,,USDA,PURCHASE,TN,19990,Caliber Home Loans,631046.00,250840.50,5.901,3413.49,2015-10-01,2045-10-01,2018-06-23,2018-07-23,DEFAULT,265,INCOMPLETE,FIRST
L006265,B9004,Richard Brown,,ARM,PURCHASE,DC,58251,JPMorgan Chase Bank,768021.00,386312.97,6.454,4543.74,2020-11-26,2030-11-26,2022-03-21,2022-04-20,CURRENT,0,COMPLETE,SECOND
L001509,B5008,Thomas Hernandez,,VA,CONSTRUCTION,CO,45909,Wells Fargo Home Mortgage,435724.00,365872.79,2.544,1016.11,2016-11-25,2046-11-25,2021-08-05,2021-09-04,CURRENT,0,COMPLETE,SECOND
L009433,B2190,Barbara Jones,,CONVENTIONAL,CASH_OUT_REFINANCE,NH,92843,Citimortgage,161450.00,111639.13,7.814,1156.44,2014-07-15,2024-07-15,2022-07-23,2022-08-22,DEFAULT,179,COMPLETE,FIRST
L000336,B5646,John Jackson,,VA,REFINANCE,NV,11675,Flagstar Bank,529142.00,252795.57,6.102,2959.76,2016-12-30,2046-12-30,2019-08-12,2019-09-11,CURRENT,0,,SECOND
L000194,B4485,Robert Moore,,CONVENTIONAL,CONSTRUCTION,IA,57692,Nationstar Mortgage,-88436.00,46810.81,5.81,471.00,2022-03-11,2052-03-11,2029-08-09,2029-09-08,DEFAULT,238,INCOMPLETE,FIRST
L009913,B3884,Jennifer Miller,,VA,CONSTRUCTION,NC,88734,PHH Mortgage,685180.00,358850.50,4.471,2808.15,2021-05-03,2051-05-03,2022-01-18,2022-02-17,CURRENT,0,INCOMPLETE,FIRST
L006660,B1500,Charles Martin,,FHA,REFINANCE,CO,65905,JPMorgan Chase Bank,202664.00,104142.76,6.85,1272.56,2016-01-29,2046-01-29,2020-11-15,2020-12-15,CURRENT,0,COMPLETE,SECOND
L004651,B3658,Robert Jones,,FIXED,PURCHASE,IL,76785,PNC Bank,570354.00,214808.36,3.641,1903.60,2017-11-10,2037-11-10,2026-11-26,2026-12-26,CURRENT,0,COMPLETE,SECOND
L003386,B9715,Sarah Thomas,,FHA,PURCHASE,FL,82614,Wells Fargo Home Mortgage,312353.00,99539.72,6.876,1968.76,2017-10-11,2037-10-11,2021-07-20,2021-08-19,CURRENT,0,COMPLETE,SECOND
L008774,B1166,John Smith,,FIXED,CASH_OUT_REFINANCE,HI,57781,Nationstar Mortgage,67779.00,33826.20,7.59,471.57,2017-07-05,2032-07-05,2019-06-05,2019-07-05,CURRENT,0,COMPLETE,SECOND
L007964,B8946,Karen Davis,,FHA,CONSTRUCTION,AZ,82290,Bank of America,298160.00,150917.08,7.362,2012.13,2020-04-19,2030-04-19,2028-10-19,2028-11-18,CURRENT,0,COMPLETE,SECOND
L004307,B6633,Barbara White,,VA,REFINANCE,AK,25970,PNC Bank,123945.00,54970.00,4.875,553.88,2019-03-25,2029-03-25,2021-09-21,2021-10-21,CURRENT,0,INCOMPLETE,FIRST
L008698,B2277,Robert Martinez,Mary Jackson,JUMBO,REFINANCE,DC,51430,PHH Mortgage,116090.00,0.00,7.185,764.60,2011-11-30,2026-11-30,2014-10-10,2014-11-09,PAID_OFF,0,COMPLETE,SECOND
L000146,B2425,Lisa Thompson,,JUMBO,PURCHASE,AL,64321,Bank of America,456951.00,267052.85,5.838,2445.37,2022-05-20,2042-05-20,2032-01-26,2032-02-25,PENDING,0,INCOMPLETE,FIRST
L008884,B4949,Lisa Smith,,VA,CONSTRUCTION,MA,72921,Nationstar Mortgage,334271.00,243107.80,6.025,1846.15,2017-08-04,2027-08-04,2020-04-28,2020-05-28,CURRENT,0,COMPLETE,FIRST
L004190,B1493,Joseph Jackson,,CONVENTIONAL,HOME_EQUITY,OR,43888,Flagstar Bank,120299.00,82421.73,4.371,482.01,2016-02-04,2046-02-04,2017-06-12,2017-07-12,CURRENT,0,COMPLETE,SECOND
L001477,B7079,David Miller,,USDA,REFINANCE,AK,94790,US Bank,513012.00,232944.48,4.772,2244.09,2014-02-22,2024-02-22,2015-06-18,2015-07-18,DELINQUENT,70,COMPLETE,FIRST
L005684,B8415,Thomas Thomas,,ARM,HOME_EQUITY,AL,53550,JPMorgan Chase Bank,795518.00,656199.77,7.153,5216.15,2010-03-14,2040-03-14,2012-04-10,2012-05-10,CURRENT,0,MISSING,SECOND
L003275,B5850,John Jones,,FHA,PURCHASE,MI,90880,Flagstar Bank,322201.00,154262.47,4.81,1420.64,2014-10-07,2029-10-07,2020-12-12,2021-01-11,CURRENT,0,INCOMPLETE,SECOND
L007310,B3254,John Jackson,,VA,CONSTRUCTION,HI,49542,Bank of America,672290.00,366646.59,3.392,2090.37,2012-01-06,2027-01-06,2016-09-10,2016-10-10,DEFAULT,185,COMPLETE,SECOND
L008749,B9090,Lisa Garcia,Charles Wilson,USDA,REFINANCE,RI,65465,Wells Fargo Home Mortgage,306286.00,104373.24,8.092,2271.93,2015-12-10,2030-12-10,2020-08-19,2020-09-18,CURRENT,0,INCOMPLETE,FIRST
L005071,B7146,Barbara Taylor,,CONVENTIONAL,CONSTRUCTION,MO,14745,Freedom Mortgage,448070.00,0.00,4.413,1812.56,2016-09-24,2031-09-24,2017-07-01,2017-07-31,PAID_OFF,0,COMPLETE,FIRST
L001858,B1253,Joseph Martin,,FIXED,CONSTRUCTION,NE,38448,Flagstar Bank,94705.00,0.00,7.324,635.82,2022-09-18,2052-09-18,2024-06-25,2024-07-25,PAID_OFF,0,COMPLETE,SECOND
L006547,B8723,Lisa Williams,Richard Thomas,USDA,HOME_EQUITY,CO,49475,Freedom Mortgage,526631.00,195431.88,6.462,3119.50,2013-07-29,2028-07-29,2019-11-08,2019-12-08,CURRENT,0,COMPLETE,SECOND
L006861,B1312,Susan Johnson,,USDA,CONSTRUCTION,NV,17459,Freedom Mortgage,117328.00,43384.54,2.764,297.27,2019-03-05,2039-03-05,2027-09-24,2027-10-24,CURRENT,0,INCOMPLETE,SECOND
L003193,B9370,Charles Thomas,,CONVENTIONAL,REFINANCE,DE,59413,Caliber Home Loans,285121.00,128490.41,3.837,1002.84,2021-09-17,2036-09-17,2031-03-31,2031-04-30,DELINQUENT,64,COMPLETE,SECOND
L005666,B9731,William Jones,Robert Jones,CONVENTIONAL,CASH_OUT_REFINANCE,RI,58447,Caliber Home Loans,631772.00,0.00,2.699,1563.06,2020-04-07,2035-04-07,2023-06-07,2023-07-07,PAID_OFF,0,COMPLETE,FIRST
L008811,B2057,Charles White,,ARM,CASH_OUT_REFINANCE,WY,26846,Freedom Mortgage,294669.00,264197.66,6.596,1781.67,2016-01-13,2031-01-13,2017-01-30,2017-03-01,CURRENT,0,COMPLETE,FIRST
L009244,B5468,Robert Davis,,FHA,HOME_EQUITY,DC,20358,Wells Fargo Home Mortgage,231444.00,92330.04,7.364,1562.32,2022-05-13,2037-05-13,2029-05-25,2029-06-24,CURRENT,0,COMPLETE,SECOND
L007911,B4612,James Thompson,Patricia Jackson,ARM,PURCHASE,OH,54988,Wells Fargo Home Mortgage,228580.00,164077.53,3.082,645.78,2010-03-27,2040-03-27,2017-06-11,2017-07-11,DELINQUENT,32,COMPLETE,FIRST
L007694,B1593,Jessica Moore,Thomas Johnson,ARM,REFINANCE,WY,85318,SunTrust Mortgage,610529.00,0.00,3.652,2043.85,2019-01-29,2049-01-29,2029-05-17,2029-06-16,CLOSED,0,COMPLETE,SECOND
L003979,B2599,Charles Hernandez,,FIXED,CONSTRUCTION,CT,14043,Flagstar Bank,644854.00,333869.21,3.55,2098.46,2021-06-05,2036-06-05,2023-01-31,2023-03-02,CURRENT,0,COMPLETE,FIRST
L003318,B2052,Jennifer Anderson,,JUMBO,REFINANCE,NH,11931,PHH Mortgage,175829.00,127315.63,5.774,930.63,2011-11-02,2021-11-02,2013-02-07,2013-03-09,CURRENT,0,INCOMPLETE,FIRST
L008029,B4878,Karen Smith,,USDA,PURCHASE,NV,46846,JPMorgan Chase Bank,579661.00,497045.39,7.077,3760.41,2020-12-25,2040-12-25,2026-03-06,2026-04-05,DELINQUENT,44,COMPLETE,SECOND
L008105,B9081,Jessica Thomas,Charles Smith,USDA,HOME_EQUITY,NM,41220,SunTrust Mortgage,595746.00,258589.11,3.988,2177.85,2022-09-22,2052-09-22,2024-10-08,2024-11-07,DELINQUENT,34,COMPLETE,SECOND
L002391,B9884,David Jackson,,USDA,REFINANCE,NH,85795,Freedom Mortgage,289002.00,115892.85,3.611,956.62,2011-07-06,2021-07-06,2021-03-11,2021-04-10,DEFAULT,229,COMPLETE,SECOND
L004840,B9430,William Lee,,ARM,HOME_EQUITY,AZ,24735,JPMorgan Chase Bank,163464.00,49032.25,4.714,706.36,2011-07-07,2021-07-07,2018-11-13,2018-12-13,CURRENT,0,MISSING,SECOND
L004347,B4784,Jessica Davis,,FHA,HOME_EQUITY,UT,50372,Caliber Home Loans,715841.00,0.00,7.54,4947.65,2013-08-03,2028-08-03,2017-03-31,2017-04-30,PAID_OFF,0,COMPLETE,FIRST
L002994,B7736,David Davis,,CONVENTIONAL,CASH_OUT_REFINANCE,WI,35870,Flagstar Bank,564760.00,272149.03,4.76,2464.24,2012-07-19,2027-07-19,2016-05-22,2016-06-21,CURRENT,0,COMPLETE,FIRST
L007554,B9004,Michael Davis,John Martinez,ARM,PURCHASE,HI,63520,US Bank,301840.00,115811.88,8.271,2288.48,2021-05-09,2041-05-09,2027-06-04,2027-07-04,CURRENT,0,COMPLETE,SECOND
L003328,B1486,John Garcia,,FHA,CASH_OUT_REFINANCE,CA,82794,JPMorgan Chase Bank,621060.00,338684.72,5.454,3104.99,2021-01-27,2031-01-27,2027-11-20,2027-12-20,CURRENT,0,COMPLETE,SECOND
L001956,B5534,Charles Miller,Susan Brown,JUMBO,REFINANCE,HI,84787,Bank of America,625522.00,228483.46,8.237,4723.06,2015-09-09,2045-09-09,2021-06-04,2021-07-04,CURRENT,0,COMPLETE,FIRST
L008208,B9248,Karen Miller,William Jones,ARM,REFINANCE,WY,31163,Nationstar Mortgage,543245.00,356727.39,6.848,3410.13,2019-03-17,2039-03-17,2027-09-16,2027-10-16,DEFAULT,349,COMPLETE,FIRST
L002338,B5778,Mary Jackson,,FIXED,HOME_EQUITY,NJ,32767,PHH Mortgage,296126.00,175403.40,6.345,1722.34,2021-05-07,2051-05-07,2030-04-05,2030-05-05,CURRENT,0,COMPLETE,SECOND
L000981,B2390,Jennifer Smith,Karen Lee,JUMBO,REFINANCE,UT,19538,Freedom Mortgage,522645.00,337312.00,5.13,2457.74,2018-12-06,2033-12-06,2021-09-25,2021-10-25,DELINQUENT,61,COMPLETE,SECOND
L002061,B5434,Linda White,Susan Johnson,USDA,REFINANCE,IN,47742,Quicken Loans,487332.00,276980.21,6.632,2962.65,2013-05-17,2023-05-17,2014-07-05,2014-08-04,CURRENT,0,COMPLETE,FIRST
L001643,B9207,Jessica Smith,,USDA,PURCHASE,UT,87707,Wells Fargo Home Mortgage,425913.00,0.00,6.506,2540.07,2019-06-03,2049-06-03,2024-08-31,2024-09-30,PAID_OFF,0,COMPLETE,FIRST
L004037,B9880,Joseph Martinez,Mary Johnson,CONVENTIONAL,CASH_OUT_REFINANCE,OH,43233,Flagstar Bank,520873.00,0.00,2.751,1313.51,2020-07-17,2035-07-17,2021-06-23,2021-07-23,CLOSED,0,INCOMPLETE,FIRST
L001247,B1598,Sarah Moore,,CONVENTIONAL,CONSTRUCTION,IN,71735,PHH Mortgage,288963.00,156626.37,6.735,1783.99,2019-12-18,2039-12-18,2030-04-21,2030-05-21,CURRENT,0,COMPLETE,FIRST
L007537,B2191,Charles Smith,,FIXED,CONSTRUCTION,NC,90976,Citimortgage,146685.00,52593.78,7.784,1046.65,2017-04-02,2027-04-02,2021-12-11,2022-01-10,CURRENT,0,COMPLETE,SECOND
L005908,B3541,Karen Martin,,USDA,HOME_EQUITY,KS,67980,Wells Fargo Home Mortgage,594615.00,496322.64,3.398,1852.13,2019-07-23,2034-07-23,2026-03-18,2026-04-17,CURRENT,0,INCOMPLETE,SECOND
L009703,B7961,James Martin,,VA,REFINANCE,GA,79785,Bank of America,792558.00,677059.98,5.183,3765.51,2019-02-20,2049-02-20,2020-04-10,2020-05-10,CURRENT,0,COMPLETE,FIRST
L008800,B1610,John Martinez,,CONVENTIONAL,REFINANCE,NM,88738,Freedom Mortgage,526408.00,288090.31,2.737,1320.71,2021-12-08,2031-12-08,2029-02-16,2029-03-18,CURRENT,0,COMPLETE,FIRST
L005811,B2684,Patricia Moore,,VA,CONSTRUCTION,OR,60270,PNC Bank,454175.00,0.00,5.514,2295.63,2022-07-08,2032-07-08,2031-10-21,2031-11-20,PAID_OFF,0,COMPLETE,SECOND
L003817,B2356,Barbara Brown,Richard Hernandez,FHA,REFINANCE,OK,63944,Bank of America,452833.00,256299.72,4.434,1840.54,2021-03-04,2031-03-04,2024-03-03,2024-04-02,CURRENT,0,COMPLETE,SECOND
L001962,B8765,Thomas Williams,,ARM,HOME_EQUITY,AL,64481,SunTrust Mortgage,323093.00,105402.76,6.233,1846.02,2017-10-28,2037-10-28,2027-05-05,2027-06-04,CURRENT,0,COMPLETE,FIRST
L006542,B5964,James Johnson,,ARM,CONSTRUCTION,AZ,85681,Freedom Mortgage,755451.00,362105.91,6.226,4311.48,2020-09-14,2050-09-14,2027-10-20,2027-11-19,CURRENT,0,COMPLETE,SECOND
L004235,B6351,Mary Garcia,Susan Anderson,ARM,CASH_OUT_REFINANCE,CO,11861,Flagstar Bank,258757.00,140563.62,4.483,1063.34,2010-09-19,2020-09-19,2017-09-02,2017-10-02,CURRENT,0,COMPLETE,FIRST
L003226,B3744,Joseph Thompson,,USDA,HOME_EQUITY,FL,78869,Quicken Loans,380456.00,242896.03,3.021,1053.58,2010-05-07,2025-05-07,2012-04-29,2012-05-29,CURRENT,0,INCOMPLETE,SECOND
L001864,B6739,Barbara Smith,,VA,CONSTRUCTION,IL,47473,SunTrust Mortgage,781651.00,703504.07,7.272,5210.49,2018-09-30,2028-09-30,2025-11-05,2025-12-05,CURRENT,0,COMPLETE,FIRST
L000706,B1431,Barbara Davis,,FIXED,HOME_EQUITY,IN,73343,Green Tree Servicing,568513.00,689244.51,3.847,2004.81,2014-11-29,2029-11-29,2024-10-21,2024-11-20,CURRENT,0,COMPLETE,SECOND
L006096,B1077,Joseph Miller,,FHA,HOME_EQUITY,AK,45903,Citimortgage,771627.00,262817.72,4.97,3515.40,2021-09-24,2051-09-24,2024-04-20,2024-05-20,CURRENT,0,INCOMPLETE,SECOND
L007345,B6316,Robert Jackson,Lisa Wilson,USDA,CONSTRUCTION,UT,81348,PNC Bank,59852.00,22319.92,6.535,358.54,2017-07-30,2037-07-30,2017-10-02,2017-11-01,DELINQUENT,31,COMPLETE,SECOND
L004958,B2740,Thomas Wilson,,USDA,HOME_EQUITY,NY,71804,US Bank,446259.00,0.00,6.476,2649.14,2016-07-20,2036-07-20,2026-05-10,2026-06-09,PAID_OFF,0,INCOMPLETE,FIRST
L003482,B2627,Susan Martin,,VA,CONSTRUCTION,NC,15123,SunTrust Mortgage,350685.00,278157.38,6.655,2139.32,2010-03-24,2040-03-24,2011-06-11,2011-07-11,CURRENT,0,COMPLETE,FIRST
L002726,B2106,Charles White,,JUMBO,CONSTRUCTION,ID,22086,SunTrust Mortgage,182963.00,51192.59,4.067,682.10,2019-05-16,2029-05-16,2023-11-08,2023-12-08,CURRENT,0,COMPLETE,FIRST
L008748,B3345,Lisa Garcia,,FIXED,CASH_OUT_REFINANCE,MD,60131,US Bank,449279.00,170965.97,3.565,1468.21,2015-03-23,2030-03-23,2022-04-29,2022-05-29,CURRENT,0,COMPLETE,FIRST
L005156,B6806,David Thomas,,CONVENTIONAL,CONSTRUCTION,NH,39478,Green Tree Servicing,781005.00,341651.49,8.487,6076.02,2018-02-19,2033-02-19,2025-11-05,2025-12-05,CURRENT,0,COMPLETE,SECOND
L006210,B3835,Lisa Jones,,VA,CONSTRUCTION,ND,32572,Quicken Loans,660400.00,437197.78,2.752,1665.97,2020-06-21,2040-06-21,2023-03-22,2023-04-21,CURRENT,0,COMPLETE,FIRST
L001389,B9387,Lisa Johnson,,FIXED,PURCHASE,NE,73682,Bank of America,516699.00,0.00,7.168,3395.06,2012-04-20,2022-04-20,2012-06-03,2012-07-03,CLOSED,0,COMPLETE,FIRST
L005079,B7117,Mary Martin,,USDA,CASH_OUT_REFINANCE,SD,95999,US Bank,683458.00,479881.73,8.133,5095.35,2022-12-09,2037-12-09,2030-12-08,2031-01-07,DELINQUENT,60,INCOMPLETE,FIRST
L002758,B7517,Karen Martin,,ARM,CONSTRUCTION,MT,72851,Caliber Home Loans,495814.00,339145.89,4.992,2268.84,2012-09-12,2042-09-12,2014-09-06,2014-10-06,CURRENT,0,COMPLETE,FIRST
L001730,B8110,Mary White,Robert Thomas,ARM,PURCHASE,GA,94397,Citimortgage,140608.00,0.00,3.354,432.30,2021-07-12,2051-07-12,2032-04-20,2032-05-20,PAID_OFF,0,COMPLETE,SECOND
L004659,B5440,David Anderson,,JUMBO,CONSTRUCTION,WV,91824,Quicken Loans,244820.00,139724.94,7.481,1678.87,2020-09-22,2050-09-22,2030-07-12,2030-08-11,CURRENT,0,INCOMPLETE,SECOND
L008028,B8563,Karen Jones,,USDA,HOME_EQUITY,CA,99907,SunTrust Mortgage,317777.00,193545.39,6.015,1752.14,2020-03-08,2040-03-08,2020-08-15,2020-09-14,CURRENT,0,COMPLETE,FIRST
L008467,B8250,Susan White,,JUMBO,CONSTRUCTION,IN,71205,Caliber Home Loans,450375.00,408276.44,4.916,2029.54,2019-08-08,2034-08-08,2025-03-08,2025-04-07,DELINQUENT,86,COMPLETE,SECOND
L008182,B5681,James Brown,,JUMBO,HOME_EQUITY,IL,10139,Wells Fargo Home Mortgage,225515.00,77488.10,8.402,1736.88,2012-01-23,2032-01-23,2016-11-15,2016-12-15,CURRENT,0,MISSING,FIRST
L009339,B4017,Richard Thomas,,FIXED,PURCHASE,WY,74611,PHH Mortgage,330982.00,160578.11,6.027,1828.59,2020-08-13,2035-08-13,2026-05-23,2026-06-22,CURRENT,0,COMPLETE,SECOND
L004639,B1069,Michael Martin,Thomas Jackson,USDA,HOME_EQUITY,KS,93588,PHH Mortgage,587820.00,330931.22,3.916,2110.08,2014-08-17,2024-08-17,2019-07-08,2019-08-07,CURRENT,0,INCOMPLETE,FIRST
L004786,B6752,Richard Hernandez,,VA,HOME_EQUITY,MO,76722,JPMorgan Chase Bank,697455.00,412692.87,7.213,4611.51,2020-02-01,2030-02-01,2022-05-31,2022-06-30,CURRENT,0,INCOMPLETE,FIRST
L006153,B3648,Lisa Thomas,,CONVENTIONAL,CONSTRUCTION,MS,46234,Nationstar Mortgage,611053.00,344734.56,6.505,3643.66,2015-08-12,2035-08-12,2017-12-09,2018-01-08,CURRENT,0,COMPLETE,FIRST
L009731,B6228,Thomas Jones,,FIXED,HOME_EQUITY,NC,79038,Flagstar Bank,296384.00,208254.78,7.393,2008.57,2013-08-22,2023-08-22,2019-02-23,2019-03-25,DELINQUENT,85,COMPLETE,FIRST
L006597,B8098,Lisa Hernandez,Jessica Brown,VA,CASH_OUT_REFINANCE,OR,89547,US Bank,137010.00,113495.95,4.906,616.16,2011-09-10,2031-09-10,2012-04-04,2012-05-04,CURRENT,0,COMPLETE,FIRST
L009237,B4405,John Lee,Linda Thomas,FIXED,REFINANCE,OH,98823,PNC Bank,788667.00,0.00,3.041,2198.47,2016-04-17,2026-04-17,2017-01-24,2017-02-23,PAID_OFF,0,COMPLETE,SECOND
L006970,B4876,Mary Martinez,Robert Brown,CONVENTIONAL,PURCHASE,ID,45413,SunTrust Mortgage,724432.00,326203.95,5.232,3474.38,2022-02-02,2032-02-02,2027-09-16,2027-10-16,DELINQUENT,70,MISSING,FIRST
L001095,B6564,Karen Davis,,FHA,PURCHASE,AZ,94196,JPMorgan Chase Bank,151812.00,124756.64,3.667,510.30,2012-05-26,2027-05-26,2019-10-28,2019-11-27,CURRENT,0,COMPLETE,FIRST
L009442,B1541,Richard Brown,,JUMBO,CONSTRUCTION,NC,85170,US Bank,420964.00,135808.89,5.841,2253.95,2011-11-10,2026-11-10,2019-03-26,2019-04-25,CURRENT,0,COMPLETE,FIRST
L005868,B1483,Jennifer Anderson,,FIXED,CONSTRUCTION,VT,33500,JPMorgan Chase Bank,464335.00,143637.33,6.657,2833.49,2022-03-20,2037-03-20,2028-06-12,2028-07-12,CURRENT,0,COMPLETE,SECOND
L007493,B9274,Patricia Thompson,,FHA,HOME_EQUITY,MA,17145,Nationstar Mortgage,647132.00,500144.02,4.483,2659.34,2020-09-19,2040-09-19,2023-05-06,2023-06-05,CURRENT,0,MISSING,FIRST
L000818,B9058,Lisa Anderson,,FIXED,PURCHASE,HI,23193,JPMorgan Chase Bank,465597.00,191799.88,6.031,2574.01,2019-02-03,2049-02-03,2028-09-12,2028-10-12,CURRENT,0,,FIRST
L002798,B3332,Barbara Davis,Jessica Williams,JUMBO,CONSTRUCTION,IN,91455,Flagstar Bank,184832.00,162391.01,8.237,1395.59,2018-04-14,2033-04-14,2021-01-02,2021-02-01,DELINQUENT,35,INCOMPLETE,SECOND
L006140,B4472,Lisa Brown,Susan Martin,ARM,REFINANCE,AK,36520,Wells Fargo Home Mortgage,711484.00,0.00,7.245,4725.14,2011-01-07,2031-01-07,2017-11-24,2017-12-24,CLOSED,0,COMPLETE,SECOND
L007533,B1198,Susan Taylor,William Davis,CONVENTIONAL,REFINANCE,AK,44233,Quicken Loans,111701.00,85472.54,5.777,591.52,2012-04-05,2042-04-05,2015-10-29,2015-11-28,CURRENT,0,MISSING,FIRST
L009224,B5874,Joseph Wilson,,USDA,PURCHASE,GA,87513,SunTrust Mortgage,550050.00,368753.32,6.022,3036.37,2017-06-28,2032-06-28,2026-11-01,2026-12-01,CURRENT,0,COMPLETE,FIRST
L003339,B9184,David Smith,,FHA,HOME_EQUITY,WY,20464,SunTrust Mortgage,459122.00,308253.48,4.145,1744.47,2010-05-04,2025-05-04,2014-11-27,2014-12-27,CURRENT,0,COMPLETE,SECOND
L006564,B3911,Jessica Williams,James Anderson,USDA,CONSTRUCTION,MS,23570,Citimortgage,762146.00,510821.21,4.587,3204.63,2012-09-06,2027-09-06,2015-03-22,2015-04-21,CURRENT,0,INCOMPLETE,SECOND
L008793,B9732,Robert Brown,,USDA,PURCHASE,IL,47647,Flagstar Bank,701951.00,0.00,4.087,2629.80,2018-08-12,2033-08-12,2028-01-26,2028-02-25,PAID_OFF,0,MISSING,SECOND
L006980,B3831,Michael Moore,,JUMBO,HOME_EQUITY,KS,36082,PNC Bank,227434.00,120798.69,7.932,1653.67,2010-04-06,2040-04-06,2013-04-07,2013-05-07,CURRENT,0,COMPLETE,SECOND
L006015,B8298,Patricia Johnson,,ARM,PURCHASE,GA,46527,US Bank,190154.00,80549.56,5.889,1026.50,2022-03-17,2032-03-17,2028-07-17,2028-08-16,CURRENT,0,MISSING,FIRST
L002940,B1323,Jennifer Wilson,,FHA,PURCHASE,MA,77928,Flagstar Bank,213508.00,0.00,7.376,1443.60,2015-09-06,2035-09-06,2024-08-01,2024-08-31,PAID_OFF,0,COMPLETE,FIRST
L007364,B8528,Karen White,Jessica Hernandez,CONVENTIONAL,HOME_EQUITY,NJ,13152,PHH Mortgage,258988.00,112468.20,6.458,1533.17,2012-03-19,2042-03-19,2014-09-09,2014-10-09,CURRENT,0,COMPLETE,FIRST
L004349,B6297,Susan Martin,,USDA,REFINANCE,OK,36239,Quicken Loans,172100.00,61665.89,7.625,1202.91,2010-02-25,2030-02-25,2012-04-21,2012-05-21,CURRENT,0,COMPLETE,SECOND
L009118,B7921,Jessica White,,FHA,REFINANCE,WV,31820,JPMorgan Chase Bank,516003.00,0.00,5.574,2636.52,2015-01-15,2030-01-15,2020-05-04,2020-06-03,PAID_OFF,0,MISSING,FIRST
L007777,B1914,Michael Martin,Joseph Moore,FIXED,REFINANCE,PA,24456,Flagstar Bank,707345.00,592091.45,8.256,5353.19,2013-04-26,2033-04-26,2018-11-17,2018-12-17,CURRENT,0,COMPLETE,FIRST
L004924,B2032,Michael Thomas,,JUMBO,CASH_OUT_REFINANCE,IN,62797,SunTrust Mortgage,229704.00,157792.87,7.552,1590.16,2014-07-08,2024-07-08,2020-10-25,2020-11-24,DELINQUENT,57,COMPLETE,SECOND
L004287,B1299,Barbara Johnson,Karen Lee,CONVENTIONAL,PURCHASE,ND,56339,Green Tree Servicing,502498.00,137554.32,6.996,3222.52,2022-09-22,2052-09-22,2033-02-05,2033-03-07,CURRENT,0,COMPLETE,FIRST
L009642,B7427,Thomas Garcia,,VA,HOME_EQUITY,VT,88843,PHH Mortgage,584773.00,0.00,4.252,2279.25,2015-10-05,2025-10-05,2017-02-28,2017-03-30,PAID_OFF,0,COMPLETE,SECOND
L004870,B7533,Sarah Taylor,,ARM,REFINANCE,MD,30284,Freedom Mortgage,418125.00,183576.46,4.179,1601.73,2015-07-02,2025-07-02,2022-09-23,2022-10-23,CURRENT,0,COMPLETE,FIRST
L002019,B6857,William Martinez,,ARM,CASH_OUT_REFINANCE,KY,91681,PNC Bank,212837.00,131504.06,6.614,1290.40,2015-06-12,2045-06-12,2016-07-17,2016-08-16,DEFAULT,224,COMPLETE,SECOND
L006052,B1512,Richard Martinez,,VA,CASH_OUT_REFINANCE,ME,35569,Quicken Loans,59715.00,44678.95,7.425,406.44,2021-01-21,2031-01-21,2023-08-09,2023-09-08,DEFAULT,144,COMPLETE,SECOND
L002322,B3013,Susan Jones,,VA,PURCHASE,FL,58207,Caliber Home Loans,771347.00,344677.31,4.661,3295.64,2011-08-17,2021-08-17,2018-02-28,2018-03-30,DELINQUENT,70,INCOMPLETE,FIRST
L001679,B7380,John Thompson,,USDA,CASH_OUT_REFINANCE,MA,43079,Citimortgage,106199.00,32823.14,2.543,247.56,2011-10-20,2021-10-20,2019-05-13,2019-06-12,DEFAULT,302,COMPLETE,FIRST
L005042,B9687,Jessica Moore,Susan Hernandez,FIXED,CASH_OUT_REFINANCE,ND,97294,Nationstar Mortgage,524992.00,0.00,8.408,4046.29,2022-07-17,2032-07-17,2025-07-27,2025-08-26,CLOSED,0,COMPLETE,FIRST
L008268,B2794,Barbara Anderson,,FIXED,REFINANCE,CA,87133,Quicken Loans,395131.00,139318.01,8.357,3026.93,2010-07-21,2025-07-21,2012-05-12,2012-06-11,DELINQUENT,57,COMPLETE,SECOND
L001721,B3065,Barbara Miller,Robert Jackson,JUMBO,REFINANCE,OH,85570,PHH Mortgage,477703.00,256294.95,3.773,1652.18,2017-06-19,2047-06-19,2017-08-15,2017-09-14,CURRENT,0,COMPLETE,FIRST
L006138,B7139,Sarah Lee,John Thompson,USDA,PURCHASE,NC,12772,SunTrust Mortgage,340453.00,280348.36,7.245,2261.03,2022-01-22,2052-01-22,2029-11-18,2029-12-18,CURRENT,0,COMPLETE,FIRST
L009586,B6660,Richard Jones,John Thompson,USDA,PURCHASE,MS,42598,US Bank,660071.00,197586.10,6.121,3703.60,2013-11-07,2043-11-07,2017-06-30,2017-07-30,CURRENT,0,MISSING,FIRST
L000740,B9021,David Moore,,VA,HOME_EQUITY,NV,14112,Bank of America,384042.00,193666.81,0.0688,2793.43,2011-03-03,2026-03-03,2019-02-08,2019-03-10,CURRENT,0,COMPLETE,FIRST
L004513,B1743,Linda Miller,,USDA,CONSTRUCTION,PA,98345,Quicken Loans,423291.00,299056.69,3.231,1253.68,2015-03-08,2025-03-08,2018-09-14,2018-10-14,CURRENT,0,INCOMPLETE,SECOND
L007251,B5595,Michael Wilson,James Martinez,CONVENTIONAL,REFINANCE,OH,81700,Wells Fargo Home Mortgage,118061.00,67045.87,4.312,466.66,2019-04-14,2034-04-14,2021-10-28,2021-11-27,DEFAULT,196,COMPLETE,FIRST
L009984,B5097,Susan Taylor,John Jackson,CONVENTIONAL,PURCHASE,MI,79293,Green Tree Servicing,463369.00,143987.98,4.751,2018.01,2016-05-01,2036-05-01,2018-04-13,2018-05-13,DELINQUENT,63,COMPLETE,SECOND
L000865,B3014,Charles Thomas,,USDA,PURCHASE,MD,91922,Freedom Mortgage,297256.00,88034.26,4.978,1356.43,2016-01-17,2031-01-17,2019-09-25,2019-10-25,CURRENT,0,INCOMPLETE,FIRST
L000722,B3900,Jessica Thompson,,ARM,CASH_OUT_REFINANCE,SC,36853,Flagstar Bank,458856.00,297256.16,0.0427,3137.39,2018-05-04,2048-05-04,2018-12-03,2019-01-02,CURRENT,0,COMPLETE,SECOND
L006627,B8448,David Taylor,,USDA,PURCHASE,MS,18916,Green Tree Servicing,136057.00,50222.08,6.459,805.56,2013-09-19,2028-09-19,2014-07-18,2014-08-17,CURRENT,0,COMPLETE,SECOND
L004345,B7764,Robert Jackson,,ARM,REFINANCE,WA,41602,PHH Mortgage,169185.00,0.00,4.582,710.61,2016-12-27,2046-12-27,2018-05-19,2018-06-18,PAID_OFF,0,COMPLETE,FIRST
L003003,B7940,Lisa Martin,,VA,HOME_EQUITY,OH,35350,PHH Mortgage,407025.00,256608.68,7.501,2798.67,2016-11-24,2026-11-24,2024-05-13,2024-06-12,DEFAULT,245,COMPLETE,FIRST
L000008,B8555,John Moore,,USDA,CASH_OUT_REFINANCE,UT,93746,Caliber Home Loans,718891.00,-0.00,4.024,2651.75,2015-09-23,2025-09-23,2025-11-20,2025-12-20,PAID_OFF,0,COMPLETE,SECOND
L007156,B6909,Charles Anderson,,ARM,PURCHASE,MD,25563,US Bank,345960.00,172436.52,6.486,2056.91,2021-01-15,2031-01-15,2025-07-26,2025-08-25,CURRENT,0,COMPLETE,SECOND
L003691,B1360,Charles Miller,,CONVENTIONAL,CONSTRUCTION,IL,34923,PHH Mortgage,781637.00,211603.81,6.972,4995.44,2016-08-04,2036-08-04,2017-02-16,2017-03-18,CURRENT,0,MISSING,FIRST
L005363,B8060,Thomas Hernandez,,ARM,PURCHASE,DE,45704,PHH Mortgage,116746.00,80938.37,3.236,346.31,2014-07-10,2024-07-10,2022-08-31,2022-09-30,CURRENT,0,INCOMPLETE,SECOND
L009373,B1727,Susan Thompson,,USDA,CASH_OUT_REFINANCE,ID,56469,Quicken Loans,650539.00,0.00,2.826,1685.22,2021-10-21,2041-10-21,2028-05-23,2028-06-22,PAID_OFF,0,COMPLETE,FIRST
L003169,B7282,James Williams,Karen Garcia,VA,CONSTRUCTION,NH,56195,SunTrust Mortgage,101692.00,32619.03,5.675,529.01,2021-11-07,2031-11-07,2025-03-14,2025-04-13,CURRENT,0,COMPLETE,FIRST
L008221,B1794,Thomas Jackson,,FHA,CONSTRUCTION,ID,16975,Freedom Mortgage,742422.00,552106.61,8.352,5683.98,2017-02-05,2027-02-05,2017-07-08,2017-08-07,CURRENT,0,COMPLETE,SECOND
L006511,B9030,Jennifer Davis,,USDA,HOME_EQUITY,IA,22324,PHH Mortgage,399205.00,0.00,7.25,2653.05,2015-02-27,2030-02-27,2021-01-05,2021-02-04,PAID_OFF,0,INCOMPLETE,FIRST
L007615,B7215,Richard Wilson,,CONVENTIONAL,HOME_EQUITY,FL,30608,Bank of America,374009.00,161863.03,6.734,2308.70,2019-03-28,2034-03-28,2022-09-17,2022-10-17,DELINQUENT,34,INCOMPLETE,SECOND
L007072,B3776,David Martin,,ARM,CONSTRUCTION,AK,22791,PNC Bank,191868.00,154881.79,4.367,768.06,2022-03-08,2042-03-08,2022-08-03,2022-09-02,CURRENT,0,COMPLETE,FIRST
L007959,B1774,Jennifer Martin,,JUMBO,PURCHASE,NV,95646,Flagstar Bank,483831.00,391361.14,7.449,3303.72,2020-07-08,2035-07-08,2029-11-18,2029-12-18,CURRENT,0,MISSING,FIRST
L000595,B7858,John Jones,,USDA,CONSTRUCTION,AK,65359,PNC Bank,326169.00,-0.00,7.093,2120.72,2020-07-16,2030-07-16,2022-01-14,2022-02-13,PAID_OFF,0,COMPLETE,FIRST
L009610,B5097,Jennifer Martinez,,CONVENTIONAL,CASH_OUT_REFINANCE,VA,79981,SunTrust Mortgage,745353.00,358258.62,2.58,1762.76,2014-09-21,2034-09-21,2022-08-15,2022-09-14,CURRENT,0,MISSING,FIRST
L006858,B4994,John Jackson,,FHA,REFINANCE,TX,96577,Freedom Mortgage,396505.00,121789.66,4.373,1589.42,2016-03-28,2036-03-28,2024-03-12,2024-04-11,CURRENT,0,COMPLETE,FIRST
L009170,B6348,Joseph Johnson,,FHA,CONSTRUCTION,NM,69089,Quicken Loans,723664.00,622735.09,6.04,4006.69,2021-06-22,2051-06-22,2028-08-27,2028-09-26,CURRENT,0,COMPLETE,FIRST
L006536,B7082,Linda Johnson,James Anderson,VA,HOME_EQUITY,MD,47257,Bank of America,541754.00,0.00,4.399,2184.58,2010-04-03,2020-04-03,2015-07-19,2015-08-18,PAID_OFF,0,COMPLETE,FIRST
L002534,B3893,Lisa Thomas,Linda Thomas,CONVENTIONAL,CONSTRUCTION,WI,74924,Bank of America,81351.00,23681.27,7.603,566.97,2022-07-24,2032-07-24,2031-12-24,2032-01-23,CURRENT,0,COMPLETE,SECOND
L009516,B7061,James Wilson,,CONVENTIONAL,CONSTRUCTION,MS,86923,Flagstar Bank,389851.00,255537.07,2.85,1018.49,2014-05-20,2044-05-20,2014-12-24,2015-01-23,CURRENT,0,COMPLETE,FIRST
L008965,B6306,Patricia Thomas,William Williams,ARM,CONSTRUCTION,VA,84394,Citimortgage,333512.00,136806.22,2.664,814.44,2022-07-12,2032-07-12,2023-08-31,2023-09-30,CURRENT,0,COMPLETE,FIRST
L007952,B9497,Linda Davis,,ARM,REFINANCE,IL,43189,Bank of America,644205.00,447033.45,4.196,2477.83,2016-10-25,2026-10-25,2024-03-22,2024-04-21,DELINQUENT,30,INCOMPLETE,SECOND
L006268,B9579,Susan Wilson,,JUMBO,CASH_OUT_REFINANCE,WV,80263,US Bank,233557.00,0.00,3.655,782.51,2022-06-07,2052-06-07,2033-03-28,2033-04-27,PAID_OFF,0,COMPLETE,SECOND
L007963,B4364,John Davis,,CONVENTIONAL,HOME_EQUITY,IL,15203,Caliber Home Loans,279815.00,0.00,4.722,1211.18,2018-02-14,2033-02-14,2028-04-23,2028-05-23,PAID_OFF,0,COMPLETE,SECOND
L007163,B1141,Linda Lee,,VA,HOME_EQUITY,OK,84930,JPMorgan Chase Bank,732307.00,359608.92,6.833,4586.87,2018-12-19,2033-12-19,2028-03-21,2028-04-20,CURRENT,0,COMPLETE,FIRST
L002937,B3773,John Lee,,ARM,CONSTRUCTION,DE,84225,Quicken Loans,786347.00,600268.45,4.875,3513.99,2014-11-23,2024-11-23,2018-07-20,2018-08-19,CURRENT,0,MISSING,SECOND
L005638,B6076,Karen Taylor,,FIXED,HOME_EQUITY,ID,51098,Nationstar Mortgage,150494.00,126468.34,6.756,932.01,2019-01-29,2029-01-29,2021-07-02,2021-08-01,CURRENT,0,COMPLETE,FIRST
L000441,B4873,Mary Davis,,USDA,CONSTRUCTION,AB,53082,Bank of America,499312.00,214210.10,7.043,3223.60,2011-10-13,2021-10-13,2013-05-28,2013-06-27,CURRENT,0,COMPLETE,SECOND
L005467,B9777,William Davis,,USDA,HOME_EQUITY,IL,50624,Green Tree Servicing,114422.00,72944.41,3.402,356.83,2022-07-09,2042-07-09,2027-05-27,2027-06-26,DELINQUENT,80,INCOMPLETE,FIRST
L009089,B5818,Jennifer Davis,,USDA,HOME_EQUITY,NH,51491,Bank of America,364318.00,218473.67,7.157,2390.14,2020-06-07,2035-06-07,2030-04-01,2030-05-01,CURRENT,0,COMPLETE,FIRST
L005825,B9732,Robert Jackson,,USDA,CONSTRUCTION,PA,33870,Quicken Loans,118156.00,44605.46,5.279,571.77,2013-01-29,2033-01-29,2018-12-11,2019-01-10,CURRENT,0,COMPLETE,SECOND
L000988,B9191,Karen Miller,Patricia Johnson,FIXED,PURCHASE,AR,11953,Bank of America,81544.00,45944.32,4.851,362.61,2013-07-11,2028-07-11,2015-07-17,2015-08-16,CURRENT,0,COMPLETE,FIRST
L002152,B4247,Richard Thompson,,FHA,REFINANCE,KY,55553,Green Tree Servicing,139416.00,86839.83,5.93,757.84,2015-01-13,2025-01-13,2019-01-05,2019-02-04,CURRENT,0,COMPLETE,FIRST
L009286,B5048,Charles Martinez,Patricia Jackson,VA,CASH_OUT_REFINANCE,WA,85180,Citimortgage,545230.00,368175.55,4.313,2155.61,2019-08-24,2029-08-24,2027-12-14,2028-01-13,CURRENT,0,COMPLETE,FIRST
L002503,B9776,Patricia Davis,,JUMBO,CASH_OUT_REFINANCE,RI,17331,SunTrust Mortgage,217122.00,0.00,7.938,1579.89,2014-02-04,2034-02-04,2022-08-12,2022-09-11,PAID_OFF,0,COMPLETE,SECOND
L002238,B6209,William Taylor,John Jackson,FIXED,HOME_EQUITY,MO,68554,PHH Mortgage,638582.00,180875.37,4.883,2858.35,2013-05-17,2043-05-17,2016-03-21,2016-04-20,CURRENT,0,COMPLETE,SECOND
L009274,B6580,Susan Moore,,FHA,CASH_OUT_REFINANCE,AZ,90316,PNC Bank,159777.00,43976.41,3.104,454.62,2018-09-25,2038-09-25,2022-07-30,2022-08-29,CURRENT,0,COMPLETE,SECOND
L007877,B8963,Robert Miller,,FHA,PURCHASE,VA,90246,Green Tree Servicing,725751.00,450806.85,6.705,4460.65,2013-06-14,2043-06-14,2023-07-15,2023-08-14,DEFAULT,340,INCOMPLETE,FIRST
L003871,B2301,Susan Lee,,FIXED,CONSTRUCTION,NJ,25385,Citimortgage,384336.00,323203.30,7.996,2817.05,2014-01-16,2029-01-16,2019-04-22,2019-05-22,CURRENT,0,COMPLETE,SECOND
L009490,B4876,Charles Williams,,USDA,CASH_OUT_REFINANCE,NM,93859,Flagstar Bank,600285.00,536631.96,7.213,3969.03,2014-01-24,2044-01-24,2022-04-05,2022-05-05,CURRENT,0,COMPLETE,SECOND
L002855,B9233,Thomas Anderson,,ARM,CASH_OUT_REFINANCE,OR,25912,Freedom Mortgage,739253.00,244695.81,3.271,2216.59,2015-11-30,2045-11-30,2018-08-20,2018-09-19,DEFAULT,167,COMPLETE,FIRST
L004240,B8872,Joseph Martin,Joseph Johnson,FIXED,PURCHASE,KS,98979,JPMorgan Chase Bank,603291.00,223036.33,4.33,2394.56,2014-08-16,2029-08-16,2017-12-16,2018-01-15,DELINQUENT,79,COMPLETE,FIRST
L005169,B1629,Charles Taylor,,CONVENTIONAL,PURCHASE,SC,43485,Green Tree Servicing,251457.00,199615.28,4.518,1041.41,2018-07-04,2028-07-04,2024-12-01,2024-12-31,CURRENT,0,COMPLETE,SECOND
L006779,B8038,Lisa Johnson,Susan Taylor,FHA,CASH_OUT_REFINANCE,MT,64761,US Bank,692911.00,0.00,6.383,4054.28,2022-11-05,2037-11-05,2029-03-20,2029-04-19,PAID_OFF,0,COMPLETE,SECOND
L009713,B6607,Charles Thompson,,CONVENTIONAL,HOME_EQUITY,VT,68827,JPMorgan Chase Bank,620994.00,437575.90,6.516,3709.20,2014-12-22,2029-12-22,2020-04-20,2020-05-20,DEFAULT,237,COMPLETE,SECOND
L000662,B4318,Karen Williams,,CONVENTIONAL,CONSTRUCTION,OK,84278,Nationstar Mortgage,431220.00,140700.62,6.485,2563.42,2018-12-09,2028-12-09,2025-06-01,2029-10-11,CURRENT,0,MISSING,FIRST
L008693,B9527,Thomas Lee,,FHA,REFINANCE,ND,61640,US Bank,623148.00,460932.63,8.433,4817.09,2019-04-12,2049-04-12,2029-10-03,2029-11-02,CURRENT,0,COMPLETE,SECOND
L007158,B9039,Thomas Jones,Karen Wilson,ARM,REFINANCE,MO,48799,Nationstar Mortgage,58685.00,38098.53,4.42,237.77,2019-04-26,2039-04-26,2026-11-23,2026-12-23,CURRENT,0,COMPLETE,FIRST
L006270,B4022,Linda Thomas,,JUMBO,PURCHASE,KS,24461,Flagstar Bank,631857.00,389096.82,6.65,3851.69,2012-03-09,2042-03-09,2015-06-30,2015-07-30,CURRENT,0,MISSING,SECOND
L001909,B7033,Barbara Moore,,JUMBO,CONSTRUCTION,GA,74639,US Bank,398799.00,144117.96,5.55,2028.89,2011-09-30,2021-09-30,2017-07-09,2017-08-08,DEFAULT,258,COMPLETE,SECOND
L005056,B1781,Lisa Lee,,USDA,PURCHASE,NM,32761,US Bank,694706.00,0.00,6.006,3824.70,2016-12-24,2036-12-24,2019-01-13,2019-02-12,PAID_OFF,0,COMPLETE,FIRST
L001978,B3369,Karen Thompson,,USDA,REFINANCE,CA,73621,Green Tree Servicing,347436.00,159749.73,7.29,2321.74,2013-01-31,2033-01-31,2016-04-07,2016-05-07,CURRENT,0,COMPLETE,SECOND
L002990,B7153,Michael Jones,,ARM,HOME_EQUITY,CT,62128,Caliber Home Loans,667512.00,477520.96,6.751,4130.84,2013-12-20,2028-12-20,2021-03-18,2021-04-17,DELINQUENT,85,COMPLETE,SECOND
L009329,B2102,Thomas Anderson,,ARM,HOME_EQUITY,MI,41897,Wells Fargo Home Mortgage,312486.00,216406.17,6.764,1937.52,2015-10-27,2030-10-27,2016-05-11,2016-06-10,CURRENT,0,INCOMPLETE,FIRST
L004554,B4097,Sarah Brown,,VA,REFINANCE,MS,94429,Caliber Home Loans,311991.00,103977.77,5.074,1451.12,2013-11-14,2033-11-14,2019-04-26,2019-05-26,DEFAULT,298,COMPLETE,FIRST
L008309,B9410,Patricia Jackson,,ARM,HOME_EQUITY,VT,22887,US Bank,629887.00,488632.68,8.152,4706.94,2021-08-25,2051-08-25,2026-05-08,2026-06-07,CURRENT,0,COMPLETE,SECOND
L006193,B6516,Jennifer Davis,,FIXED,CONSTRUCTION,FL,66761,Citimortgage,363983.00,143528.09,5.29,1765.01,2016-08-23,2026-08-23,2022-08-03,2022-09-02,CURRENT,0,COMPLETE,SECOND
L005503,B8874,Jessica Martin,,USDA,HOME_EQUITY,SD,78243,PNC Bank,457301.00,360853.78,5.775,2420.84,2012-08-04,2042-08-04,2018-08-24,2018-09-23,CURRENT,0,MISSING,FIRST
L005349,B5822,Mary Martin,James Jackson,VA,HOME_EQUITY,GA,77393,PHH Mortgage,182645.00,83269.01,6.085,1018.78,2013-04-02,2043-04-02,2018-06-25,2018-07-25,CURRENT,0,INCOMPLETE,FIRST
L008587,B6026,James Jackson,Karen Hernandez,VA,REFINANCE,OK,54688,SunTrust Mortgage,410904.00,252230.09,8.074,3041.17,2020-02-03,2035-02-03,2027-08-15,2027-09-14,CURRENT,0,COMPLETE,SECOND
L001499,B2452,Michael Smith,,JUMBO,CONSTRUCTION,VT,55620,Quicken Loans,651839.00,518204.02,7.535,4502.31,2014-09-27,2024-09-27,2019-03-20,2019-04-19,CURRENT,0,COMPLETE,FIRST
L001835,B7636,Mary Johnson,,VA,PURCHASE,CA,51137,Nationstar Mortgage,782695.00,626402.91,4.378,3141.09,2017-11-16,2047-11-16,2025-12-02,2026-01-01,CURRENT,0,COMPLETE,FIRST
L005474,B3203,James Smith,,FIXED,REFINANCE,AL,22690,Nationstar Mortgage,632274.00,361072.22,6.793,3937.12,2018-11-27,2048-11-27,2028-10-26,2028-11-25,DEFAULT,207,INCOMPLETE,FIRST
L009970,B5689,Thomas Thomas,,ARM,PURCHASE,GA,79414,Caliber Home Loans,398956.00,337503.59,6.105,2232.66,2021-05-19,2051-05-19,2027-02-16,2027-03-18,CURRENT,0,COMPLETE,FIRST
L000118,B7520,David Williams,,USDA,REFINANCE,OH,30365,Nationstar Mortgage,581219.00,175607.67,4.219,2247.82,2021-03-28,2051-03-28,2026-01-25,2026-02-24,ACTIVE,39,COMPLETE,SECOND
L002256,B5837,John Lee,,ARM,CONSTRUCTION,ID,91379,Citimortgage,51611.00,38340.85,5.808,274.78,2021-06-04,2041-06-04,2024-04-10,2024-05-10,DELINQUENT,80,COMPLETE,SECOND
L008093,B5091,David Garcia,,FIXED,REFINANCE,VT,43581,Flagstar Bank,731955.00,210876.08,5.674,3807.02,2016-02-29,2046-02-28,2019-08-06,2019-09-05,DELINQUENT,64,COMPLETE,FIRST
L004274,B2207,John Jones,,JUMBO,PURCHASE,DE,67251,PHH Mortgage,778930.00,295544.85,3.71,2649.01,2019-03-20,2034-03-20,2023-03-25,2023-04-24,DEFAULT,150,COMPLETE,SECOND
L000567,B1458,Lisa Moore,Susan Jones,JUMBO,CONSTRUCTION,TN,46294,Wells Fargo Home Mortgage,-347189.00,98435.96,5.242,1668.30,2022-08-28,2052-08-28,2022-11-11,2022-12-11,CURRENT,0,INCOMPLETE,FIRST
L006410,B3660,William Thomas,,VA,CONSTRUCTION,NJ,89699,Caliber Home Loans,77566.00,71049.57,4.027,286.33,2018-07-13,2033-07-13,2028-01-17,2028-02-16,CURRENT,0,COMPLETE,FIRST
L006637,B7357,Thomas Johnson,,VA,PURCHASE,AR,27128,PNC Bank,786780.00,0.00,6.952,5013.89,2011-06-10,2041-06-10,2014-03-15,2014-04-14,CLOSED,0,MISSING,SECOND
L008164,B2135,Robert Wilson,,ARM,CASH_OUT_REFINANCE,ME,59144,Caliber Home Loans,753850.00,634943.25,3.432,2371.61,2015-03-21,2030-03-21,2023-06-20,2023-07-20,DELINQUENT,31,COMPLETE,SECOND
L008312,B9893,Charles Garcia,,USDA,REFINANCE,AL,16926,Citimortgage,132692.00,86052.96,4.696,571.19,2013-01-11,2023-01-11,2018-08-04,2018-09-03,CURRENT,0,INCOMPLETE,FIRST
L007296,B5892,Patricia Moore,,JUMBO,PURCHASE,NV,89909,Wells Fargo Home Mortgage,281517.00,152240.32,8.134,2099.04,2021-03-01,2031-03-01,2028-08-11,2028-09-10,CURRENT,0,COMPLETE,SECOND
L005350,B8306,James Miller,,FHA,CONSTRUCTION,FL,11045,Nationstar Mortgage,734419.00,0.00,3.808,2563.61,2012-03-18,2042-03-18,2012-07-30,2012-08-29,PAID_OFF,0,COMPLETE,FIRST
L002167,B7285,Karen Anderson,,JUMBO,PURCHASE,NE,79606,Freedom Mortgage,66006.00,33694.24,8.042,486.59,2022-12-28,2042-12-28,2024-01-18,2024-02-17,CURRENT,0,COMPLETE,FIRST
L003058,B3740,Lisa Anderson,,VA,CASH_OUT_REFINANCE,IL,83700,SunTrust Mortgage,248536.00,218375.09,5.624,1281.29,2014-07-27,2034-07-27,2024-03-11,2024-04-10,CURRENT,0,COMPLETE,FIRST
L007479,B7536,Mary Hernandez,John Miller,FIXED,PURCHASE,WY,48963,Freedom Mortgage,185182.00,62698.81,5.627,955.18,2018-01-12,2038-01-12,2024-10-15,2024-11-14,CURRENT,0,COMPLETE,SECOND
L003735,B6645,John Martinez,,JUMBO,CONSTRUCTION,PA,58910,Nationstar Mortgage,765520.00,0.00,5.17,3627.93,2021-05-14,2031-05-14,2022-04-02,2022-05-02,PAID_OFF,0,COMPLETE,SECOND
L003079,B1214,Linda Thompson,,FIXED,CONSTRUCTION,FL,79195,Flagstar Bank,353286.00,235288.48,3.259,1055.41,2010-08-03,2020-08-03,2015-10-03,2015-11-02,CURRENT,0,COMPLETE,SECOND
L005461,B6132,William Anderson,,USDA,HOME_EQUITY,MT,34523,Nationstar Mortgage,109969.00,36712.49,3.604,363.30,2016-01-05,2031-01-05,2022-10-27,2022-11-26,CURRENT,0,COMPLETE,FIRST
L002275,B4290,Mary Martinez,,USDA,PURCHASE,AR,21849,Quicken Loans,459016.00,221450.37,3.371,1418.40,2012-08-25,2022-08-25,2016-10-02,2016-11-01,DELINQUENT,59,COMPLETE,SECOND
L009844,B4470,Sarah Martin,,VA,CONSTRUCTION,PA,82003,PNC Bank,758731.00,0.00,4.961,3450.39,2014-02-13,2034-02-13,2023-08-20,2023-09-19,CLOSED,0,COMPLETE,FIRST
L004385,B6068,Mary Thomas,,VA,HOME_EQUITY,DC,16956,PHH Mortgage,261142.00,71241.29,4.817,1153.09,2016-09-28,2036-09-28,2021-02-15,2021-03-17,CURRENT,0,INCOMPLETE,SECOND
L008780,B1178,James Johnson,,CONVENTIONAL,PURCHASE,OH,62988,Green Tree Servicing,114900.00,81899.90,7.933,835.54,2020-09-16,2035-09-16,2022-02-18,2022-03-20,CURRENT,0,COMPLETE,FIRST
L005821,B6600,John Taylor,Joseph Hernandez,JUMBO,HOME_EQUITY,CA,81688,Bank of America,610501.00,225345.49,3.21,1796.40,2017-02-28,2032-02-28,2027-01-29,2027-02-28,CURRENT,0,INCOMPLETE,FIRST
L000909,B8481,Susan Wilson,Thomas Thomas,JUMBO,HOME_EQUITY,WV,61651,Quicken Loans,646842.00,0.00,2.73,1618.72,2012-10-19,2027-10-19,2016-01-07,2016-02-06,PAID_OFF,0,COMPLETE,FIRST
L009364,B3105,Richard Garcia,Patricia Lee,JUMBO,CONSTRUCTION,NH,96419,PNC Bank,227839.00,101806.51,7.716,1611.51,2013-11-25,2023-11-25,2023-07-23,2023-08-22,CURRENT,0,COMPLETE,FIRST
L004567,B5374,Joseph Wilson,Joseph Martin,VA,REFINANCE,KY,93053,Freedom Mortgage,731431.00,486524.55,3.027,2029.54,2017-05-25,2037-05-25,2021-10-05,2021-11-04,CURRENT,0,COMPLETE,FIRST
L000425,B6679,Linda Davis,,FHA,CONSTRUCTION,GA,40634,Nationstar Mortgage,473426.00,44961.77,8.175,3547.74,2010-04-08,2040-04-08,2017-09-07,2017-10-07,CLOSED,0,INCOMPLETE,SECOND
L002116,B1798,Thomas Williams,Richard Martinez,FHA,CONSTRUCTION,CA,80133,Flagstar Bank,406100.00,153605.73,8.247,3070.01,2022-07-05,2037-07-05,2025-07-04,2025-08-03,CURRENT,0,COMPLETE,SECOND
L003377,B1710,Patricia Williams,,USDA,HOME_EQUITY,RI,13606,JPMorgan Chase Bank,567712.00,425820.00,8.085,4207.46,2022-03-23,2032-03-23,2028-08-11,2028-09-10,CURRENT,0,INCOMPLETE,SECOND
L009638,B3074,Jessica Taylor,,USDA,HOME_EQUITY,NY,75328,Green Tree Servicing,448218.00,0.00,3.994,1641.00,2011-02-09,2021-02-09,2012-06-22,2012-07-22,PAID_OFF,0,COMPLETE,FIRST
L007301,B2781,James Taylor,,USDA,PURCHASE,IN,73672,Quicken Loans,240764.00,198667.12,8.292,1830.05,2016-08-31,2046-08-31,2022-11-29,2022-12-29,CURRENT,0,INCOMPLETE,FIRST
L002074,B6795,Michael Anderson,William Jackson,FHA,CASH_OUT_REFINANCE,ME,18910,Green Tree Servicing,730009.00,0.00,7.234,4840.81,2019-04-08,2039-04-08,2029-11-14,2029-12-14,PAID_OFF,0,COMPLETE,SECOND
L000786,B8843,Sarah Martin,,CONVENTIONAL,HOME_EQUITY,GA,31591,Quicken Loans,274523.00,208030.57,3.094,778.59,2018-09-13,2017-09-28,2020-06-02,2020-07-02,DELINQUENT,34,INCOMPLETE,SECOND
L002324,B9007,Jessica Jones,,ARM,CONSTRUCTION,KS,67536,US Bank,605218.00,312354.30,8.118,4503.73,2015-07-27,2030-07-27,2020-03-17,2020-04-16,CURRENT,0,COMPLETE,SECOND
L005573,B9939,William Moore,,VA,PURCHASE,MN,67488,Wells Fargo Home Mortgage,136763.00,100323.12,4.83,605.52,2015-10-30,2045-10-30,2018-07-19,2018-08-18,CURRENT,0,COMPLETE,SECOND
L001143,B9324,Richard Hernandez,Linda Martinez,FHA,HOME_EQUITY,NE,20775,Caliber Home Loans,301641.00,0.00,5.329,1473.49,2014-01-28,2044-01-28,2014-06-22,2014-07-22,PAID_OFF,0,MISSING,SECOND
L002482,B9606,Linda Moore,,USDA,CONSTRUCTION,WV,74832,Flagstar Bank,105130.00,96925.72,4.032,388.56,2021-01-05,2031-01-05,2026-06-29,2026-07-29,CURRENT,0,INCOMPLETE,SECOND
L002091,B2863,Mary Lee,,FHA,CONSTRUCTION,DE,28432,Nationstar Mortgage,440823.00,226874.67,7.979,3224.22,2017-01-04,2037-01-04,2025-02-25,2025-03-27,CURRENT,0,COMPLETE,FIRST
L004497,B5207,Sarah Smith,Michael Johnson,FIXED,PURCHASE,AK,46653,JPMorgan Chase Bank,630977.00,510907.05,4.861,2811.58,2015-07-26,2035-07-26,2016-06-12,2016-07-12,CURRENT,0,COMPLETE,FIRST
L002587,B8130,Patricia Martinez,,FHA,CONSTRUCTION,OK,39236,US Bank,666966.00,314187.60,4.902,2997.01,2011-02-16,2021-02-16,2016-12-20,2017-01-19,CURRENT,0,COMPLETE,SECOND
L000750,B6991,Robert Wilson,,CONVENTIONAL,CONSTRUCTION,AK,61410,Bank of America,64627.00,0.00,5.106,302.49,2013-11-16,2028-11-16,2020-08-09,2020-09-08,PAID_OFF,0,,SECOND
L009615,B5482,Jessica Williams,,ARM,CASH_OUT_REFINANCE,RI,67090,SunTrust Mortgage,323256.00,212088.27,5.072,1502.92,2010-12-07,2040-12-07,2015-08-12,2015-09-11,CURRENT,0,COMPLETE,SECOND
L003548,B4044,Charles Jackson,,CONVENTIONAL,PURCHASE,UT,35469,Bank of America,141810.00,48040.99,3.835,498.52,2015-04-16,2030-04-16,2022-04-30,2022-05-30,CURRENT,0,MISSING,FIRST
L002606,B6963,Sarah Davis,,ARM,CONSTRUCTION,CA,58313,Green Tree Servicing,105626.00,61665.41,6.888,666.92,2016-04-23,2026-04-23,2016-07-18,2016-08-17,CURRENT,0,COMPLETE,FIRST
L000515,B3149,Lisa Williams,,USDA,CONSTRUCTION,KS,22767,Citimortgage,405488.00,258535.93,4.245,1577.86,2019-08-31,2029-08-31,2025-09-13,2029-10-25,DELINQUENT,69,COMPLETE,FIRST
L002333,B7466,Jessica Martin,,VA,PURCHASE,TN,79913,Quicken Loans,192551.00,116772.06,6.755,1192.29,2021-09-28,2031-09-28,2022-03-29,2022-04-28,CURRENT,0,COMPLETE,SECOND
L001576,B3833,Sarah Martinez,Karen Anderson,ARM,CASH_OUT_REFINANCE,LA,71288,Quicken Loans,419515.00,182718.76,8.156,3136.43,2020-07-03,2040-07-03,2025-01-31,2025-03-02,CURRENT,0,COMPLETE,SECOND
L007858,B7541,Sarah Jackson,Charles Jackson,FHA,PURCHASE,MN,87240,Caliber Home Loans,404763.00,0.00,6.309,2340.85,2020-10-04,2040-10-04,2026-12-24,2027-01-23,PAID_OFF,0,COMPLETE,SECOND
L003269,B8858,Barbara Thomas,Robert Miller,ARM,HOME_EQUITY,NH,56084,PNC Bank,117334.00,68532.93,3.817,410.54,2022-12-29,2032-12-29,2026-02-06,2026-03-08,CURRENT,0,COMPLETE,SECOND
L009780,B7927,David Martinez,,USDA,REFINANCE,NY,28832,PNC Bank,612606.00,175666.34,5.394,3029.03,2017-06-16,2037-06-16,2021-06-02,2021-07-02,DELINQUENT,58,COMPLETE,FIRST
L001989,B8077,James Davis,,VA,HOME_EQUITY,CT,58788,PHH Mortgage,400569.00,352255.29,7.189,2639.72,2015-10-27,2025-10-27,2016-03-14,2016-04-13,CURRENT,0,COMPLETE,FIRST
L009068,B3804,Patricia Williams,,JUMBO,REFINANCE,DC,34950,Citimortgage,378862.00,123574.55,8.342,2897.09,2010-11-17,2025-11-17,2017-01-09,2017-02-08,DELINQUENT,50,COMPLETE,FIRST
L009147,B3466,Joseph Martinez,,USDA,REFINANCE,IL,92647,JPMorgan Chase Bank,476662.00,190264.75,8.43,3683.41,2012-08-18,2032-08-18,2013-08-25,2013-09-24,CURRENT,0,INCOMPLETE,FIRST
L009705,B5772,Jessica Lee,,FHA,HOME_EQUITY,IL,87435,Nationstar Mortgage,567923.00,418209.31,5.037,2622.24,2017-04-25,2037-04-25,2028-03-13,2028-04-12,CURRENT,0,COMPLETE,FIRST
L002828,B7703,Linda Moore,,VA,REFINANCE,AZ,99419,JPMorgan Chase Bank,741025.00,259569.86,7.385,5016.43,2016-04-20,2046-04-20,2026-03-07,2026-04-06,CURRENT,0,COMPLETE,FIRST
L006277,B2084,Karen Williams,,VA,HOME_EQUITY,NE,82596,PNC Bank,55889.00,20414.44,2.976,152.47,2011-02-10,2021-02-10,2017-12-26,2018-01-25,DELINQUENT,73,INCOMPLETE,FIRST
L006488,B9611,Patricia Garcia,,VA,CONSTRUCTION,ME,42445,Nationstar Mortgage,610046.00,525894.15,6.975,3900.48,2011-05-30,2031-05-30,2016-09-07,2016-10-07,DELINQUENT,82,INCOMPLETE,SECOND
L000546,B2231,Charles Martin,,VA,CASH_OUT_REFINANCE,CT,69509,Flagstar Bank,568631.00,802786.74,2.862,1491.80,2010-04-18,2025-04-18,2015-08-17,2015-09-16,PAID_OFF,0,COMPLETE,FIRST
L001013,B1010,Mary Smith,Jessica Johnson,CONVENTIONAL,CASH_OUT_REFINANCE,OR,24548,PNC Bank,136709.00,106086.07,6.501,814.68,2014-02-01,2044-02-01,2024-04-09,2024-05-09,CURRENT,0,COMPLETE,FIRST
L005919,B7195,William Thomas,,FHA,CASH_OUT_REFINANCE,WV,34209,Green Tree Servicing,658881.00,0.00,5.853,3535.06,2014-09-10,2024-09-10,2022-07-16,2022-08-15,PAID_OFF,0,MISSING,FIRST
L001364,B6497,Barbara White,,FIXED,PURCHASE,MD,32709,US Bank,481720.00,260655.39,6.576,2903.81,2017-06-23,2032-06-23,2019-12-27,2020-01-26,CURRENT,0,INCOMPLETE,SECOND
L004284,B4471,James Williams,,FIXED,HOME_EQUITY,FL,68232,Bank of America,530602.00,239290.43,4.401,2140.58,2021-02-21,2036-02-21,2026-06-09,2026-07-09,DELINQUENT,50,INCOMPLETE,FIRST
L006450,B5529,Jennifer Thompson,,JUMBO,CASH_OUT_REFINANCE,DE,10995,Green Tree Servicing,305634.00,128376.14,5.058,1417.07,2013-05-11,2023-05-11,2015-07-29,2015-08-28,DELINQUENT,35,COMPLETE,SECOND
L007999,B8204,Charles Jackson,,USDA,PURCHASE,MS,72717,Wells Fargo Home Mortgage,445014.00,160817.10,6.4,2610.75,2011-11-20,2026-11-20,2018-09-08,2018-10-08,CURRENT,0,MISSING,FIRST
L004029,B7020,William Brown,,FHA,CASH_OUT_REFINANCE,SC,16878,Green Tree Servicing,646837.00,434554.46,6.459,3829.76,2013-06-05,2043-06-05,2019-10-07,2019-11-06,DELINQUENT,51,COMPLETE,FIRST
L007117,B5300,Richard Wilson,,FIXED,CONSTRUCTION,ND,62193,Quicken Loans,679994.00,450732.66,3.164,1972.21,2020-09-29,2030-09-29,2024-05-22,2024-06-21,CURRENT,0,COMPLETE,SECOND
L008042,B2018,Mary Garcia,,FHA,HOME_EQUITY,VT,30098,US Bank,121279.00,106014.82,3.975,441.91,2015-09-06,2030-09-06,2025-02-16,2025-03-18,DELINQUENT,78,COMPLETE,SECOND
L008317,B8106,Linda Hernandez,Thomas White,CONVENTIONAL,REFINANCE,KY,52171,Citimortgage,248150.00,80810.79,3.805,865.53,2017-12-18,2027-12-18,2026-09-11,2026-10-11,CURRENT,0,COMPLETE,FIRST
L009918,B7239,Jessica Garcia,Richard Thomas,JUMBO,REFINANCE,GA,12706,US Bank,768338.00,545047.80,6.194,4362.50,2021-07-29,2031-07-29,2032-07-12,2032-08-11,DELINQUENT,65,COMPLETE,SECOND
L006822,B9781,Thomas Jones,,CONVENTIONAL,PURCHASE,AR,52890,Quicken Loans,720679.00,408806.11,4.965,3279.99,2022-10-12,2042-10-12,2024-11-05,2024-12-05,CURRENT,0,COMPLETE,FIRST
L002953,B3246,Charles Wilson,James Johnson,FHA,CONSTRUCTION,CO,73979,Quicken Loans,176633.00,104603.07,7.731,1251.75,2018-04-25,2028-04-25,2018-10-29,2018-11-28,DELINQUENT,71,COMPLETE,FIRST
L003206,B2228,Michael Davis,,ARM,CASH_OUT_REFINANCE,AK,76711,Caliber Home Loans,485190.00,235952.37,7.263,3230.27,2016-10-07,2026-10-07,2020-10-05,2020-11-04,DELINQUENT,54,COMPLETE,SECOND
L001436,B8686,Thomas Thomas,Lisa Johnson,CONVENTIONAL,CONSTRUCTION,MA,20871,Bank of America,528025.00,254227.27,8.019,3881.38,2012-08-07,2022-08-07,2022-07-15,2022-08-14,DEFAULT,336,COMPLETE,FIRST
L001473,B7969,Joseph Thomas,Charles White,CONVENTIONAL,CONSTRUCTION,NC,84844,Quicken Loans,319828.00,193902.32,7.798,2286.18,2013-11-24,2043-11-24,2014-04-20,2014-05-20,CURRENT,0,MISSING,FIRST
L002667,B3205,Joseph Davis,Jessica Lee,FIXED,REFINANCE,NM,75699,Green Tree Servicing,97773.00,76856.09,6.568,588.66,2013-07-09,2028-07-09,2013-10-10,2013-11-09,CURRENT,0,INCOMPLETE,SECOND
L001933,B8850,Karen Thompson,,VA,REFINANCE,FL,70280,JPMorgan Chase Bank,434072.00,323847.09,3.241,1289.59,2010-11-25,2040-11-25,2011-11-04,2011-12-04,CURRENT,0,COMPLETE,SECOND
L008310,B7921,Lisa Martinez,,VA,REFINANCE,OH,58167,Green Tree Servicing,449662.00,0.00,8.482,3496.20,2012-04-19,2042-04-19,2018-11-15,2018-12-15,PAID_OFF,0,COMPLETE,FIRST
L000393,B1034,Richard Jackson,,FIXED,HOME_EQUITY,NH,27407,Citimortgage,178270.00,207564.58,5.785,945.35,2011-07-08,2021-07-08,2016-04-12,2016-05-12,CURRENT,0,MISSING,FIRST
L005803,B5950,David Martinez,,ARM,REFINANCE,AL,74445,Caliber Home Loans,662959.00,302364.16,8.003,4863.52,2018-02-10,2048-02-10,2021-10-21,2021-11-20,CURRENT,0,INCOMPLETE,FIRST
L001958,B6181,Robert Martinez,William Miller,VA,REFINANCE,MD,75916,PHH Mortgage,391475.00,0.00,8.293,2975.96,2021-02-06,2051-02-06,2029-12-09,2030-01-08,PAID_OFF,0,COMPLETE,FIRST
L002001,B2734,Barbara Jackson,,CONVENTIONAL,PURCHASE,AK,32778,US Bank,82803.00,66824.97,6.942,526.92,2020-03-20,2035-03-20,2027-11-30,2027-12-30,DELINQUENT,69,INCOMPLETE,SECOND
L007487,B4266,Michael Williams,,JUMBO,PURCHASE,ND,41018,Freedom Mortgage,313202.00,262376.18,5.588,1604.33,2015-02-18,2030-02-18,2024-08-11,2024-09-10,DELINQUENT,68,COMPLETE,SECOND
L004814,B3125,William Lee,,CONVENTIONAL,CONSTRUCTION,ND,10957,US Bank,263766.00,178736.15,5.362,1296.45,2012-02-10,2032-02-10,2015-09-05,2015-10-05,CURRENT,0,COMPLETE,SECOND
L005795,B6519,Charles Anderson,,JUMBO,REFINANCE,AL,52543,Green Tree Servicing,202051.00,112888.72,8.273,1532.27,2022-11-13,2032-11-13,2026-03-01,2026-03-31,CURRENT,0,MISSING,FIRST
L009551,B4538,James Jackson,,ARM,PURCHASE,MN,92915,PNC Bank,321453.00,181476.50,5.216,1536.97,2020-01-08,2035-01-08,2030-04-11,2030-05-11,CURRENT,0,COMPLETE,SECOND
L009492,B8947,Sarah Jackson,,ARM,CASH_OUT_REFINANCE,MN,83497,JPMorgan Chase Bank,406922.00,271767.76,3.157,1177.60,2014-05-08,2024-05-08,2021-05-17,2021-06-16,CURRENT,0,COMPLETE,FIRST
L001427,B9861,Linda Williams,,JUMBO,HOME_EQUITY,ME,54555,JPMorgan Chase Bank,101157.00,34308.31,3.8,352.36,2021-10-01,2031-10-01,2025-01-13,2025-02-12,CURRENT,0,COMPLETE,FIRST
L003484,B7917,James Miller,,FHA,CONSTRUCTION,NC,73431,SunTrust Mortgage,316239.00,185458.16,5.043,1461.89,2011-03-19,2041-03-19,2019-04-05,2019-05-05,CURRENT,0,COMPLETE,FIRST
L007823,B5370,Mary Jackson,,FHA,CASH_OUT_REFINANCE,DC,17188,Citimortgage,224971.00,76957.09,6.253,1289.52,2016-08-08,2046-08-08,2027-07-20,2027-08-19,DELINQUENT,65,MISSING,SECOND
L006261,B4767,Susan Thomas,Charles Thomas,VA,PURCHASE,AK,54323,Quicken Loans,650004.00,328301.01,4.816,2869.55,2018-06-05,2033-06-05,2021-02-16,2021-03-18,CURRENT,0,COMPLETE,SECOND
L002949,B3821,Jessica Martin,,FHA,HOME_EQUITY,IN,88468,PHH Mortgage,275526.00,0.00,3.319,838.26,2015-08-01,2035-08-01,2024-07-07,2024-08-06,CLOSED,0,COMPLETE,SECOND
L008069,B3162,Barbara Garcia,,ARM,CONSTRUCTION,IL,55944,Nationstar Mortgage,749322.00,422982.96,3.368,2313.41,2011-06-16,2031-06-16,2015-02-23,2015-03-25,DEFAULT,250,COMPLETE,SECOND
L007910,B7652,Michael Garcia,,FHA,HOME_EQUITY,NM,53669,Quicken Loans,111907.00,80245.89,5.382,552.09,2013-09-29,2033-09-29,2023-04-05,2023-05-05,DELINQUENT,52,COMPLETE,FIRST
L003862,B6431,Linda Lee,Lisa Thompson,CONVENTIONAL,CASH_OUT_REFINANCE,AR,89318,Quicken Loans,112883.00,0.00,8.431,872.41,2014-01-28,2044-01-28,2019-05-26,2019-06-25,PAID_OFF,0,COMPLETE,SECOND
L003214,B9394,Richard Brown,,USDA,CONSTRUCTION,CO,11031,Freedom Mortgage,272138.00,156545.44,7.969,1987.95,2013-10-24,2033-10-24,2017-12-23,2018-01-22,CURRENT,0,COMPLETE,FIRST
L009270,B9929,Jennifer Lee,,CONVENTIONAL,PURCHASE,NV,29577,JPMorgan Chase Bank,190207.00,115559.77,6.366,1109.95,2011-06-26,2031-06-26,2014-07-05,2014-08-04,CURRENT,0,COMPLETE,SECOND
L006431,B6385,John Wilson,,FIXED,HOME_EQUITY,KY,31900,Citimortgage,89102.00,48967.09,4.702,384.04,2013-09-19,2033-09-19,2014-09-28,2014-10-28,DEFAULT,217,INCOMPLETE,SECOND
L003083,B4861,Patricia Anderson,Linda Smith,CONVENTIONAL,REFINANCE,CO,34426,PNC Bank,540431.00,200163.12,7.08,3507.40,2017-10-02,2047-10-02,2019-11-08,2019-12-08,DEFAULT,108,COMPLETE,SECOND
L001706,B8244,Charles Moore,,CONVENTIONAL,PURCHASE,MN,55695,Flagstar Bank,312263.00,194367.18,4.451,1274.06,2012-05-02,2022-05-02,2016-10-11,2016-11-10,CURRENT,0,MISSING,FIRST
L005430,B8863,Joseph Williams,Karen Wilson,VA,CONSTRUCTION,SC,78307,US Bank,718296.00,324180.11,4.373,2879.35,2019-11-14,2029-11-14,2022-10-18,2022-11-17,CURRENT,0,COMPLETE,SECOND
L007934,B1727,Linda Martinez,,JUMBO,CASH_OUT_REFINANCE,OH,68453,Bank of America,336329.00,225439.12,4.976,1534.11,2019-04-24,2049-04-24,2021-05-29,2021-06-28,DELINQUENT,80,COMPLETE,FIRST
L007673,B4915,Michael Miller,,CONVENTIONAL,CASH_OUT_REFINANCE,KS,53443,Citimortgage,413338.00,243121.07,3.48,1318.55,2013-06-08,2033-06-08,2015-02-15,2015-03-17,DELINQUENT,87,COMPLETE,FIRST
L002271,B7933,Charles Taylor,,VA,CASH_OUT_REFINANCE,MO,79732,Freedom Mortgage,574761.00,429455.76,6.439,3392.48,2015-06-30,2025-06-30,2018-01-08,2018-02-07,CURRENT,0,MISSING,SECOND
L009447,B9836,James Thomas,Jennifer Taylor,ARM,CONSTRUCTION,VA,69682,Green Tree Servicing,387387.00,0.00,4.872,1730.07,2020-06-17,2040-06-17,2029-12-08,2030-01-07,PAID_OFF,0,COMPLETE,SECOND
L001824,B4294,John Jackson,Sarah Miller,CONVENTIONAL,PURCHASE,TN,29610,PHH Mortgage,633355.00,502166.50,5.877,3412.04,2017-03-09,2037-03-09,2021-12-01,2021-12-31,CURRENT,0,COMPLETE,FIRST
L009906,B4276,John Smith,,ARM,PURCHASE,ND,44449,Citimortgage,638286.00,408576.19,6.618,3872.16,2014-12-25,2044-12-25,2019-11-05,2019-12-05,DEFAULT,225,COMPLETE,SECOND
L003923,B2548,Thomas Martinez,,ARM,PURCHASE,WV,46897,Flagstar Bank,91120.00,0.00,3.084,257.60,2018-02-12,2028-02-12,2018-04-06,2018-05-06,PAID_OFF,0,COMPLETE,FIRST
L006044,B2696,James Johnson,,JUMBO,CONSTRUCTION,OK,83509,Wells Fargo Home Mortgage,629879.00,356256.24,3.066,1770.27,2014-01-05,2034-01-05,2021-06-06,2021-07-06,CURRENT,0,COMPLETE,SECOND
L004581,B8115,James Anderson,,ARM,REFINANCE,WV,73297,Quicken Loans,527952.00,208482.65,5.854,2833.08,2022-06-29,2052-06-29,2029-02-18,2029-03-20,CURRENT,0,MISSING,FIRST
L004137,B2961,Sarah Wilson,Lisa Taylor,FIXED,PURCHASE,NY,61889,Citimortgage,240619.00,163707.16,8.287,1827.84,2010-02-12,2030-02-12,2020-12-13,2021-01-12,CURRENT,0,INCOMPLETE,FIRST
L008236,B3712,Thomas Taylor,,USDA,REFINANCE,SD,49911,Nationstar Mortgage,271556.00,147140.45,4.008,997.70,2012-12-13,2022-12-13,2023-09-14,2023-10-14,CURRENT,0,COMPLETE,FIRST
L001936,B1887,Susan Hernandez,,CONVENTIONAL,CONSTRUCTION,AL,85896,Wells Fargo Home Mortgage,757214.00,347201.01,3.952,2743.13,2020-08-11,2030-08-11,2022-04-22,2022-05-22,CURRENT,0,COMPLETE,SECOND
L009361,B7640,William Garcia,Mary Hernandez,CONVENTIONAL,REFINANCE,AK,72679,US Bank,418215.00,150859.37,7.644,2930.43,2015-10-13,2045-10-13,2021-01-05,2021-02-04,CURRENT,0,INCOMPLETE,FIRST
L004331,B7641,John Garcia,,FHA,CONSTRUCTION,UT,66773,JPMorgan Chase Bank,284981.00,83899.46,3.67,958.72,2010-09-24,2020-09-24,2017-07-12,2017-08-11,CURRENT,0,COMPLETE,SECOND
L004857,B7161,John Miller,,CONVENTIONAL,HOME_EQUITY,NE,45429,Nationstar Mortgage,617843.00,259419.29,8.256,4675.84,2011-02-21,2041-02-21,2013-04-02,2013-05-02,CURRENT,0,INCOMPLETE,SECOND
L002294,B2689,Linda Miller,,FIXED,REFINANCE,WI,58290,SunTrust Mortgage,191275.00,0.00,3.631,636.64,2015-04-04,2030-04-04,2025-11-07,2025-12-07,PAID_OFF,0,COMPLETE,SECOND
L009706,B9321,Lisa Davis,,FHA,CASH_OUT_REFINANCE,NE,83377,JPMorgan Chase Bank,229525.00,202590.75,5.671,1193.17,2019-09-16,2039-09-16,2022-05-10,2022-06-09,CURRENT,0,COMPLETE,FIRST
L009942,B4193,Robert Thomas,,VA,REFINANCE,LA,72321,SunTrust Mortgage,219557.00,141080.47,5.657,1138.53,2018-01-21,2048-01-21,2028-11-30,2028-12-30,CURRENT,0,COMPLETE,FIRST
L002952,B3628,Richard Miller,,JUMBO,CASH_OUT_REFINANCE,AZ,12972,PNC Bank,625472.00,306625.27,2.94,1685.65,2018-01-13,2048-01-13,2027-12-07,2028-01-06,DELINQUENT,34,COMPLETE,SECOND
L000919,B5719,James Johnson,Barbara Taylor,ARM,REFINANCE,MI,86851,Flagstar Bank,236410.00,166742.77,5.512,1194.50,2016-10-30,2026-10-30,2027-10-06,2027-11-05,CURRENT,0,COMPLETE,FIRST
L003010,B6660,Richard Taylor,Robert Davis,VA,PURCHASE,OH,74376,Citimortgage,587631.00,0.00,3.237,1743.65,2020-01-14,2035-01-14,2026-05-14,2026-06-13,PAID_OFF,0,COMPLETE,FIRST
L009320,B7913,David Thompson,Patricia Miller,USDA,CASH_OUT_REFINANCE,MS,69169,Citimortgage,771360.00,316968.24,7.734,5468.56,2012-08-26,2022-08-26,2015-04-15,2015-05-15,DELINQUENT,32,COMPLETE,FIRST
L008951,B9562,Jennifer Miller,Michael Davis,USDA,REFINANCE,MO,80233,Freedom Mortgage,454957.00,226216.07,5.321,2219.09,2022-02-22,2042-02-22,2024-11-03,2024-12-03,CURRENT,0,COMPLETE,SECOND
L003210,B1643,Joseph Williams,Barbara White,ARM,HOME_EQUITY,WY,23593,Green Tree Servicing,447009.00,216040.72,8.129,3330.92,2013-06-10,2033-06-10,2020-08-31,2020-09-30,DELINQUENT,39,MISSING,FIRST
L005002,B8897,William White,Sarah Davis,ARM,CASH_OUT_REFINANCE,TN,84464,Flagstar Bank,790418.00,678801.15,4.943,3581.45,2021-03-21,2036-03-21,2027-03-20,2027-04-19,CURRENT,0,COMPLETE,FIRST
L001150,B5113,Jessica Smith,Robert Thomas,FHA,CASH_OUT_REFINANCE,MN,44669,Citimortgage,148873.00,0.00,3.895,531.54,2010-03-11,2020-03-11,2017-04-03,2017-05-03,PAID_OFF,0,COMPLETE,FIRST
L002407,B8571,James Miller,,USDA,PURCHASE,CO,58161,SunTrust Mortgage,678676.00,338003.29,7.934,4935.90,2015-11-26,2045-11-26,2026-03-30,2026-04-29,CURRENT,0,COMPLETE,SECOND
L002960,B1513,Michael Davis,,FIXED,REFINANCE,NV,11100,Wells Fargo Home Mortgage,413220.00,0.00,5.141,1947.33,2022-04-04,2052-04-04,2026-08-25,2026-09-24,PAID_OFF,0,COMPLETE,FIRST
L007986,B1522,Jessica Thomas,,CONVENTIONAL,CONSTRUCTION,IA,65383,Citimortgage,722602.00,257160.99,5.962,3949.14,2014-01-19,2029-01-19,2024-03-27,2024-04-26,CURRENT,0,COMPLETE,FIRST
L005105,B5274,Michael White,,JUMBO,CONSTRUCTION,NH,71144,PNC Bank,710586.00,598424.85,3.433,2236.15,2013-06-22,2033-06-22,2017-01-15,2017-02-14,CURRENT,0,MISSING,FIRST
L006703,B7194,William Thomas,Patricia Taylor,FHA,CONSTRUCTION,SC,28865,Freedom Mortgage,66730.00,29267.73,7.457,456.14,2016-07-25,2031-07-25,2026-07-02,2026-08-01,DEFAULT,119,COMPLETE,SECOND
L003935,B6440,Jennifer Johnson,Michael Jackson,ARM,CONSTRUCTION,NH,77071,Quicken Loans,798613.00,367293.71,4.246,3108.33,2017-01-11,2047-01-11,2021-05-12,2021-06-11,CURRENT,0,COMPLETE,SECOND
L003830,B3428,Jessica Taylor,John Jones,FIXED,REFINANCE,HI,56235,Caliber Home Loans,757778.00,233487.65,7.813,5427.14,2020-01-13,2030-01-13,2020-07-06,2020-08-05,CURRENT,0,MISSING,FIRST
L005323,B6091,Robert Thomas,,CONVENTIONAL,CASH_OUT_REFINANCE,KY,34351,US Bank,500188.00,0.00,7.043,3229.26,2012-07-22,2022-07-22,2017-08-15,2017-09-14,PAID_OFF,0,COMPLETE,FIRST
L006167,B4794,James Jackson,,ARM,CASH_OUT_REFINANCE,NV,41987,US Bank,617097.00,0.00,2.787,1576.53,2017-03-15,2027-03-15,2024-07-04,2024-08-03,PAID_OFF,0,COMPLETE,FIRST
L000065,B5758,Karen Wilson,,ARM,CASH_OUT_REFINANCE,NM,27992,JPMorgan Chase Bank,94109.00,38500.51,4.226,364.56,2011-10-10,2031-10-10,2025-06-03,2022-04-19,CURRENT,0,COMPLETE,FIRST
L002301,B6973,Mary Moore,,CONVENTIONAL,CASH_OUT_REFINANCE,SC,20757,Citimortgage,255307.00,96030.52,6.95,1626.52,2017-08-06,2047-08-06,2019-04-09,2019-05-09,CURRENT,0,MISSING,FIRST
L007532,B4090,Karen Miller,,JUMBO,PURCHASE,TN,43088,PHH Mortgage,785969.00,348727.50,6.098,4393.44,2013-06-25,2028-06-25,2020-03-08,2020-04-07,DEFAULT,91,COMPLETE,FIRST
L002069,B6161,Jennifer Garcia,Richard Anderson,USDA,PURCHASE,CO,16010,Wells Fargo Home Mortgage,534399.00,402119.10,6.508,3188.05,2011-12-19,2031-12-19,2021-01-15,2021-02-14,CURRENT,0,COMPLETE,SECOND
L003340,B7264,Robert Lee,William Thomas,CONVENTIONAL,REFINANCE,LA,27672,Green Tree Servicing,399042.00,361264.25,2.616,956.90,2017-04-15,2037-04-15,2023-08-27,2023-09-26,CURRENT,0,COMPLETE,FIRST
L008650,B3766,Patricia Davis,,USDA,CONSTRUCTION,NE,59450,Quicken Loans,621133.00,238542.21,4.85,2761.45,2010-07-10,2030-07-10,2016-06-09,2016-07-09,DELINQUENT,84,COMPLETE,FIRST
L004418,B9467,Barbara Thomas,William Smith,JUMBO,CONSTRUCTION,MT,40489,PHH Mortgage,765808.00,0.00,2.681,1882.04,2021-05-28,2036-05-28,2030-06-22,2030-07-22,PAID_OFF,0,COMPLETE,FIRST
L001240,B1674,Linda Wilson,,FIXED,CASH_OUT_REFINANCE,WY,35738,Nationstar Mortgage,226894.00,92941.57,4.222,878.12,2014-12-01,2044-12-01,2018-06-13,2018-07-13,CURRENT,0,COMPLETE,SECOND
L009758,B7830,Linda Johnson,,JUMBO,HOME_EQUITY,LA,66672,US Bank,459714.00,293750.25,7.64,3219.53,2019-10-10,2034-10-10,2021-10-22,2021-11-21,CURRENT,0,COMPLETE,FIRST
L001815,B3335,Michael Brown,,USDA,HOME_EQUITY,IL,37596,Nationstar Mortgage,736796.00,330182.29,3.746,2530.03,2010-10-06,2025-10-06,2019-03-06,2019-04-05,CURRENT,0,COMPLETE,SECOND
L004390,B6889,James Martin,,FHA,REFINANCE,MO,59814,PNC Bank,558231.00,0.00,3.976,2034.57,2011-12-11,2031-12-11,2018-07-11,2018-08-10,PAID_OFF,0,INCOMPLETE,FIRST
L002071,B1923,Thomas Moore,,VA,CONSTRUCTION,HI,23949,Wells Fargo Home Mortgage,535898.00,212902.15,6.276,3083.02,2013-09-14,2043-09-14,2018-04-01,2018-05-01,DELINQUENT,33,COMPLETE,FIRST
L005180,B9805,James Johnson,Karen Martin,FIXED,HOME_EQUITY,CA,45911,Freedom Mortgage,462987.00,193861.56,3.57,1515.12,2020-01-25,2050-01-25,2025-01-03,2025-02-02,CURRENT,0,COMPLETE,SECOND
L003665,B8884,Michael Brown,,FHA,HOME_EQUITY,NV,63004,PHH Mortgage,183491.00,0.00,5.894,991.37,2021-11-11,2041-11-11,2026-04-11,2026-05-11,CLOSED,0,COMPLETE,FIRST
L000337,B2723,Jennifer Williams,,FHA,CASH_OUT_REFINANCE,CT,36248,SunTrust Mortgage,465623.00,312033.40,0.0198,2188.74,2011-11-28,2021-11-28,2013-08-06,2013-09-05,CURRENT,0,COMPLETE,SECOND
L002230,B3923,Jessica Moore,,FIXED,REFINANCE,SD,67462,Wells Fargo Home Mortgage,780124.00,445097.22,5.251,3755.06,2022-10-10,2032-10-10,2030-07-26,2030-08-25,CURRENT,0,COMPLETE,FIRST
L001905,B6364,Michael Martin,,JUMBO,CASH_OUT_REFINANCE,GA,27236,SunTrust Mortgage,298200.00,114734.52,5.658,1546.61,2012-05-09,2032-05-09,2022-01-21,2022-02-20,CURRENT,0,INCOMPLETE,SECOND
L009911,B6332,Barbara Jones,,CONVENTIONAL,HOME_EQUITY,AR,30417,Flagstar Bank,599834.00,219433.88,2.806,1542.87,2017-11-19,2037-11-19,2021-09-11,2021-10-11,CURRENT,0,COMPLETE,SECOND
L005892,B8791,Richard Davis,,VA,PURCHASE,WI,52659,Quicken Loans,328858.00,153723.17,3.694,1113.57,2016-06-17,2046-06-17,2027-01-24,2027-02-23,CURRENT,0,COMPLETE,FIRST
L005578,B2065,Joseph Lee,,FHA,CASH_OUT_REFINANCE,FL,76641,PHH Mortgage,132775.00,58780.82,3.747,456.05,2022-03-13,2037-03-13,2027-01-02,2027-02-01,CURRENT,0,COMPLETE,FIRST
L008230,B5716,Robert White,,ARM,REFINANCE,CO,95672,SunTrust Mortgage,453208.00,261729.22,6.15,2554.96,2014-03-21,2029-03-21,2023-10-19,2023-11-18,CURRENT,0,COMPLETE,SECOND
L003029,B2136,Sarah Johnson,,JUMBO,REFINANCE,NJ,39496,Wells Fargo Home Mortgage,702429.00,0.00,7.125,4587.74,2021-03-16,2031-03-16,2028-12-29,2029-01-28,CLOSED,0,COMPLETE,FIRST
L005889,B3345,Barbara White,,FIXED,CONSTRUCTION,GA,60896,Flagstar Bank,309507.00,171114.01,4.529,1284.94,2020-05-30,2035-05-30,2024-04-15,2024-05-15,CURRENT,0,COMPLETE,FIRST
L004948,B6567,Richard Williams,,USDA,HOME_EQUITY,IL,22787,Freedom Mortgage,780067.00,549909.38,6.886,4923.91,2022-11-17,2052-11-17,2028-01-03,2028-02-02,CURRENT,0,COMPLETE,SECOND
L008490,B4911,William Brown,,VA,PURCHASE,OH,56034,US Bank,198433.00,78371.81,5.092,926.22,2020-10-04,2050-10-04,2023-02-28,2023-03-30,CURRENT,0,COMPLETE,FIRST
L000111,B8039,Mary Johnson,Joseph Smith,CONVENTIONAL,REFINANCE,NY,67840,Freedom Mortgage,272142.00,89356.19,5.468,1364.07,,2037-03-29,2021-02-09,2021-03-11,CURRENT,0,INCOMPLETE,FIRST
L004502,B3133,Jessica Brown,,USDA,REFINANCE,OR,71571,Wells Fargo Home Mortgage,77225.00,32710.26,5.334,377.59,2019-04-10,2039-04-10,2030-01-10,2030-02-09,DELINQUENT,53,COMPLETE,FIRST
L007822,B6755,David Smith,,ARM,CASH_OUT_REFINANCE,NC,82519,PHH Mortgage,418150.00,202258.24,6.494,2489.18,2019-12-28,2049-12-28,2025-02-05,2025-03-07,CURRENT,0,COMPLETE,FIRST
L009167,B1907,James Lee,Robert Hernandez,CONVENTIONAL,HOME_EQUITY,NM,96051,Flagstar Bank,303784.00,0.00,7.577,2109.96,2022-11-15,2042-11-15,2025-06-09,2025-07-09,PAID_OFF,0,INCOMPLETE,SECOND
L001622,B1453,Susan Jones,Robert Thompson,JUMBO,PURCHASE,OK,45212,SunTrust Mortgage,697417.00,433555.12,3.275,2093.70,2011-08-27,2026-08-27,2012-04-02,2012-05-02,CURRENT,0,COMPLETE,FIRST
L007174,B9099,William Miller,,FIXED,CONSTRUCTION,MT,35575,Green Tree Servicing,247865.00,0.00,7.384,1677.72,2013-05-09,2033-05-09,2021-12-21,2022-01-20,PAID_OFF,0,COMPLETE,FIRST
L003176,B9678,Thomas Thompson,Mary Jones,JUMBO,HOME_EQUITY,SD,94167,Flagstar Bank,449731.00,270803.85,3.476,1432.99,2016-01-06,2046-01-06,2022-12-01,2022-12-31,DEFAULT,244,MISSING,SECOND
L004986,B8079,William Anderson,,USDA,CASH_OUT_REFINANCE,OK,82759,Freedom Mortgage,359352.00,165238.78,7.004,2307.16,2015-04-29,2030-04-29,2018-12-15,2019-01-14,DELINQUENT,71,COMPLETE,FIRST
L001061,B3227,Lisa Thomas,,USDA,CONSTRUCTION,VA,63213,Wells Fargo Home Mortgage,743771.00,323046.19,3.039,2071.96,2016-11-23,2026-11-23,2027-07-12,2027-08-11,CURRENT,0,COMPLETE,SECOND
L002865,B2098,Mary Jones,,FHA,HOME_EQUITY,AK,83021,Quicken Loans,603736.00,453451.39,8.072,4467.24,2020-05-07,2030-05-07,2028-01-01,2028-01-31,CURRENT,0,COMPLETE,SECOND
L003368,B5835,Patricia Smith,David Miller,FHA,PURCHASE,AZ,57653,Citimortgage,139223.00,47991.91,5.749,733.69,2013-09-17,2023-09-17,2016-03-03,2016-04-02,CURRENT,0,INCOMPLETE,FIRST
L001704,B3150,Susan White,,CONVENTIONAL,CASH_OUT_REFINANCE,WY,56219,SunTrust Mortgage,236741.00,193625.87,6.155,1335.71,2014-12-09,2034-12-09,2025-10-03,2025-11-02,DELINQUENT,76,COMPLETE,SECOND
L004362,B4093,Michael White,,USDA,PURCHASE,CO,25786,Freedom Mortgage,701788.00,359526.11,4.077,2622.76,2022-05-10,2037-05-10,2025-01-27,2025-02-26,CURRENT,0,COMPLETE,FIRST
L009573,B6805,Lisa Jones,Barbara Smith,FIXED,REFINANCE,IN,17157,Wells Fargo Home Mortgage,368018.00,138267.31,3.326,1122.03,2017-01-11,2037-01-11,2021-04-08,2021-05-08,CURRENT,0,COMPLETE,SECOND
L005823,B9363,Michael Martin,,JUMBO,CASH_OUT_REFINANCE,OK,94255,Freedom Mortgage,378920.00,304896.17,2.877,999.31,2016-09-20,2036-09-20,2019-07-28,2019-08-27,DELINQUENT,62,COMPLETE,FIRST
L002442,B1918,Susan Smith,,CONVENTIONAL,REFINANCE,OK,91574,PHH Mortgage,172752.00,123797.98,3.631,574.99,2013-07-10,2033-07-10,2018-11-08,2018-12-08,CURRENT,0,COMPLETE,FIRST
L005098,B2894,Jennifer Taylor,,USDA,CONSTRUCTION,ID,25065,Flagstar Bank,127527.00,53651.04,4.575,534.82,2016-05-20,2026-05-20,2020-01-07,2020-02-06,CURRENT,0,COMPLETE,FIRST
L007213,B7135,Thomas Williams,,FIXED,CONSTRUCTION,AK,79548,Nationstar Mortgage,221330.00,169514.72,6.206,1259.11,2011-03-24,2041-03-24,2016-07-28,2016-08-27,CURRENT,0,COMPLETE,SECOND
L004132,B1939,Linda Martinez,Karen Miller,CONVENTIONAL,CASH_OUT_REFINANCE,WY,24614,Wells Fargo Home Mortgage,668724.00,496126.25,7.496,4595.03,2014-07-04,2034-07-04,2016-03-08,2016-04-07,CURRENT,0,COMPLETE,SECOND
L002388,B1368,David Williams,,ARM,CASH_OUT_REFINANCE,CA,73049,Citimortgage,373250.00,0.00,3.942,1348.74,2017-08-02,2027-08-02,2022-08-04,2022-09-03,PAID_OFF,0,INCOMPLETE,SECOND
L000506,B2369,James Taylor,,FHA,PURCHASE,IN,17808,PNC Bank,659184.00,339547.42,6.79,4102.87,2021-10-26,2036-10-26,2029-10-13,2029-11-12,UNKNOWN,0,MISSING,SECOND
L002105,B1068,Robert Anderson,,ARM,REFINANCE,NH,17775,SunTrust Mortgage,313803.00,235718.26,6.724,1934.18,2017-11-07,2032-11-07,2021-05-10,2021-06-09,CURRENT,0,COMPLETE,SECOND
L004279,B9635,Linda Moore,Karen Johnson,FIXED,CONSTRUCTION,MI,23120,Freedom Mortgage,622389.00,426370.45,7.533,4297.75,2017-02-01,2032-02-01,2025-03-25,2025-04-24,CURRENT,0,COMPLETE,SECOND
L000436,B1782,Richard Miller,,VA,REFINANCE,AL,36212,JPMorgan Chase Bank,,221430.57,7.369,4833.99,2012-04-22,2042-04-22,2020-02-17,2020-03-18,CURRENT,0,COMPLETE,FIRST
L004671,B5410,Jessica Thompson,,FHA,PURCHASE,AZ,53889,Quicken Loans,164932.00,0.00,5.087,769.09,2012-05-06,2027-05-06,2022-08-01,2022-08-31,PAID_OFF,0,INCOMPLETE,FIRST
L007206,B2297,Robert Jackson,John Williams,FHA,PURCHASE,MO,44094,US Bank,480451.00,0.00,5.302,2335.07,2022-10-10,2042-10-10,2031-07-15,2031-08-14,PAID_OFF,0,COMPLETE,FIRST
L000660,B1197,Thomas Anderson,,JUMBO,CONSTRUCTION,ZZ,94984,Bank of America,322022.00,125246.89,4.685,1382.95,2021-05-29,2051-05-29,2026-11-02,2026-12-02,DELINQUENT,67,COMPLETE,SECOND
L002260,B9240,Charles Garcia,,FHA,REFINANCE,WA,94569,Flagstar Bank,672915.00,443019.68,4.366,2693.12,2020-08-25,2030-08-25,2030-08-09,2030-09-08,CURRENT,0,INCOMPLETE,FIRST
L005758,B5731,Jessica Moore,,FHA,PURCHASE,NH,10696,Quicken Loans,411074.00,126763.41,5.909,2226.62,2015-10-08,2035-10-08,2016-06-05,2016-07-05,CURRENT,0,COMPLETE,SECOND
L009156,B2681,Sarah Taylor,,VA,PURCHASE,NH,73281,SunTrust Mortgage,187905.00,145580.09,5.394,929.10,2016-09-02,2036-09-02,2023-05-03,2023-06-02,CURRENT,0,COMPLETE,SECOND
L006988,B9587,Thomas Thomas,Barbara Wilson,ARM,CONSTRUCTION,DE,80885,Quicken Loans,136813.00,91569.90,8.136,1020.35,2016-06-24,2031-06-24,2026-12-31,2027-01-30,CURRENT,0,COMPLETE,FIRST
L000966,B8027,Sarah Jackson,,ARM,PURCHASE,MT,77605,Bank of America,383325.00,229370.53,6.402,2249.54,2014-05-03,2034-05-03,2017-06-26,2017-07-26,CURRENT,0,INCOMPLETE,SECOND
L001140,B1999,Thomas Jackson,Richard Jones,JUMBO,PURCHASE,VT,38446,PHH Mortgage,192217.00,87698.69,4.296,756.95,2020-05-04,2035-05-04,2024-11-29,2024-12-29,CURRENT,0,INCOMPLETE,SECOND
L001405,B3885,Susan Johnson,,CONVENTIONAL,REFINANCE,IA,86856,Bank of America,475847.00,0.00,4.795,2091.55,2014-09-16,2044-09-16,2024-06-01,2024-07-01,CLOSED,0,MISSING,FIRST
L006613,B7052,Robert White,Lisa Hernandez,CONVENTIONAL,CONSTRUCTION,KS,23170,Nationstar Mortgage,623893.00,191733.72,3.115,1781.47,2019-12-16,2049-12-16,2026-09-16,2026-10-16,CURRENT,0,COMPLETE,SECOND
L003361,B2193,Patricia Smith,Jessica Lee,JUMBO,HOME_EQUITY,GA,71804,PNC Bank,308884.00,104445.43,7.524,2130.37,2019-08-20,2029-08-20,2029-03-22,2029-04-21,CURRENT,0,MISSING,FIRST
L005482,B5762,Jessica Johnson,,USDA,HOME_EQUITY,KS,46746,US Bank,224818.00,115251.72,6.481,1335.63,2012-11-21,2027-11-21,2017-11-16,2017-12-16,CURRENT,0,COMPLETE,SECOND
L006583,B4921,Karen Anderson,Charles Thomas,USDA,PURCHASE,DE,45215,Freedom Mortgage,263524.00,89820.60,4.01,968.67,2010-09-30,2030-09-30,2013-12-08,2014-01-07,CURRENT,0,COMPLETE,SECOND
L009935,B9996,Jessica Thompson,Barbara Martin,FHA,REFINANCE,NH,96794,Quicken Loans,276098.00,186552.61,4.287,1085.00,2015-07-04,2045-07-04,2025-04-02,2025-05-02,CURRENT,0,COMPLETE,FIRST
L008844,B7275,Thomas Martin,,VA,HOME_EQUITY,MA,57638,PHH Mortgage,357326.00,220996.64,7.943,2601.72,2013-01-25,2028-01-25,2022-09-08,2022-10-08,CURRENT,0,COMPLETE,FIRST
L002113,B3943,Patricia Hernandez,Sarah White,FHA,CASH_OUT_REFINANCE,HI,96589,Caliber Home Loans,705842.00,334206.88,7.11,4600.33,2018-06-29,2033-06-29,2024-03-30,2024-04-29,CURRENT,0,COMPLETE,SECOND
L009409,B9063,Joseph Jones,,FHA,REFINANCE,DE,75437,Flagstar Bank,750551.00,344610.08,6.518,4484.42,2018-03-16,2048-03-16,2024-03-05,2024-04-04,CURRENT,0,INCOMPLETE,FIRST
L000633,B9958,Linda Wilson,,USDA,CASH_OUT_REFINANCE,MT,73249,Flagstar Bank,245203.00,19071.66,7.012,1576.08,2019-11-06,2049-11-06,2026-08-02,2026-09-01,CLOSED,0,COMPLETE,SECOND
L002151,B2335,Charles Jackson,,USDA,CONSTRUCTION,WI,84851,Citimortgage,202383.00,94691.27,6.347,1177.48,2019-08-21,2049-08-21,2029-03-14,2029-04-13,DELINQUENT,54,COMPLETE,SECOND
L007996,B8124,Richard Smith,,VA,REFINANCE,UT,77340,Green Tree Servicing,779314.00,561204.57,5.92,4229.08,2015-01-31,2035-01-31,2025-09-16,2025-10-16,DELINQUENT,60,COMPLETE,FIRST
L007808,B3400,Susan White,,ARM,CASH_OUT_REFINANCE,WY,31696,JPMorgan Chase Bank,310094.00,145437.16,7.311,2078.17,2017-04-28,2027-04-28,2026-02-02,2026-03-04,CURRENT,0,COMPLETE,FIRST
L007488,B9550,David Martin,,USDA,HOME_EQUITY,IN,25211,Citimortgage,174246.00,0.00,2.799,447.07,2018-12-27,2033-12-27,2022-07-07,2022-08-06,CLOSED,0,COMPLETE,FIRST
L005339,B7651,David Anderson,,CONVENTIONAL,HOME_EQUITY,MO,58093,JPMorgan Chase Bank,103700.00,59656.09,2.517,239.26,2010-02-19,2030-02-19,2016-10-08,2016-11-07,CURRENT,0,COMPLETE,FIRST
L007647,B4237,Jessica White,,VA,HOME_EQUITY,VA,76436,SunTrust Mortgage,290862.00,105271.61,5.443,1451.23,2017-07-06,2037-07-06,2018-03-30,2018-04-29,CURRENT,0,COMPLETE,SECOND
L006342,B6508,James Davis,,FIXED,REFINANCE,IN,67406,Caliber Home Loans,503549.00,233325.85,7.642,3527.44,2020-09-09,2050-09-09,2024-09-25,2024-10-25,CURRENT,0,MISSING,SECOND
L001896,B9016,Mary Jackson,Joseph Martin,FHA,HOME_EQUITY,AK,99224,Flagstar Bank,656894.00,243248.18,2.897,1744.44,2011-01-03,2041-01-03,2020-07-25,2020-08-24,DELINQUENT,47,INCOMPLETE,SECOND
L001786,B4853,Robert Davis,,CONVENTIONAL,CASH_OUT_REFINANCE,OR,40852,Caliber Home Loans,499173.00,206631.14,5.474,2504.77,2022-07-31,2037-07-31,2028-10-20,2028-11-19,DELINQUENT,42,INCOMPLETE,SECOND
L001223,B8497,Charles Williams,Thomas Lee,JUMBO,PURCHASE,NM,66879,Bank of America,470670.00,0.00,6.189,2670.23,2020-06-11,2035-06-11,2026-12-27,2027-01-26,CLOSED,0,COMPLETE,SECOND
L005018,B9957,William Smith,,USDA,PURCHASE,NH,50759,Caliber Home Loans,174548.00,0.00,5.608,897.29,2018-10-31,2048-10-31,2024-01-03,2024-02-02,PAID_OFF,0,COMPLETE,FIRST
L000955,B1899,John Davis,,ARM,HOME_EQUITY,OH,84915,Nationstar Mortgage,216050.00,0.00,6.465,1280.37,2010-08-13,2030-08-13,2011-10-06,2011-11-05,PAID_OFF,0,MISSING,SECOND
L005752,B2424,Mary Martin,,USDA,CASH_OUT_REFINANCE,WA,10266,SunTrust Mortgage,632035.00,0.00,3.305,1914.80,2017-05-23,2027-05-23,2020-10-31,2020-11-30,PAID_OFF,0,COMPLETE,SECOND
L001189,B2313,Sarah Brown,,JUMBO,HOME_EQUITY,DE,64387,Wells Fargo Home Mortgage,143811.00,128843.69,7.346,968.40,2010-09-23,2020-09-23,2013-02-28,2013-03-30,CURRENT,0,COMPLETE,FIRST
L004709,B3428,Jessica Thompson,,FIXED,REFINANCE,NJ,47416,US Bank,343256.00,0.00,8.012,2520.99,2017-12-03,2037-12-03,2025-04-13,2025-05-13,PAID_OFF,0,MISSING,FIRST
L003305,B2321,David Martin,,ARM,HOME_EQUITY,AK,74542,Citimortgage,322591.00,115616.31,4.568,1350.80,2018-01-05,2038-01-05,2020-12-24,2021-01-23,CURRENT,0,COMPLETE,SECOND
L003004,B1126,Michael Jackson,,ARM,CONSTRUCTION,NC,79638,PNC Bank,269697.00,213984.39,6.83,1688.53,2013-03-02,2028-03-02,2017-06-27,2017-07-27,CURRENT,0,COMPLETE,SECOND
L004531,B8366,John Williams,Lisa Moore,FIXED,CONSTRUCTION,RI,36255,Wells Fargo Home Mortgage,751791.00,431481.20,7.422,5114.81,2014-08-24,2034-08-24,2016-07-21,2016-08-20,CURRENT,0,COMPLETE,FIRST
L001770,B4030,Robert Jackson,,FIXED,HOME_EQUITY,AR,44350,Freedom Mortgage,147026.00,64895.59,4.296,578.99,2018-05-24,2048-05-24,2021-10-14,2021-11-13,DELINQUENT,32,INCOMPLETE,FIRST
L000091,B8075,Robert Thomas,,ARM,REFINANCE,VA,61068,PNC Bank,244760.00,191100.05,6.578,1475.86,2018-07-11,2028-07-11,2027-04-07,2027-05-07,CURRENT,7,COMPLETE,SECOND
L001616,B7696,Linda Miller,,USDA,HOME_EQUITY,MD,76395,Wells Fargo Home Mortgage,232117.00,124930.64,5.958,1267.71,2012-07-15,2042-07-15,2022-11-20,2022-12-20,DELINQUENT,30,COMPLETE,SECOND
L003057,B2458,Barbara Garcia,,CONVENTIONAL,CONSTRUCTION,WI,26667,Nationstar Mortgage,785265.00,642224.18,3.701,2664.08,2018-03-27,2048-03-27,2021-10-18,2021-11-17,DELINQUENT,53,COMPLETE,FIRST
L007224,B3985,Karen Smith,Michael Thomas,JUMBO,PURCHASE,DE,51146,US Bank,357578.00,297478.94,5.581,1829.34,2011-03-13,2021-03-13,2018-04-21,2018-05-21,CURRENT,0,INCOMPLETE,FIRST
L008676,B9904,James Davis,Jennifer Jackson,ARM,CASH_OUT_REFINANCE,OK,27536,JPMorgan Chase Bank,751287.00,270139.60,7.695,5299.39,2014-05-17,2044-05-17,2016-08-31,2016-09-30,DELINQUENT,31,INCOMPLETE,FIRST
L001180,B5251,Patricia Jones,,ARM,REFINANCE,HI,61673,Freedom Mortgage,296287.00,0.00,4.598,1248.80,2019-06-18,2029-06-18,2025-01-18,2025-02-17,CLOSED,0,MISSING,FIRST
L006646,B6225,Michael White,William Davis,USDA,CONSTRUCTION,PA,10946,Quicken Loans,347839.00,220825.65,8.28,2640.10,2016-04-23,2046-04-23,2022-01-04,2022-02-03,CURRENT,0,COMPLETE,SECOND
L005452,B1881,Susan Garcia,,USDA,CONSTRUCTION,MO,22159,Caliber Home Loans,781405.00,692708.22,7.504,5375.02,2017-05-22,2037-05-22,2019-09-01,2019-10-01,CURRENT,0,MISSING,SECOND
L002055,B7751,Charles Lee,Thomas Moore,ARM,PURCHASE,MA,96079,Quicken Loans,688176.00,410921.82,5.245,3308.69,2015-09-04,2035-09-04,2020-11-08,2020-12-08,DELINQUENT,58,COMPLETE,SECOND
L001360,B1864,James Anderson,,FHA,REFINANCE,MI,47788,PHH Mortgage,243657.00,168190.94,3.671,819.93,2014-02-24,2044-02-24,2024-01-14,2024-02-13,CURRENT,0,MISSING,FIRST
L005232,B1347,Lisa Smith,,CONVENTIONAL,CASH_OUT_REFINANCE,OH,41141,PHH Mortgage,562673.00,413389.30,4.204,2168.35,2014-04-06,2029-04-06,2020-10-26,2020-11-25,CURRENT,0,COMPLETE,FIRST
L002511,B9291,Richard Davis,Lisa Jones,FHA,CONSTRUCTION,FL,73743,PHH Mortgage,272160.00,89646.82,3.587,894.88,2018-02-20,2028-02-20,2024-12-08,2025-01-07,CURRENT,0,INCOMPLETE,SECOND
L002292,B7116,Mary Anderson,,VA,CASH_OUT_REFINANCE,AZ,55964,PHH Mortgage,566713.00,416056.80,6.056,3146.01,2022-01-24,2037-01-24,2023-07-27,2023-08-26,DELINQUENT,31,COMPLETE,FIRST
L008921,B2670,Robert Wilson,,FHA,CONSTRUCTION,AR,69926,PNC Bank,682095.00,222532.61,5.21,3257.57,2014-08-25,2034-08-25,2017-09-07,2017-10-07,DELINQUENT,50,COMPLETE,SECOND
L008448,B6868,Linda Jackson,Susan Miller,JUMBO,HOME_EQUITY,ID,70143,Green Tree Servicing,780267.00,523656.76,7.316,5232.73,2011-09-27,2021-09-27,2011-11-17,2011-12-17,DEFAULT,109,COMPLETE,SECOND
L001246,B1979,James Martinez,,VA,CONSTRUCTION,AZ,66151,Wells Fargo Home Mortgage,206397.00,90529.08,5.217,987.04,2013-09-29,2023-09-29,2013-12-13,2014-01-12,DEFAULT,287,COMPLETE,SECOND
L001482,B4490,Linda Johnson,Lisa Miller,VA,CONSTRUCTION,WI,99763,PHH Mortgage,374721.00,198387.70,6.328,2173.63,2011-03-29,2026-03-29,2017-12-26,2018-01-25,CURRENT,0,COMPLETE,SECOND
L004054,B2989,Mary Thompson,,FHA,PURCHASE,ND,67521,SunTrust Mortgage,575586.00,356654.52,5.717,3016.41,2018-07-03,2028-07-03,2024-08-28,2024-09-27,CURRENT,0,MISSING,SECOND
L001202,B5590,Mary Martin,,VA,CONSTRUCTION,AK,44547,Citimortgage,493391.00,283062.78,7.139,3228.79,2020-07-05,2035-07-05,2021-01-01,2021-01-31,CURRENT,0,COMPLETE,SECOND
L008107,B8235,Mary Wilson,,CONVENTIONAL,REFINANCE,AZ,26770,SunTrust Mortgage,71854.00,48333.93,4.186,275.72,2010-07-07,2030-07-07,2012-01-25,2012-02-24,CURRENT,0,COMPLETE,SECOND
L007193,B5398,Linda Garcia,Karen Smith,JUMBO,CASH_OUT_REFINANCE,MT,17205,Green Tree Servicing,552013.00,503495.46,3.848,1947.13,2016-01-21,2046-01-21,2017-09-04,2017-10-04,CURRENT,0,COMPLETE,FIRST
L009143,B4732,Richard White,,ARM,REFINANCE,MS,82756,Citimortgage,370503.00,293750.24,3.527,1197.87,2010-01-30,2030-01-30,2019-03-07,2019-04-06,DELINQUENT,34,COMPLETE,FIRST
L001388,B5243,Patricia Davis,Richard Martin,ARM,CONSTRUCTION,TN,33597,US Bank,451375.00,212726.06,7.744,3204.16,2020-09-07,2030-09-07,2028-03-16,2028-04-15,CURRENT,0,MISSING,FIRST
L008691,B3111,Barbara Lee,,CONVENTIONAL,CONSTRUCTION,GA,23136,PHH Mortgage,102610.00,69437.12,5.732,539.15,2019-02-04,2049-02-04,2026-08-30,2026-09-29,CURRENT,0,COMPLETE,FIRST
L001400,B0000,Jennifer Davis,,VA,REFINANCE,OH,37864,US Bank,332437.00,0.00,4.308,1312.79,2021-03-10,2036-03-10,2024-11-22,2024-12-22,PAID_OFF,0,COMPLETE,FIRST
L004111,B1360,Lisa Martinez,Richard Martinez,FHA,PURCHASE,IA,12571,Bank of America,603528.00,520602.11,4.403,2435.89,2022-05-04,2052-05-04,2026-01-16,2026-02-15,CURRENT,0,COMPLETE,FIRST
L009554,B1596,Sarah Jackson,,JUMBO,CASH_OUT_REFINANCE,WY,87423,Quicken Loans,107118.00,69520.29,6.24,612.71,2022-06-29,2032-06-29,2022-09-17,2022-10-17,CURRENT,0,COMPLETE,FIRST
L006793,B7654,Joseph Jackson,,JUMBO,CASH_OUT_REFINANCE,LA,74001,JPMorgan Chase Bank,564413.00,0.00,5.07,2623.11,2018-01-06,2028-01-06,2026-11-13,2026-12-13,PAID_OFF,0,COMPLETE,SECOND
L000531,B5263,Robert Smith,,USDA,PURCHASE,SD,84946,Caliber Home Loans,-629763.00,338170.47,3.454,1993.93,2017-03-26,2032-03-26,2018-05-11,2018-06-10,CURRENT,0,INCOMPLETE,FIRST
L006531,B8250,Michael Wilson,,ARM,PURCHASE,NJ,75516,Citimortgage,731880.00,290614.08,2.748,1843.61,2019-03-29,2029-03-29,2022-07-28,2022-08-27,CURRENT,0,COMPLETE,FIRST
L003806,B4974,Thomas Martinez,,CONVENTIONAL,HOME_EQUITY,NY,21318,Caliber Home Loans,768470.00,663634.84,3.482,2452.83,2011-07-24,2026-07-24,2013-10-08,2013-11-07,CURRENT,0,COMPLETE,FIRST
L005786,B8805,Richard Williams,,JUMBO,REFINANCE,OK,65585,Quicken Loans,231484.00,194286.48,7.021,1489.81,2011-02-17,2031-02-17,2011-12-21,2012-01-20,CURRENT,0,COMPLETE,SECOND
L000643,B7833,Linda Garcia,Patricia Jones,ARM,REFINANCE,OH,92958,Freedom Mortgage,68369.00,52213.49,5.181,324.70,2016-09-04,2026-09-04,2025-05-01,2023-07-10,CURRENT,0,COMPLETE,SECOND
L001573,B8289,Michael Martinez,Jessica Lee,JUMBO,CONSTRUCTION,WA,23349,PNC Bank,505473.00,253783.94,4.603,2132.80,2017-02-28,2027-02-28,2022-08-22,2022-09-21,CURRENT,0,COMPLETE,SECOND
L001552,B1719,David Moore,,JUMBO,HOME_EQUITY,MD,54704,Wells Fargo Home Mortgage,352027.00,254651.39,5.815,1876.45,2013-11-22,2028-11-22,2016-11-29,2016-12-29,CURRENT,0,INCOMPLETE,FIRST
L007144,B9142,Linda Lee,,USDA,REFINANCE,MI,68516,Caliber Home Loans,420828.00,159776.43,5.934,2289.09,2021-09-04,2036-09-04,2028-08-29,2028-09-28,CURRENT,0,COMPLETE,FIRST
L001075,B2292,Richard Thomas,John Davis,USDA,HOME_EQUITY,KY,58625,Wells Fargo Home Mortgage,651530.00,296802.24,6.157,3677.18,2011-07-18,2031-07-18,2019-07-17,2019-08-16,CURRENT,0,COMPLETE,FIRST
L008169,B9749,Susan Thomas,Patricia Taylor,FIXED,PURCHASE,IN,98831,PHH Mortgage,136331.00,63134.73,3.943,492.76,2020-02-25,2035-02-25,2023-02-14,2023-03-16,CURRENT,0,COMPLETE,SECOND
L001295,B9110,Robert Martinez,,CONVENTIONAL,CONSTRUCTION,CT,11374,US Bank,104875.00,74978.31,4.389,421.94,2019-02-20,2049-02-20,2019-05-10,2019-06-09,CURRENT,0,INCOMPLETE,SECOND
L003087,B6321,William Garcia,,USDA,CONSTRUCTION,MD,90260,SunTrust Mortgage,226962.00,0.00,3.603,749.60,2013-01-16,2028-01-16,2014-09-08,2014-10-08,PAID_OFF,0,COMPLETE,FIRST
L001438,B2971,Richard Moore,,CONVENTIONAL,HOME_EQUITY,MN,89875,PHH Mortgage,760783.00,473748.72,5.978,4168.96,2020-08-25,2030-08-25,2024-12-12,2025-01-11,CURRENT,0,INCOMPLETE,SECOND
L009056,B9140,Barbara Wilson,,VA,CONSTRUCTION,UT,97229,PHH Mortgage,60271.00,20245.56,4.066,224.64,2017-07-29,2037-07-29,2028-06-13,2028-07-13,CURRENT,0,MISSING,FIRST
L007318,B9460,Charles Jones,,FIXED,CONSTRUCTION,MA,38885,US Bank,202600.00,131593.96,6.571,1220.34,2019-03-15,2049-03-15,2024-08-29,2024-09-28,CURRENT,0,COMPLETE,FIRST
L006795,B7529,Susan Martinez,,FIXED,HOME_EQUITY,MI,94549,Green Tree Servicing,424566.00,293781.54,7.444,2897.10,2016-09-18,2046-09-18,2025-10-24,2025-11-23,DELINQUENT,68,COMPLETE,FIRST
L007786,B5033,William Thompson,Susan Martin,JUMBO,CONSTRUCTION,ND,45683,Quicken Loans,250060.00,190720.43,5.71,1308.86,2015-07-14,2030-07-14,2024-02-27,2024-03-28,CURRENT,0,COMPLETE,SECOND
L003168,B9335,Susan Davis,Jennifer Johnson,USDA,HOME_EQUITY,FL,40806,SunTrust Mortgage,544498.00,187182.80,2.532,1263.78,2010-12-28,2020-12-28,2011-07-10,2011-08-09,CURRENT,0,MISSING,SECOND
L005655,B2629,Sarah Williams,,VA,REFINANCE,CA,78083,Flagstar Bank,205385.00,73294.35,5.137,967.14,2015-04-09,2025-04-09,2019-01-26,2019-02-25,CURRENT,0,COMPLETE,FIRST
L009665,B5808,Charles Brown,Robert Anderson,JUMBO,CONSTRUCTION,OK,40593,Citimortgage,760780.00,420667.34,4.559,3179.36,2011-03-20,2031-03-20,2020-02-12,2020-03-13,CURRENT,0,COMPLETE,FIRST
L005569,B6317,Charles Smith,,VA,REFINANCE,IL,62224,Citimortgage,282681.00,169464.10,4.393,1138.33,2019-01-30,2039-01-30,2027-02-01,2027-03-03,CURRENT,0,COMPLETE,SECOND
L004777,B3399,Lisa Martin,,USDA,HOME_EQUITY,NV,71485,Flagstar Bank,352538.00,319620.67,5.727,1850.74,2017-06-07,2047-06-07,2025-07-23,2025-08-22,CURRENT,0,COMPLETE,FIRST
L008150,B9307,David Davis,David Brown,ARM,HOME_EQUITY,CT,93705,PHH Mortgage,639522.00,357198.64,2.955,1732.31,2016-12-23,2031-12-23,2024-11-12,2024-12-12,CURRENT,0,INCOMPLETE,SECOND
L007892,B4192,Charles Brown,,ARM,PURCHASE,WA,20532,PNC Bank,620978.00,418167.32,6.902,3928.82,2012-06-22,2032-06-22,2023-04-08,2023-05-08,CURRENT,0,COMPLETE,SECOND
L003224,B3187,James White,,FHA,REFINANCE,TN,14719,SunTrust Mortgage,103825.00,78459.76,7.66,729.02,2022-07-21,2032-07-21,2028-05-03,2028-06-02,CURRENT,0,COMPLETE,FIRST
L003185,B3509,Karen Moore,,ARM,REFINANCE,MN,43287,PHH Mortgage,404766.00,288530.54,7.143,2650.31,2021-11-10,2036-11-10,2022-07-21,2022-08-20,CURRENT,0,COMPLETE,SECOND
L003199,B6466,Lisa Thompson,,FIXED,HOME_EQUITY,UT,11330,Caliber Home Loans,574209.00,248833.77,4.89,2573.89,2014-11-21,2024-11-21,2020-09-17,2020-10-17,CURRENT,0,COMPLETE,FIRST
L000586,B5104,Joseph Moore,James Moore,CONVENTIONAL,CASH_OUT_REFINANCE,KY,72941,Flagstar Bank,734752.00,867500.42,7.362,4958.47,2010-04-12,2020-04-12,2013-10-20,2013-11-19,CURRENT,0,INCOMPLETE,FIRST
L004802,B4563,Michael Williams,,ARM,CASH_OUT_REFINANCE,CT,21191,PHH Mortgage,640380.00,241390.77,5.511,3235.04,2016-07-21,2031-07-21,2021-12-18,2022-01-17,CURRENT,0,COMPLETE,SECOND
L007219,B4290,Barbara Thomas,Robert Jackson,JUMBO,CASH_OUT_REFINANCE,ID,82762,US Bank,349436.00,241073.01,3.451,1105.41,2011-12-28,2031-12-28,2012-12-04,2013-01-03,CURRENT,0,COMPLETE,FIRST
L008227,B6012,Robert Lee,Charles Johnson,JUMBO,PURCHASE,MT,33587,Flagstar Bank,535060.00,268990.94,5.421,2658.85,2017-01-26,2027-01-26,2017-06-17,2017-07-17,CURRENT,0,COMPLETE,FIRST
L002734,B1316,William Thomas,,FIXED,CONSTRUCTION,CO,42790,Green Tree Servicing,238827.00,150142.14,5.639,1234.52,2016-10-12,2046-10-12,2020-11-06,2020-12-06,DELINQUENT,67,COMPLETE,FIRST
L001759,B8869,Mary Johnson,Michael Anderson,USDA,CASH_OUT_REFINANCE,NH,86547,Freedom Mortgage,304508.00,0.00,4.553,1270.89,2019-07-16,2034-07-16,2021-10-13,2021-11-12,CLOSED,0,COMPLETE,FIRST
L003491,B3556,Linda Garcia,,ARM,PURCHASE,MI,97555,JPMorgan Chase Bank,563145.00,0.00,3.762,1942.01,2011-04-02,2041-04-02,2017-09-01,2017-10-01,PAID_OFF,0,COMPLETE,SECOND
L003425,B2485,David Wilson,Linda Jackson,VA,REFINANCE,IN,44959,SunTrust Mortgage,705237.00,628251.54,7.841,5068.95,2016-12-06,2036-12-06,2018-05-26,2018-06-25,CURRENT,0,COMPLETE,SECOND
L008919,B5972,Robert Anderson,Jessica Jackson,FIXED,CASH_OUT_REFINANCE,ID,79496,Flagstar Bank,650104.00,0.00,6.866,4091.65,2010-07-04,2040-07-04,2019-05-10,2019-06-09,CLOSED,0,INCOMPLETE,FIRST
L000303,B3079,Jennifer Jackson,,CONVENTIONAL,CASH_OUT_REFINANCE,VT,55593,Caliber Home Loans,266174.00,93831.95,3.359,819.57,2027-07-06,2046-01-29,2020-10-11,2020-11-10,CURRENT,0,COMPLETE,FIRST
L006198,B3667,Barbara Martinez,,VA,HOME_EQUITY,CT,10944,Nationstar Mortgage,570734.00,304210.65,4.792,2507.04,2018-04-15,2038-04-15,2019-04-20,2019-05-20,CURRENT,0,COMPLETE,SECOND
L008023,B2633,Sarah Davis,William Williams,FIXED,CONSTRUCTION,VA,50482,PHH Mortgage,721008.00,538577.53,7.605,5026.33,2022-04-26,2052-04-26,2030-11-25,2030-12-25,CURRENT,0,COMPLETE,SECOND
L000230,B7484,Sarah Williams,,VA,PURCHASE,CO,17834,PNC Bank,304897.00,152634.31,2.554,713.81,2010-12-11,2040-12-11,2018-09-29,2018-10-29,CURRENT,45,COMPLETE,FIRST
L008719,B3647,Mary Smith,,USDA,CONSTRUCTION,RI,81067,PHH Mortgage,97252.00,31915.72,2.946,262.63,2012-08-27,2027-08-27,2013-10-02,2013-11-01,CURRENT,0,COMPLETE,SECOND
L003811,B9386,Barbara Moore,,USDA,CASH_OUT_REFINANCE,OH,76965,SunTrust Mortgage,615541.00,252083.38,8.202,4627.95,2015-09-12,2030-09-12,2016-11-14,2016-12-14,CURRENT,0,COMPLETE,FIRST
L002827,B7374,Linda Johnson,Jennifer Jones,JUMBO,CASH_OUT_REFINANCE,MS,11772,SunTrust Mortgage,484789.00,0.00,5.635,2504.14,2018-07-31,2028-07-31,2024-09-27,2024-10-27,PAID_OFF,0,COMPLETE,FIRST
L008021,B8684,Joseph Taylor,,USDA,CASH_OUT_REFINANCE,MT,81247,PHH Mortgage,358857.00,112019.07,3.089,1016.13,2022-09-18,2037-09-18,2026-11-16,2026-12-16,CURRENT,0,COMPLETE,SECOND
L000012,B5835,Karen Taylor,Richard Smith,VA,HOME_EQUITY,UT,26199,Freedom Mortgage,,175399.27,7.325,2720.53,2020-07-03,2030-07-03,2022-03-01,2022-03-31,DEFAULT,293,COMPLETE,SECOND
L004718,B2349,Lisa Anderson,Karen Taylor,ARM,HOME_EQUITY,ID,88329,Freedom Mortgage,396619.00,285305.82,5.573,2026.16,2016-11-21,2036-11-21,2023-08-29,2023-09-28,CURRENT,0,COMPLETE,SECOND
L000639,B7974,Thomas Brown,,CONVENTIONAL,CASH_OUT_REFINANCE,ID,99923,PHH Mortgage,208070.00,178572.90,4.21,802.98,2018-09-04,2048-09-04,2024-12-19,2019-03-25,CURRENT,0,COMPLETE,FIRST
L007916,B5460,Sarah Moore,,CONVENTIONAL,CONSTRUCTION,AZ,71451,PNC Bank,550623.00,211919.07,5.441,2746.28,2016-11-02,2046-11-02,2025-01-28,2025-02-27,DELINQUENT,67,COMPLETE,SECOND
L009988,B7337,Linda Davis,,JUMBO,PURCHASE,WI,97705,Green Tree Servicing,408109.00,109138.31,2.515,940.86,2019-08-22,2034-08-22,2020-10-22,2020-11-21,CURRENT,0,COMPLETE,FIRST
L003877,B4445,Lisa Johnson,William Taylor,JUMBO,HOME_EQUITY,ID,88642,Nationstar Mortgage,770724.00,375505.89,5.019,3545.91,2017-01-12,2047-01-12,2026-03-07,2026-04-06,CURRENT,0,COMPLETE,FIRST
L008664,B1002,Michael Jones,,JUMBO,CONSTRUCTION,ID,26528,Green Tree Servicing,245508.00,0.00,5.625,1265.90,2016-02-17,2031-02-17,2018-12-10,2019-01-09,CLOSED,0,INCOMPLETE,SECOND
L001558,B9084,Richard Jones,,FHA,CASH_OUT_REFINANCE,NE,96970,Flagstar Bank,58206.00,43406.47,7.347,392.00,2015-09-27,2045-09-27,2024-12-14,2025-01-13,DELINQUENT,51,INCOMPLETE,FIRST
L007738,B6951,Mary Jackson,,FHA,HOME_EQUITY,WV,60951,Bank of America,414918.00,161884.24,5.362,2039.39,2012-12-18,2022-12-18,2022-09-27,2022-10-27,CURRENT,0,INCOMPLETE,FIRST
L002585,B8012,Charles Anderson,,USDA,REFINANCE,AZ,13139,Quicken Loans,566369.00,252012.57,6.965,3616.03,2017-04-21,2037-04-21,2028-01-07,2028-02-06,CURRENT,0,COMPLETE,FIRST
L007534,B5400,Linda Martin,,FIXED,REFINANCE,MD,88402,Wells Fargo Home Mortgage,238698.00,149198.21,7.232,1582.41,2017-02-25,2027-02-25,2022-06-09,2022-07-09,CURRENT,0,COMPLETE,SECOND
L009011,B2780,Joseph Garcia,,ARM,CASH_OUT_REFINANCE,WA,56545,Caliber Home Loans,353824.00,260102.53,3.059,992.15,2016-02-06,2031-02-06,2025-08-18,2025-09-17,CURRENT,0,MISSING,SECOND
L003966,B7570,James Thompson,Sarah Davis,JUMBO,HOME_EQUITY,WV,67234,Caliber Home Loans,709743.00,420574.64,3.112,2024.66,2019-03-22,2029-03-22,2020-08-10,2020-09-09,CURRENT,0,COMPLETE,SECOND
L002493,B7787,John Anderson,David Davis,VA,PURCHASE,MO,20639,Wells Fargo Home Mortgage,500504.00,255291.55,8.208,3765.79,2011-09-25,2041-09-25,2020-11-07,2020-12-07,CURRENT,0,INCOMPLETE,FIRST
L000132,B7750,Karen Smith,,FIXED,CASH_OUT_REFINANCE,ND,72873,Nationstar Mortgage,627438.00,233991.70,5.374,3090.86,2011-12-20,2011-05-28,2016-05-05,2016-06-04,CURRENT,0,COMPLETE,SECOND
L000983,B5370,Patricia Martin,Richard Moore,JUMBO,HOME_EQUITY,VT,47565,Nationstar Mortgage,704446.00,210997.74,7.863,5077.47,2017-06-04,2032-06-04,2027-05-21,2027-06-20,CURRENT,0,INCOMPLETE,FIRST
L005760,B4581,Barbara Moore,,VA,PURCHASE,ND,84022,Quicken Loans,68508.00,0.00,4.498,282.47,2015-08-27,2045-08-27,2019-10-14,2019-11-13,PAID_OFF,0,COMPLETE,FIRST
L007348,B5537,David Martinez,,FIXED,CONSTRUCTION,GA,66512,Citimortgage,750610.00,0.00,7.869,5414.34,2018-04-14,2038-04-14,2024-02-12,2024-03-13,CLOSED,0,COMPLETE,SECOND
L000156,B6873,Karen Garcia,,VA,PURCHASE,KY,39131,PNC Bank,581958.00,195237.34,4.301,2294.42,2013-10-24,2028-10-24,2017-03-10,2017-04-09,N/A,0,COMPLETE,FIRST
L002518,B6768,Joseph Taylor,,CONVENTIONAL,PURCHASE,TX,58508,Quicken Loans,614649.00,530717.38,3.298,1858.19,2013-01-18,2043-01-18,2014-09-28,2014-10-28,DEFAULT,299,COMPLETE,FIRST
L005524,B9440,John Martinez,,ARM,PURCHASE,NC,10387,Wells Fargo Home Mortgage,515057.00,336064.84,7.332,3461.70,2018-08-23,2028-08-23,2028-12-22,2029-01-21,CURRENT,0,COMPLETE,FIRST
L002436,B8756,Mary Miller,,FIXED,CASH_OUT_REFINANCE,KS,66885,Green Tree Servicing,107954.00,83165.60,7.345,726.85,2010-05-31,2020-05-31,2010-07-05,2010-08-04,CURRENT,0,COMPLETE,SECOND
L002249,B1376,Michael Thompson,,FIXED,CASH_OUT_REFINANCE,NE,74226,US Bank,544680.00,463025.48,8.477,4232.48,2016-01-31,2046-01-31,2020-06-27,2020-07-27,CURRENT,0,COMPLETE,SECOND
L003405,B3726,Susan Moore,,FHA,PURCHASE,AR,82950,SunTrust Mortgage,599300.00,379968.47,6.578,3613.68,2021-03-31,2036-03-31,2028-08-12,2028-09-11,CURRENT,0,COMPLETE,FIRST
L006994,B9280,James Moore,Jennifer Brown,JUMBO,PURCHASE,VT,77261,Flagstar Bank,240624.00,158321.04,3.253,717.52,2018-06-30,2038-06-30,2025-05-23,2025-06-22,CURRENT,0,COMPLETE,FIRST
L008791,B8178,Jennifer White,,CONVENTIONAL,HOME_EQUITY,WI,54569,Citimortgage,370513.00,269235.00,4.58,1555.54,2022-01-23,2032-01-23,2030-11-06,2030-12-06,CURRENT,0,COMPLETE,SECOND
L006393,B6724,Barbara Thomas,Jennifer Moore,VA,PURCHASE,NM,54345,Wells Fargo Home Mortgage,217170.00,118626.60,5.688,1132.32,2022-10-02,2052-10-02,2027-08-09,2027-09-08,CURRENT,0,INCOMPLETE,FIRST
L003932,B8131,Richard Lee,,ARM,HOME_EQUITY,GA,55292,JPMorgan Chase Bank,684047.00,525706.09,4.971,3117.03,2018-09-29,2048-09-29,2029-06-11,2029-07-11,CURRENT,0,INCOMPLETE,FIRST
L009251,B9525,William Jones,,VA,HOME_EQUITY,RI,88947,US Bank,193635.00,60272.78,7.444,1321.30,2017-04-04,2027-04-04,2019-08-13,2019-09-12,CURRENT,0,MISSING,SECOND
L003668,B8612,Thomas Garcia,,USDA,REFINANCE,KS,45145,Green Tree Servicing,345274.00,106656.12,4.33,1370.45,2020-06-04,2030-06-04,2024-10-26,2024-11-25,CURRENT,0,COMPLETE,SECOND
L008186,B4031,Patricia Wilson,Jessica Davis,JUMBO,CASH_OUT_REFINANCE,HI,33558,Flagstar Bank,158569.00,128224.93,6.624,962.83,2011-08-15,2021-08-15,2018-02-22,2018-03-24,CURRENT,0,INCOMPLETE,FIRST
L005050,B1987,Thomas White,Linda Thomas,FIXED,CONSTRUCTION,DC,41772,Flagstar Bank,737607.00,563528.70,7.656,5176.53,2016-10-19,2046-10-19,2025-10-12,2025-11-11,CURRENT,0,COMPLETE,SECOND
L006245,B7333,James Davis,,ARM,CASH_OUT_REFINANCE,IA,77070,Bank of America,218010.00,146932.35,3.157,630.90,2019-04-23,2039-04-23,2025-04-04,2025-05-04,CURRENT,0,COMPLETE,SECOND
L001994,B6304,Susan Martin,,JUMBO,HOME_EQUITY,CA,39038,SunTrust Mortgage,66547.00,23289.56,3.545,216.25,2011-03-06,2026-03-06,2019-07-30,2019-08-29,CURRENT,0,COMPLETE,FIRST
L007641,B2338,Michael Hernandez,,VA,CASH_OUT_REFINANCE,ND,34172,Caliber Home Loans,789214.00,684899.13,6.027,4360.21,2019-04-07,2029-04-07,2029-11-17,2029-12-17,CURRENT,0,COMPLETE,FIRST
L007148,B9323,Mary Jackson,,USDA,REFINANCE,MS,86750,Green Tree Servicing,271012.00,0.00,7.309,1815.76,2020-03-01,2050-03-01,2022-01-29,2022-02-28,PAID_OFF,0,MISSING,SECOND
L007960,B4916,Susan Moore,,JUMBO,REFINANCE,MI,95950,Quicken Loans,715757.00,297960.04,6.494,4260.78,2020-05-11,2030-05-11,2022-09-17,2022-10-17,DELINQUENT,37,COMPLETE,FIRST
L003376,B3078,James Anderson,,CONVENTIONAL,CASH_OUT_REFINANCE,AK,56275,PNC Bank,644234.00,229282.34,5.644,3333.05,2014-06-22,2044-06-22,2020-07-09,2020-08-08,CURRENT,0,COMPLETE,FIRST
L003016,B5332,Mary Smith,,USDA,CASH_OUT_REFINANCE,TX,39703,Nationstar Mortgage,539796.00,425784.22,4.918,2433.49,2014-07-29,2034-07-29,2019-12-28,2020-01-27,DEFAULT,255,COMPLETE,SECOND
L005210,B9106,Linda Wilson,,FHA,PURCHASE,IN,85001,Wells Fargo Home Mortgage,160944.00,79361.67,5.633,831.05,2020-09-24,2030-09-24,2026-10-06,2026-11-05,CURRENT,0,INCOMPLETE,FIRST
L001674,B3494,Lisa Jones,,ARM,CONSTRUCTION,TX,82536,Freedom Mortgage,255600.00,210515.40,7.257,1700.32,2022-07-25,2042-07-25,2032-02-17,2032-03-18,CURRENT,0,COMPLETE,FIRST
L000055,B8609,Susan Martin,,VA,REFINANCE,MN,71141,JPMorgan Chase Bank,,198179.79,4.541,1098.64,2013-03-22,2033-03-22,2022-12-18,2023-01-17,DELINQUENT,38,MISSING,SECOND
L009070,B2824,Jessica Johnson,Charles Thomas,JUMBO,REFINANCE,LA,26037,Nationstar Mortgage,713485.00,325194.62,5.707,3732.54,2022-05-31,2032-05-31,2025-07-09,2025-08-08,CURRENT,0,COMPLETE,FIRST
L000105,B1157,Charles Smith,,FHA,CASH_OUT_REFINANCE,NH,14285,US Bank,558149.00,707779.99,3.319,1698.12,2018-08-12,2048-08-12,2023-04-13,2023-05-13,DELINQUENT,35,COMPLETE,FIRST
L007515,B7518,John Jones,Linda Martin,USDA,HOME_EQUITY,TN,68542,Wells Fargo Home Mortgage,253341.00,130604.68,6.169,1432.62,2021-01-19,2051-01-19,2029-01-11,2029-02-10,CURRENT,0,COMPLETE,SECOND
L001767,B6993,Sarah Anderson,,USDA,HOME_EQUITY,ME,58608,PNC Bank,687694.00,0.00,5.089,3208.04,2018-04-04,2048-04-04,2026-02-25,2026-03-27,PAID_OFF,0,COMPLETE,FIRST
L006632,B6590,Robert Wilson,,USDA,CASH_OUT_REFINANCE,NH,37636,PNC Bank,573061.00,262345.12,5.126,2692.72,2018-03-03,2028-03-03,2026-10-14,2026-11-13,DELINQUENT,81,COMPLETE,FIRST
L008943,B2465,Thomas Smith,Lisa Thompson,ARM,HOME_EQUITY,AZ,72022,Bank of America,507352.00,339000.63,3.139,1459.86,2015-07-08,2045-07-08,2018-08-16,2018-09-15,CURRENT,0,COMPLETE,SECOND
L006108,B7527,John Smith,,CONVENTIONAL,HOME_EQUITY,VT,36975,SunTrust Mortgage,126402.00,0.00,7.809,904.82,2022-03-21,2032-03-21,2028-07-14,2028-08-13,CLOSED,0,COMPLETE,FIRST
L003507,B4276,John Garcia,,JUMBO,HOME_EQUITY,AK,65685,Caliber Home Loans,469360.00,177962.73,2.916,1254.60,2017-07-24,2037-07-24,2026-11-19,2026-12-19,CURRENT,0,COMPLETE,SECOND
L004619,B7979,Robert Brown,,JUMBO,HOME_EQUITY,AK,93476,Flagstar Bank,213941.00,148184.74,4.638,909.57,2022-08-07,2042-08-07,2031-03-22,2031-04-21,CURRENT,0,COMPLETE,SECOND
L002205,B3587,Linda Jones,Lisa Williams,FHA,HOME_EQUITY,AR,48711,Quicken Loans,487314.00,212515.24,6.144,2744.55,2013-09-23,2033-09-23,2024-08-18,2024-09-17,CURRENT,0,COMPLETE,FIRST
L007075,B3704,William Johnson,David Thomas,CONVENTIONAL,CONSTRUCTION,AR,82706,Flagstar Bank,591085.00,269384.88,5.377,2913.41,2018-10-01,2028-10-01,2021-09-09,2021-10-09,CURRENT,0,MISSING,FIRST
L005879,B1824,Mary Moore,,JUMBO,REFINANCE,FL,58787,Nationstar Mortgage,99304.00,85644.07,3.499,318.51,2011-03-09,2041-03-09,2016-04-11,2016-05-11,CURRENT,0,MISSING,SECOND
L002995,B5983,William Thompson,,VA,PURCHASE,AR,13871,Green Tree Servicing,635600.00,0.00,7.439,4334.21,2022-12-05,2042-12-05,2025-10-03,2025-11-02,CLOSED,0,COMPLETE,FIRST
L002438,B4688,Mary Thomas,Linda Jackson,VA,HOME_EQUITY,SD,10696,US Bank,785641.00,543413.09,7.372,5309.10,2019-04-16,2029-04-16,2027-04-27,2027-05-27,CURRENT,0,COMPLETE,SECOND
L005905,B5400,Mary Wilson,,VA,PURCHASE,AK,82652,JPMorgan Chase Bank,749265.00,308484.58,6.038,4147.06,2011-04-02,2021-04-02,2018-05-20,2018-06-19,CURRENT,0,COMPLETE,SECOND
L005499,B6975,Karen Wilson,,FIXED,CASH_OUT_REFINANCE,RI,50984,US Bank,223644.00,127812.69,7.468,1530.99,2013-02-18,2023-02-18,2016-11-23,2016-12-23,CURRENT,0,COMPLETE,FIRST
L008541,B1190,Karen Thompson,,FIXED,PURCHASE,NM,71491,Bank of America,116821.00,51293.62,4.407,471.93,2017-06-14,2027-06-14,2020-02-25,2020-03-26,CURRENT,0,COMPLETE,FIRST
L003836,B1730,James Lee,,CONVENTIONAL,CASH_OUT_REFINANCE,IL,65446,Green Tree Servicing,505304.00,411687.10,6.434,2980.20,2019-09-20,2039-09-20,2028-10-23,2028-11-22,CURRENT,0,MISSING,FIRST
L007121,B1982,Charles Garcia,,JUMBO,HOME_EQUITY,NE,53616,Flagstar Bank,770101.00,0.00,6.583,4647.11,2018-11-25,2038-11-25,2029-01-16,2029-02-15,PAID_OFF,0,COMPLETE,FIRST
L003831,B5135,Susan Wilson,,JUMBO,CONSTRUCTION,AZ,74930,Wells Fargo Home Mortgage,354536.00,136674.40,3.813,1239.19,2019-04-22,2034-04-22,2028-10-14,2028-11-13,DELINQUENT,89,COMPLETE,FIRST
L002637,B6753,Barbara Jackson,,FHA,CASH_OUT_REFINANCE,GA,87464,Caliber Home Loans,725423.00,489837.87,8.474,5634.96,2012-03-10,2042-03-10,2020-06-09,2020-07-09,DELINQUENT,71,COMPLETE,FIRST
L003190,B1131,Charles Jones,,JUMBO,REFINANCE,WA,44939,US Bank,133560.00,82093.70,3.062,374.88,2015-07-19,2030-07-19,2016-11-06,2016-12-06,CURRENT,0,INCOMPLETE,FIRST
L004682,B6675,Robert Jones,Linda Taylor,VA,PURCHASE,IL,42320,PNC Bank,445332.00,160374.35,2.582,1054.03,2016-06-30,2031-06-30,2026-11-26,2026-12-26,CURRENT,0,MISSING,SECOND
L008859,B1422,Robert White,,JUMBO,PURCHASE,VA,37924,Green Tree Servicing,196077.00,112994.71,6.92,1243.78,2019-11-13,2029-11-13,2020-11-06,2020-12-06,CURRENT,0,COMPLETE,FIRST
L005166,B5487,Linda Martin,,VA,PURCHASE,CT,52161,Nationstar Mortgage,254459.00,105960.17,8.071,1882.59,2013-09-19,2023-09-19,2015-11-26,2015-12-26,CURRENT,0,COMPLETE,SECOND
L006847,B8046,Jennifer Moore,,USDA,CONSTRUCTION,IA,11376,Bank of America,662544.00,239651.99,7.49,4548.92,2016-08-01,2036-08-01,2017-08-24,2017-09-23,DELINQUENT,70,COMPLETE,SECOND
L001874,B2362,Susan Thompson,,FHA,PURCHASE,OK,91613,Quicken Loans,772780.00,618525.56,4.965,3517.11,2017-08-01,2037-08-01,2028-01-17,2028-02-16,CURRENT,0,INCOMPLETE,SECOND
L008605,B4504,Sarah Martin,,FIXED,CONSTRUCTION,CO,14237,JPMorgan Chase Bank,426962.00,197685.22,7.223,2826.95,2018-01-01,2048-01-01,2028-12-29,2029-01-28,CURRENT,0,MISSING,SECOND
L009449,B6155,Linda Anderson,,ARM,CONSTRUCTION,LA,68381,Citimortgage,681301.00,448712.42,6.057,3782.75,2019-08-30,2034-08-30,2030-05-19,2030-06-18,DELINQUENT,40,COMPLETE,SECOND
L000280,B1870,Richard Anderson,,JUMBO,CONSTRUCTION,NV,67041,Nationstar Mortgage,50884.00,14271.21,6.72,313.45,2018-01-21,2028-01-21,2025-08-13,2027-11-17,CURRENT,0,COMPLETE,FIRST
L002316,B3536,Jennifer Thompson,,JUMBO,HOME_EQUITY,MT,50511,Freedom Mortgage,416142.00,241462.77,3.814,1454.90,2012-06-03,2027-06-03,2017-06-14,2017-07-14,CURRENT,0,COMPLETE,SECOND
L004881,B3363,Thomas Hernandez,Richard Wilson,JUMBO,CONSTRUCTION,MI,83386,Nationstar Mortgage,638337.00,476931.38,8.467,4954.40,2016-10-12,2026-10-12,2021-04-29,2021-05-29,DEFAULT,135,COMPLETE,FIRST
L004438,B5526,Barbara Davis,,USDA,PURCHASE,AR,25697,Citimortgage,746092.00,276712.41,3.423,2341.05,2011-11-28,2026-11-28,2018-01-06,2018-02-05,CURRENT,0,COMPLETE,FIRST
L006142,B8607,Richard Moore,,CONVENTIONAL,CONSTRUCTION,NH,76272,PNC Bank,728044.00,212335.48,7.502,5006.64,2022-03-19,2052-03-19,2026-01-11,2026-02-10,CURRENT,0,COMPLETE,FIRST
L002687,B2680,Lisa Johnson,,VA,HOME_EQUITY,DC,62023,Green Tree Servicing,527081.00,250973.23,7.344,3548.31,2010-05-08,2030-05-08,2015-01-21,2015-02-20,DELINQUENT,68,COMPLETE,SECOND
L006961,B5009,Linda Lee,,ARM,HOME_EQUITY,SD,26375,PHH Mortgage,594322.00,0.00,5.637,3071.01,2010-10-19,2025-10-19,2011-05-16,2011-06-15,PAID_OFF,0,MISSING,FIRST
L000387,B1383,Patricia Johnson,,VA,HOME_EQUITY,NV,56461,JPMorgan Chase Bank,79246.00,0.00,7.842,569.66,2022-02-10,2042-02-10,2024-11-24,2024-12-24,PENDING,0,MISSING,FIRST
L004069,B6948,Jessica Miller,,CONVENTIONAL,REFINANCE,KY,18410,US Bank,733084.00,240228.10,5.091,3421.12,2019-10-28,2029-10-28,2025-04-05,2025-05-05,CURRENT,0,INCOMPLETE,FIRST
L008899,B4677,Robert Davis,Jessica Jackson,FHA,CONSTRUCTION,VA,18939,US Bank,326832.00,114761.04,3.14,940.73,2017-07-03,2047-07-03,2028-03-08,2028-04-07,DELINQUENT,66,COMPLETE,FIRST
L001435,B9918,Linda Lee,,FIXED,REFINANCE,SD,73410,Citimortgage,539806.00,0.00,7.409,3666.14,2010-03-04,2040-03-04,2011-08-28,2011-09-27,PAID_OFF,0,COMPLETE,SECOND
L006799,B5746,Richard Anderson,,ARM,CASH_OUT_REFINANCE,GA,31999,JPMorgan Chase Bank,795303.00,323160.33,4.094,2984.64,2020-10-17,2050-10-17,2025-04-16,2025-05-16,CURRENT,0,COMPLETE,FIRST
L001403,B6879,Mary Wilson,Robert White,JUMBO,CONSTRUCTION,ND,34093,PHH Mortgage,240089.00,172742.68,8.086,1779.58,2011-11-08,2031-11-08,2019-02-10,2019-03-12,CURRENT,0,COMPLETE,FIRST
L008085,B3948,Mary Johnson,Thomas Johnson,FHA,REFINANCE,NJ,43528,PNC Bank,91160.00,44601.19,8.029,670.93,2014-09-10,2029-09-10,2015-05-31,2015-06-30,DELINQUENT,52,COMPLETE,SECOND
L002172,B1952,David Jackson,,CONVENTIONAL,PURCHASE,NE,83865,PNC Bank,218640.00,79580.16,4.483,898.48,2012-02-14,2027-02-14,2023-01-20,2023-02-19,CURRENT,0,COMPLETE,FIRST
L002093,B1409,Susan Garcia,,JUMBO,REFINANCE,FL,57309,Bank of America,442857.00,249727.16,7.667,3112.44,2014-10-25,2029-10-25,2017-11-14,2017-12-14,DELINQUENT,78,COMPLETE,FIRST
L009035,B9468,Lisa Anderson,,FIXED,PURCHASE,ME,99645,Freedom Mortgage,373815.00,0.00,2.54,870.37,2015-10-06,2025-10-06,2017-08-16,2017-09-15,CLOSED,0,INCOMPLETE,FIRST
L003070,B9336,Charles White,,ARM,HOME_EQUITY,OR,24186,SunTrust Mortgage,686521.00,376122.30,8.369,5266.70,2018-05-15,2028-05-15,2023-11-08,2023-12-08,DELINQUENT,66,MISSING,FIRST
L009854,B6948,John Thomas,Mary Thompson,FHA,CASH_OUT_REFINANCE,LA,13928,Wells Fargo Home Mortgage,200043.00,101122.25,4.191,768.52,2016-07-14,2036-07-14,2027-04-21,2027-05-21,DELINQUENT,47,COMPLETE,FIRST
L003055,B5262,Susan Brown,Susan White,USDA,CONSTRUCTION,IL,48794,Bank of America,668350.00,0.00,3.736,2288.88,2017-09-18,2032-09-18,2028-07-29,2028-08-28,CLOSED,0,INCOMPLETE,SECOND
L004227,B2964,Patricia Hernandez,,USDA,PURCHASE,OK,71309,Wells Fargo Home Mortgage,772499.00,0.00,2.928,2073.39,2014-07-04,2034-07-04,2015-11-30,2015-12-30,PAID_OFF,0,COMPLETE,FIRST
L007530,B6692,Joseph Garcia,,USDA,HOME_EQUITY,GA,71573,Green Tree Servicing,798372.00,473552.84,5.229,3826.80,2010-03-11,2020-03-11,2011-03-21,2011-04-20,CURRENT,0,COMPLETE,FIRST
L001131,B1605,William Garcia,John Lee,USDA,CONSTRUCTION,IA,96975,Nationstar Mortgage,167614.00,44421.88,2.789,428.52,2022-06-06,2042-06-06,2027-11-21,2027-12-21,CURRENT,0,INCOMPLETE,SECOND
L007359,B9880,Susan Johnson,,FIXED,REFINANCE,MD,46823,SunTrust Mortgage,743867.00,467039.05,5.001,3410.07,2021-05-14,2051-05-14,2022-05-31,2022-06-30,CURRENT,0,COMPLETE,SECOND
L004968,B6579,Joseph Garcia,,FIXED,CASH_OUT_REFINANCE,VA,37769,Citimortgage,654014.00,200558.73,7.924,4750.54,2018-05-13,2038-05-13,2028-06-13,2028-07-13,CURRENT,0,INCOMPLETE,SECOND
L002935,B2381,John Martin,Susan Thomas,JUMBO,PURCHASE,VT,81326,Wells Fargo Home Mortgage,95229.00,27622.08,2.597,226.70,2018-12-19,2048-12-19,2024-04-28,2024-05-28,CURRENT,0,COMPLETE,SECOND
L003086,B2246,Richard Martinez,,ARM,REFINANCE,NY,53083,JPMorgan Chase Bank,423065.00,0.00,7.426,2879.87,2017-09-07,2032-09-07,2027-05-25,2027-06-24,PAID_OFF,0,COMPLETE,SECOND
L005716,B1827,Michael Garcia,,VA,REFINANCE,CA,53709,JPMorgan Chase Bank,641397.00,549610.22,5.832,3428.91,2018-10-25,2038-10-25,2025-05-13,2025-06-12,CURRENT,0,MISSING,FIRST
L009256,B2572,Karen Smith,,FHA,HOME_EQUITY,MS,82761,PNC Bank,232317.00,0.00,7.891,1680.45,2012-12-16,2032-12-16,2020-12-14,2021-01-13,PAID_OFF,0,MISSING,SECOND
L008742,B7851,Michael Wilson,,ARM,CONSTRUCTION,NH,37223,Caliber Home Loans,263960.00,181000.81,8.242,1994.26,2017-02-07,2047-02-07,2025-08-17,2025-09-16,CURRENT,0,COMPLETE,FIRST
L007548,B3645,Thomas Hernandez,,FHA,PURCHASE,LA,74924,Flagstar Bank,268570.00,0.00,4.215,1037.69,2022-06-15,2042-06-15,2023-09-22,2023-10-22,PAID_OFF,0,COMPLETE,SECOND
L003533,B4227,Thomas Williams,,JUMBO,PURCHASE,NM,34655,Flagstar Bank,629778.00,543883.07,7.688,4438.26,2017-09-05,2047-09-05,2025-10-20,2025-11-19,CURRENT,0,COMPLETE,FIRST
L001537,B6169,Michael Williams,,JUMBO,PURCHASE,AR,50413,Freedom Mortgage,341755.00,0.00,7.529,2358.65,2015-06-06,2045-06-06,2017-06-20,2017-07-20,PAID_OFF,0,COMPLETE,SECOND
L007516,B1137,Richard White,,VA,PURCHASE,WY,34763,PHH Mortgage,254740.00,207220.81,4.264,995.69,2016-07-29,2031-07-29,2021-12-21,2022-01-20,CURRENT,0,COMPLETE,FIRST
L003062,B3083,William Garcia,,VA,PURCHASE,MI,74249,Quicken Loans,429602.00,171589.67,3.404,1340.50,2016-06-03,2031-06-03,2016-11-27,2016-12-27,DELINQUENT,89,COMPLETE,SECOND
L007168,B9249,Richard Brown,John Williams,VA,CASH_OUT_REFINANCE,DE,72431,Caliber Home Loans,562368.00,457041.67,5.974,3079.62,2017-02-03,2037-02-03,2021-05-17,2021-06-16,CURRENT,0,COMPLETE,FIRST
L000240,B1618,John Thompson,,FHA,PURCHASE,KY,52558,Citimortgage,532732.00,514055.70,4.634,2262.96,2013-02-07,2033-02-07,2017-04-20,2017-05-20,PAID_OFF,0,INCOMPLETE,SECOND
L000914,B3700,John Anderson,Patricia Anderson,FIXED,CASH_OUT_REFINANCE,MS,36515,JPMorgan Chase Bank,99167.00,30369.46,3.695,335.89,2017-06-25,2032-06-25,2020-07-31,2020-08-30,DEFAULT,247,COMPLETE,FIRST
L007972,B8988,Jessica Jackson,,USDA,REFINANCE,IA,11008,JPMorgan Chase Bank,675742.00,547884.34,2.571,1592.55,2022-03-13,2042-03-13,2023-07-15,2023-08-14,DELINQUENT,87,MISSING,SECOND
L006479,B4926,James Martinez,,FHA,REFINANCE,FL,73509,PHH Mortgage,110681.00,90745.72,4.889,496.03,2014-05-09,2044-05-09,2022-04-03,2022-05-03,CURRENT,0,COMPLETE,SECOND
L007167,B3469,Joseph Martin,,FHA,HOME_EQUITY,CO,90416,Green Tree Servicing,110929.00,83106.44,5.973,607.36,2012-10-24,2022-10-24,2016-08-03,2016-09-02,CURRENT,0,COMPLETE,SECOND
L001628,B5703,Richard Thomas,,ARM,REFINANCE,ME,26500,PNC Bank,59944.00,33237.08,6.108,335.63,2019-05-26,2039-05-26,2024-11-23,2024-12-23,CURRENT,0,INCOMPLETE,SECOND
L007587,B6157,Sarah Thomas,,FHA,CASH_OUT_REFINANCE,DC,50538,Freedom Mortgage,59288.00,0.00,8.121,441.35,2016-10-15,2046-10-15,2023-02-09,2023-03-11,PAID_OFF,0,COMPLETE,FIRST
L002422,B9195,Sarah Brown,,VA,HOME_EQUITY,ND,83148,Green Tree Servicing,485191.00,163719.91,7.041,3131.54,2021-01-13,2041-01-13,2030-09-05,2030-10-05,CURRENT,0,COMPLETE,FIRST
L004197,B5911,James Wilson,Thomas Williams,FHA,CONSTRUCTION,NC,73614,Quicken Loans,98785.00,0.00,5.14,465.44,2015-08-30,2025-08-30,2026-07-09,2026-08-08,PAID_OFF,0,COMPLETE,FIRST
L001898,B5297,Thomas Davis,,FIXED,CONSTRUCTION,NH,43597,Quicken Loans,700317.00,249885.90,3.276,2103.05,2014-02-22,2024-02-22,2021-02-11,2021-03-13,CURRENT,0,COMPLETE,FIRST
L005550,B9115,James White,,FIXED,CASH_OUT_REFINANCE,NY,27741,Citimortgage,183666.00,96923.23,6.025,1014.37,2021-06-29,2051-06-29,2023-06-19,2023-07-19,DELINQUENT,61,COMPLETE,SECOND
L002602,B2249,James Thompson,James Taylor,FHA,CONSTRUCTION,OH,52119,Wells Fargo Home Mortgage,784664.00,432859.55,3.56,2560.62,2021-11-29,2036-11-29,2032-01-19,2032-02-18,CURRENT,0,COMPLETE,SECOND
L002571,B8340,Jessica Thompson,,FHA,REFINANCE,MA,32850,Wells Fargo Home Mortgage,727640.00,287689.79,8.23,5489.44,2012-02-29,2032-02-29,2017-01-06,2017-02-05,CURRENT,0,COMPLETE,SECOND
L000585,B3663,Linda Lee,Charles Thomas,CONVENTIONAL,HOME_EQUITY,LA,45949,PNC Bank,-449812.00,359802.55,5.304,2186.99,2015-05-06,2030-05-06,2025-08-08,2025-09-07,CURRENT,0,COMPLETE,SECOND
L007630,B6622,Richard White,,FIXED,CONSTRUCTION,IN,68333,Nationstar Mortgage,423253.00,270674.72,4.055,1573.27,2021-10-18,2031-10-18,2031-08-09,2031-09-08,CURRENT,0,INCOMPLETE,SECOND
L007353,B7679,Susan Taylor,,FHA,HOME_EQUITY,OR,30163,Nationstar Mortgage,689319.00,608945.84,7.585,4792.78,2020-07-27,2050-07-27,2026-12-09,2027-01-08,CURRENT,0,COMPLETE,SECOND
L009291,B5778,Linda Hernandez,,FIXED,REFINANCE,PA,73412,Bank of America,420923.00,0.00,7.518,2900.79,2019-09-13,2029-09-13,2029-06-06,2029-07-06,PAID_OFF,0,COMPLETE,FIRST
L008460,B1118,James Moore,Patricia White,FHA,HOME_EQUITY,FL,73984,SunTrust Mortgage,750750.00,412772.43,8.405,5784.22,2012-03-25,2042-03-25,2019-12-04,2020-01-03,CURRENT,0,COMPLETE,SECOND
L007745,B3705,Charles Thomas,,USDA,REFINANCE,GA,54839,Green Tree Servicing,637199.00,475828.69,4.717,2755.20,2018-10-06,2033-10-06,2021-10-25,2021-11-24,CURRENT,0,COMPLETE,FIRST
L006876,B4019,Susan Taylor,,JUMBO,CONSTRUCTION,VA,35051,Quicken Loans,732795.00,307254.87,3.095,2079.00,2021-10-22,2051-10-22,2027-09-03,2027-10-03,CURRENT,0,COMPLETE,FIRST
L001960,B8384,Richard Moore,,FIXED,HOME_EQUITY,OR,80399,PNC Bank,724918.00,306317.63,4.614,3066.04,2019-05-15,2034-05-15,2029-05-04,2029-06-03,DELINQUENT,64,COMPLETE,SECOND
L001694,B8157,Lisa Anderson,,CONVENTIONAL,PURCHASE,MA,12401,PNC Bank,765001.00,0.00,6.799,4767.80,2020-12-28,2050-12-28,2029-08-14,2029-09-13,PAID_OFF,0,COMPLETE,FIRST
L008972,B1634,Michael Davis,,FIXED,REFINANCE,TX,11938,Green Tree Servicing,118335.00,0.00,6.214,674.06,2012-11-13,2027-11-13,2023-02-25,2023-03-27,CLOSED,0,COMPLETE,SECOND
L001774,B2424,Michael White,,USDA,CONSTRUCTION,NM,33055,Freedom Mortgage,169383.00,0.00,3.724,578.22,2016-10-14,2031-10-14,2019-10-22,2019-11-21,PAID_OFF,0,COMPLETE,SECOND
L008209,B9662,Richard Jackson,Richard Thomas,JUMBO,REFINANCE,AK,55556,JPMorgan Chase Bank,715750.00,205979.14,4.075,2673.62,2014-03-31,2034-03-31,2015-11-21,2015-12-21,CURRENT,0,COMPLETE,FIRST
L009689,B9063,William Thomas,,CONVENTIONAL,PURCHASE,UT,96603,SunTrust Mortgage,71438.00,0.00,7.607,498.14,2012-04-03,2032-04-03,2017-09-26,2017-10-26,CLOSED,0,MISSING,FIRST
L001690,B9009,David Williams,Sarah Miller,JUMBO,CONSTRUCTION,KY,11553,Quicken Loans,656988.00,0.00,4.395,2646.84,2017-10-07,2027-10-07,2024-03-05,2024-04-04,CLOSED,0,COMPLETE,SECOND
L000466,B7169,Thomas Anderson,,FHA,CONSTRUCTION,AR,42112,Wells Fargo Home Mortgage,-497858.00,279684.37,6.577,3001.54,2013-10-10,2023-10-10,2014-12-07,2015-01-06,CURRENT,0,COMPLETE,FIRST
L008396,B6784,Richard Jones,,JUMBO,HOME_EQUITY,MT,97368,Bank of America,66437.00,41201.15,8.261,503.10,2014-03-13,2029-03-13,2014-11-12,2014-12-12,DELINQUENT,37,COMPLETE,FIRST
L003719,B6629,Jessica Thomas,John Johnson,JUMBO,PURCHASE,AL,85063,PNC Bank,633645.00,524829.56,7.228,4198.32,2011-10-20,2041-10-20,2019-08-27,2019-09-26,CURRENT,0,COMPLETE,FIRST
L004822,B4185,Robert Hernandez,,JUMBO,PURCHASE,AK,72126,Quicken Loans,557311.00,314932.96,2.686,1372.19,2011-10-13,2041-10-13,2020-06-27,2020-07-27,CURRENT,0,COMPLETE,FIRST
L000354,B7364,Jennifer Moore,,FIXED,CONSTRUCTION,KS,14440,US Bank,58248.00,30989.99,7.959,424.96,2018-10-25,2038-10-25,2022-04-09,2022-05-09,CLOSED,0,COMPLETE,FIRST
L001728,B3250,Joseph Jones,,VA,CASH_OUT_REFINANCE,NV,33184,PNC Bank,333903.00,95894.16,5.446,1666.90,2010-04-18,2040-04-18,2019-07-22,2019-08-21,DELINQUENT,46,INCOMPLETE,SECOND
L004074,B1023,James Martinez,,FIXED,PURCHASE,OK,23578,PHH Mortgage,579650.00,202864.40,5.335,2834.73,2014-07-30,2024-07-30,2023-03-05,2023-04-04,CURRENT,0,COMPLETE,FIRST
L008635,B6304,Linda Wilson,,FIXED,CASH_OUT_REFINANCE,MO,18999,Bank of America,677428.00,293750.91,2.695,1673.53,2011-11-18,2031-11-18,2016-12-23,2017-01-22,CURRENT,0,COMPLETE,FIRST
L003247,B9930,Lisa Smith,,CONVENTIONAL,CASH_OUT_REFINANCE,OR,13676,PHH Mortgage,365965.00,111581.96,7.285,2443.88,2019-11-18,2039-11-18,2020-12-11,2021-01-10,CURRENT,0,INCOMPLETE,FIRST
L005006,B5352,David Lee,,USDA,HOME_EQUITY,NJ,35184,Citimortgage,707518.00,336220.59,7.227,4687.13,2013-10-23,2028-10-23,2020-06-02,2020-07-02,CURRENT,0,COMPLETE,FIRST
L006717,B3689,Joseph Smith,,VA,REFINANCE,ME,42993,PNC Bank,610635.00,492695.25,3.787,2119.77,2022-01-20,2037-01-20,2022-05-16,2022-06-15,DEFAULT,235,COMPLETE,FIRST
L001517,B1616,Barbara White,,ARM,CONSTRUCTION,IN,77678,Caliber Home Loans,670670.00,561827.05,7.289,4481.14,2017-08-19,2037-08-19,2019-03-30,2019-04-29,CURRENT,0,MISSING,SECOND
L000150,B9589,Michael Wilson,,JUMBO,HOME_EQUITY,AR,62028,Flagstar Bank,646296.00,177863.84,0.0645,1584.18,2014-04-29,2029-04-29,2023-10-17,2023-11-16,CURRENT,0,MISSING,FIRST
L005707,B9857,Thomas Martinez,,FIXED,PURCHASE,FL,28668,Bank of America,567813.00,391344.54,6.608,3439.43,2019-09-15,2049-09-15,2022-02-11,2022-03-13,DELINQUENT,34,COMPLETE,FIRST
L000071,B4871,Patricia Martinez,,FHA,REFINANCE,VA,27507,Freedom Mortgage,115142.00,-63633.13,6.507,686.79,2020-06-09,2040-06-09,2022-04-24,2022-05-24,CURRENT,0,INCOMPLETE,FIRST
L000575,B2113,Mary Lee,,CONVENTIONAL,HOME_EQUITY,MD,71732,US Bank,215531.00,2682.32,8.309,1641.61,2011-09-05,2026-09-05,2021-04-29,2021-05-29,CLOSED,0,COMPLETE,FIRST
L001838,B2484,Susan Anderson,Patricia Thompson,FHA,HOME_EQUITY,WA,63973,Nationstar Mortgage,676773.00,0.00,4.271,2649.62,2022-09-29,2032-09-29,2024-12-13,2025-01-12,PAID_OFF,0,COMPLETE,SECOND
L004072,B9490,Joseph Smith,,USDA,CASH_OUT_REFINANCE,VA,36698,Green Tree Servicing,295890.00,227737.38,7.324,1986.51,2014-02-08,2029-02-08,2016-02-02,2016-03-03,DEFAULT,315,COMPLETE,SECOND
L003654,B5186,Michael Anderson,Susan Brown,FHA,CONSTRUCTION,MI,46076,Wells Fargo Home Mortgage,145670.00,119071.32,2.602,347.45,2011-02-10,2041-02-10,2015-03-17,2015-04-16,CURRENT,0,COMPLETE,FIRST
L004679,B8062,Joseph Lee,Patricia Thomas,FIXED,PURCHASE,AL,44272,JPMorgan Chase Bank,647864.00,513432.96,8.175,4854.93,2020-01-03,2050-01-03,2025-11-16,2025-12-16,CURRENT,0,COMPLETE,FIRST
L007458,B8182,Karen Jackson,James Martin,VA,PURCHASE,FL,47783,Nationstar Mortgage,744417.00,558961.02,6.935,4732.32,2012-12-13,2032-12-13,2017-07-11,2017-08-10,CURRENT,0,COMPLETE,FIRST
L005808,B9446,David Martinez,,USDA,HOME_EQUITY,WA,74311,Wells Fargo Home Mortgage,645146.00,493458.17,5.43,3211.21,2017-08-18,2037-08-18,2026-10-05,2026-11-04,CURRENT,0,COMPLETE,FIRST
L005932,B2882,John Taylor,Michael Davis,JUMBO,CONSTRUCTION,HI,73397,Flagstar Bank,434194.00,359282.98,6.483,2580.31,2012-10-14,2027-10-14,2014-12-31,2015-01-30,CURRENT,0,COMPLETE,SECOND
L008992,B4078,Sarah Miller,Susan Williams,FHA,HOME_EQUITY,SD,77434,Flagstar Bank,62228.00,19295.84,4.452,253.95,2012-03-07,2042-03-07,2021-04-18,2021-05-18,CURRENT,0,COMPLETE,SECOND
L005629,B2439,Jennifer Hernandez,,JUMBO,CASH_OUT_REFINANCE,NY,17207,Freedom Mortgage,116573.00,93582.74,6.284,671.50,2017-04-20,2047-04-20,2024-01-12,2024-02-11,DEFAULT,124,COMPLETE,FIRST
L008897,B8149,Jennifer White,Lisa Thomas,FHA,PURCHASE,TX,40755,Freedom Mortgage,285717.00,134958.15,4.028,1054.96,2015-01-28,2045-01-28,2016-03-12,2016-04-11,CURRENT,0,COMPLETE,FIRST
L000996,B4878,Thomas Thompson,,FIXED,REFINANCE,MN,59825,Wells Fargo Home Mortgage,182649.00,0.00,2.634,441.01,2011-12-14,2026-12-14,2016-11-14,2016-12-14,PAID_OFF,0,COMPLETE,SECOND
L005664,B9273,Jennifer Thompson,,CONVENTIONAL,CONSTRUCTION,NH,25315,SunTrust Mortgage,788011.00,416924.94,3.265,2358.45,2021-10-27,2036-10-27,2025-05-31,2025-06-30,CURRENT,0,INCOMPLETE,SECOND
L006423,B3284,Robert Taylor,,CONVENTIONAL,REFINANCE,FL,60679,Green Tree Servicing,61922.00,35776.56,5.297,300.67,2020-10-29,2050-10-29,2029-02-12,2029-03-14,CURRENT,0,COMPLETE,SECOND
L008731,B5400,Sarah Martin,,FIXED,CASH_OUT_REFINANCE,NY,20938,Green Tree Servicing,355082.00,0.00,4.51,1467.97,2012-12-06,2032-12-06,2018-10-13,2018-11-12,CLOSED,0,COMPLETE,FIRST
L002236,B5859,Susan Taylor,,CONVENTIONAL,CASH_OUT_REFINANCE,NH,30504,SunTrust Mortgage,424234.00,137298.69,4.493,1747.24,2018-05-08,2033-05-08,2023-01-06,2023-02-05,CURRENT,0,COMPLETE,SECOND
L006114,B2508,Sarah Anderson,,FIXED,PURCHASE,CA,24699,US Bank,404565.00,168734.84,5.011,1858.34,2017-06-13,2032-06-13,2024-10-26,2024-11-25,CURRENT,0,COMPLETE,SECOND
L001283,B1344,Richard Martinez,,ARM,HOME_EQUITY,VT,37085,Green Tree Servicing,742135.00,282828.53,5.169,3516.42,2022-02-14,2032-02-14,2023-11-26,2023-12-26,CURRENT,0,COMPLETE,FIRST
L008185,B8136,Richard Jackson,,CONVENTIONAL,HOME_EQUITY,WV,69771,US Bank,691240.00,532841.48,7.931,5025.37,2022-08-05,2052-08-05,2027-12-22,2028-01-21,DELINQUENT,81,COMPLETE,SECOND
L001760,B1997,James Martinez,,FIXED,CASH_OUT_REFINANCE,NH,15473,Citimortgage,181939.00,134217.83,7.156,1193.46,2014-12-13,2029-12-13,2016-12-09,2017-01-08,CURRENT,0,MISSING,FIRST
L007143,B4530,Jennifer Lee,,CONVENTIONAL,HOME_EQUITY,NJ,92313,Caliber Home Loans,544147.00,423975.29,6.68,3331.99,2010-11-12,2025-11-12,2011-01-14,2011-02-13,CURRENT,0,INCOMPLETE,FIRST
L002852,B8965,Charles Brown,,JUMBO,CONSTRUCTION,TX,63646,Quicken Loans,586600.00,391209.90,3.797,2041.71,2016-12-03,2031-12-03,2027-06-22,2027-07-22,CURRENT,0,COMPLETE,SECOND
L001484,B5006,Jennifer Taylor,,FHA,PURCHASE,OH,82112,PHH Mortgage,344458.00,122205.45,4.752,1500.46,2012-04-03,2032-04-03,2014-02-16,2014-03-18,CURRENT,0,COMPLETE,FIRST
L002142,B9695,Lisa Thompson,Charles Wilson,VA,CONSTRUCTION,MO,96089,US Bank,636509.00,518918.81,6.116,3568.48,2011-11-25,2031-11-25,2021-04-16,2021-05-16,DELINQUENT,51,COMPLETE,SECOND
L008451,B6245,Linda Johnson,,JUMBO,REFINANCE,CO,77520,SunTrust Mortgage,526783.00,440665.13,5.366,2591.16,2019-04-03,2049-04-03,2024-12-31,2025-01-30,CURRENT,0,COMPLETE,FIRST
L001952,B8747,Barbara Jackson,,FHA,CASH_OUT_REFINANCE,KY,90506,SunTrust Mortgage,248324.00,172757.55,4.679,1065.08,2012-09-15,2027-09-15,2020-12-25,2021-01-24,CURRENT,0,COMPLETE,SECOND
L003990,B8293,Susan Brown,,FIXED,CONSTRUCTION,FL,95303,Wells Fargo Home Mortgage,275660.00,206334.78,8.091,2044.50,2012-06-28,2027-06-28,2017-08-22,2017-09-21,CURRENT,0,COMPLETE,SECOND
L004398,B6905,David Anderson,,FHA,PURCHASE,CT,85383,US Bank,713313.00,228242.91,5.18,3387.05,2019-08-14,2039-08-14,2020-08-18,2020-09-17,CURRENT,0,COMPLETE,FIRST
L009225,B7394,Lisa Martin,,CONVENTIONAL,PURCHASE,OH,97675,Freedom Mortgage,266371.00,118314.09,5.475,1336.85,2011-11-15,2026-11-15,2020-09-05,2020-10-05,CURRENT,0,INCOMPLETE,SECOND
L006408,B6541,Susan Smith,John Hernandez,ARM,REFINANCE,NJ,61922,SunTrust Mortgage,733972.00,208191.49,7.392,4973.39,2021-05-29,2051-05-29,2024-01-18,2024-02-17,CURRENT,0,COMPLETE,FIRST
L006589,B4252,Jennifer Wilson,,VA,HOME_EQUITY,SD,44313,JPMorgan Chase Bank,619146.00,0.00,4.277,2427.41,2020-08-12,2040-08-12,2028-01-05,2028-02-04,PAID_OFF,0,COMPLETE,SECOND
L000749,B3794,Joseph Moore,Richard Hernandez,CONVENTIONAL,REFINANCE,MT,51513,Caliber Home Loans,94773.00,74899.67,6.645,577.29,2019-03-11,2049-03-11,2029-02-20,2029-03-22,ACTIVE,0,COMPLETE,FIRST
L005971,B9848,Michael Martin,,VA,PURCHASE,KS,61221,Wells Fargo Home Mortgage,85270.00,0.00,4.424,345.80,2019-10-04,2029-10-04,2027-02-27,2027-03-29,CLOSED,0,COMPLETE,SECOND
L003713,B1854,Linda Smith,,USDA,CONSTRUCTION,AR,70546,Bank of America,575127.00,0.00,7.781,4102.14,2021-04-05,2031-04-05,2026-04-06,2026-05-06,PAID_OFF,0,COMPLETE,FIRST
L004835,B9557,Robert Smith,,CONVENTIONAL,PURCHASE,AR,21506,PHH Mortgage,199841.00,65515.24,7.848,1437.66,2022-05-02,2037-05-02,2029-12-13,2030-01-12,CURRENT,0,COMPLETE,SECOND
L001619,B6235,Jennifer Johnson,Richard Johnson,JUMBO,HOME_EQUITY,NH,54781,US Bank,731819.00,482801.42,6.938,4654.25,2012-03-11,2032-03-11,2014-03-11,2014-04-10,CURRENT,0,COMPLETE,FIRST
L000157,B7889,Lisa Williams,,FHA,HOME_EQUITY,SD,25704,Green Tree Servicing,397411.00,127436.70,4.73,1723.11,2016-08-05,2046-08-05,2024-08-13,2026-04-21,CURRENT,0,COMPLETE,SECOND
L006248,B7802,Jessica Jackson,,ARM,CONSTRUCTION,DE,53486,JPMorgan Chase Bank,714187.00,0.00,5.333,3491.36,2018-01-30,2048-01-30,2022-09-17,2022-10-17,PAID_OFF,0,COMPLETE,SECOND
L002883,B2921,Jennifer Williams,,FHA,CONSTRUCTION,VA,99957,PHH Mortgage,284882.00,112661.53,5.945,1552.49,2021-11-02,2051-11-02,2025-06-28,2025-07-28,CURRENT,0,INCOMPLETE,FIRST
L003014,B4558,Mary Davis,David Lee,ARM,CONSTRUCTION,KY,75286,Quicken Loans,84604.00,31205.91,4.669,362.10,2020-11-24,2040-11-24,2021-06-17,2021-07-17,DELINQUENT,37,COMPLETE,SECOND
L001635,B6009,Jennifer Taylor,Sarah Lee,ARM,REFINANCE,WY,53827,Freedom Mortgage,292428.00,121815.32,6.603,1769.99,2018-12-23,2028-12-23,2022-03-02,2022-04-01,CURRENT,0,COMPLETE,FIRST
L008449,B9579,Thomas Martinez,,VA,HOME_EQUITY,VA,84578,Flagstar Bank,700186.00,0.00,4.974,3192.50,2019-04-04,2029-04-04,2028-01-21,2028-02-20,PAID_OFF,0,COMPLETE,FIRST
L007526,B9880,Robert Miller,,FIXED,CASH_OUT_REFINANCE,AK,81257,Quicken Loans,360124.00,213349.63,5.931,1957.90,2017-08-20,2027-08-20,2021-03-23,2021-04-22,CURRENT,0,INCOMPLETE,FIRST
L008041,B8458,Linda Williams,Joseph Moore,CONVENTIONAL,PURCHASE,WA,41203,SunTrust Mortgage,221290.00,85446.58,7.443,1509.81,2015-05-20,2035-05-20,2017-11-02,2017-12-02,CURRENT,0,INCOMPLETE,FIRST
L005370,B6919,Charles Taylor,,ARM,CASH_OUT_REFINANCE,SC,10422,JPMorgan Chase Bank,791969.00,353229.77,6.31,4580.88,2016-05-09,2026-05-09,2019-02-20,2019-03-22,DELINQUENT,34,COMPLETE,SECOND
L003924,B1550,Mary Johnson,,VA,CASH_OUT_REFINANCE,KS,36363,JPMorgan Chase Bank,659869.00,0.00,5.126,3100.61,2020-04-08,2050-04-08,2029-10-24,2029-11-23,PAID_OFF,0,COMPLETE,SECOND
L007585,B5964,Jennifer Wilson,,FHA,PURCHASE,RI,26135,SunTrust Mortgage,572241.00,179171.73,5.677,2977.89,2014-01-02,2024-01-02,2021-07-22,2021-08-21,CURRENT,0,COMPLETE,FIRST
L002445,B3471,Mary Moore,Barbara Brown,FHA,CONSTRUCTION,IL,36893,SunTrust Mortgage,757144.00,0.00,4.718,3274.52,2014-07-27,2024-07-27,2018-11-10,2018-12-10,CLOSED,0,COMPLETE,SECOND
L004868,B6021,Barbara Jones,Charles Thompson,VA,PURCHASE,AR,82527,Flagstar Bank,647413.00,0.00,3.332,1977.42,2010-12-16,2020-12-16,2013-03-01,2013-03-31,PAID_OFF,0,COMPLETE,FIRST
L002847,B7842,Lisa Martinez,,ARM,CONSTRUCTION,DC,91499,Citimortgage,684886.00,249387.97,7.017,4405.36,2018-05-29,2033-05-29,2027-07-06,2027-08-05,CURRENT,0,COMPLETE,SECOND
L004254,B9979,Robert Williams,,USDA,PURCHASE,SC,65780,Nationstar Mortgage,627439.00,521313.25,5.785,3327.26,2016-04-08,2031-04-08,2025-03-16,2025-04-15,CURRENT,0,COMPLETE,FIRST
L006251,B9045,Robert Thompson,,FHA,REFINANCE,NJ,80307,SunTrust Mortgage,403964.00,0.00,6.496,2405.47,2011-12-24,2041-12-24,2021-07-19,2021-08-18,CLOSED,0,COMPLETE,FIRST
L004755,B1784,Thomas Johnson,Richard Smith,CONVENTIONAL,CONSTRUCTION,WV,85381,JPMorgan Chase Bank,213944.00,176770.74,3.797,744.65,2022-12-15,2037-12-15,2028-01-01,2028-01-31,CURRENT,0,COMPLETE,SECOND
L004342,B1391,Susan Thomas,,FIXED,HOME_EQUITY,NY,34063,Caliber Home Loans,459849.00,309663.40,3.788,1596.75,2017-04-23,2037-04-23,2022-01-23,2022-02-22,DELINQUENT,48,COMPLETE,FIRST
L006610,B5604,Karen Moore,,FHA,HOME_EQUITY,MD,23110,JPMorgan Chase Bank,429740.00,342973.96,2.574,1013.97,2018-10-11,2038-10-11,2021-11-14,2021-12-14,CURRENT,0,COMPLETE,SECOND
L005582,B6829,Linda Jackson,,FHA,CASH_OUT_REFINANCE,AR,80170,Freedom Mortgage,287994.00,234494.09,5.318,1403.92,2019-10-05,2029-10-05,2022-09-17,2022-10-17,CURRENT,0,COMPLETE,FIRST
L000913,B6314,Patricia Martin,,CONVENTIONAL,PURCHASE,MD,73074,SunTrust Mortgage,66391.00,17995.60,6.159,374.83,2020-12-09,2040-12-09,2030-04-09,2030-05-09,CURRENT,0,COMPLETE,SECOND
L008022,B7444,Robert Jackson,Thomas Davis,FIXED,HOME_EQUITY,VT,79476,PNC Bank,777525.00,335733.95,6.146,4380.45,2010-02-08,2020-02-08,2019-05-17,2019-06-16,CURRENT,0,INCOMPLETE,FIRST
L000597,B3205,Joseph Thomas,,FHA,HOME_EQUITY,MS,87080,US Bank,242362.00,0.00,6.842,1520.05,2021-06-04,2031-06-04,2025-06-14,2023-04-18,PAID_OFF,0,COMPLETE,FIRST
L003072,B9514,Thomas Thompson,,JUMBO,CONSTRUCTION,NM,75748,Caliber Home Loans,465711.00,182795.51,7.936,3387.89,2020-02-29,2035-02-28,2023-12-24,2024-01-23,CURRENT,0,COMPLETE,SECOND
L000250,B5590,Linda Hernandez,Robert Hernandez,VA,HOME_EQUITY,UT,53160,Freedom Mortgage,286540.00,300305.96,3.41,895.68,2018-10-24,2033-10-24,2019-11-17,2019-12-17,DELINQUENT,70,COMPLETE,FIRST
L007909,B7352,James Wilson,,FIXED,HOME_EQUITY,VA,54848,Quicken Loans,640863.00,0.00,7.729,4540.46,2011-08-08,2026-08-08,2021-02-25,2021-03-27,CLOSED,0,COMPLETE,FIRST
L004904,B1332,Barbara Miller,Karen Martinez,JUMBO,PURCHASE,AZ,62488,Quicken Loans,627032.00,182939.93,8.423,4841.37,2018-02-11,2038-02-11,2018-04-04,2018-05-04,CURRENT,0,COMPLETE,SECOND
L009982,B1601,Jennifer Smith,,USDA,CONSTRUCTION,IA,59687,Bank of America,716359.00,235525.99,7.551,4958.46,2020-05-19,2035-05-19,2030-08-06,2030-09-05,CURRENT,0,COMPLETE,SECOND
L009199,B1223,Susan Thompson,Lisa Jones,VA,REFINANCE,ID,92443,Freedom Mortgage,117721.00,58928.32,3.349,361.39,2015-09-19,2035-09-19,2015-11-08,2015-12-08,CURRENT,0,COMPLETE,SECOND
L003373,B8479,Michael Thomas,Linda Williams,JUMBO,CASH_OUT_REFINANCE,KS,93795,PNC Bank,572966.00,245558.26,5.196,2729.04,2014-12-11,2024-12-11,2017-01-03,2017-02-02,CURRENT,0,COMPLETE,FIRST
L008653,B6408,Mary Miller,,ARM,CASH_OUT_REFINANCE,MN,51040,Wells Fargo Home Mortgage,542139.00,218632.82,3.786,1881.49,2010-05-05,2020-05-05,2019-06-03,2019-07-03,CURRENT,0,COMPLETE,SECOND
L009319,B4903,Sarah Martin,,CONVENTIONAL,PURCHASE,ND,23410,Freedom Mortgage,527983.00,378417.68,2.965,1435.01,2010-10-06,2030-10-06,2011-01-09,2011-02-08,CURRENT,0,COMPLETE,SECOND
L001557,B6925,Michael Johnson,,VA,REFINANCE,WV,26527,Flagstar Bank,294694.00,92848.20,4.346,1174.01,2012-11-15,2027-11-15,2019-07-22,2019-08-21,CURRENT,0,COMPLETE,SECOND
L009080,B1570,William Martin,,CONVENTIONAL,REFINANCE,LA,60161,Green Tree Servicing,624691.00,414032.63,7.786,4458.52,2016-12-19,2046-12-19,2020-07-25,2020-08-24,DELINQUENT,86,INCOMPLETE,SECOND
L003363,B1903,Richard Jackson,Robert White,FHA,CONSTRUCTION,MN,85154,Green Tree Servicing,724606.00,251964.30,4.433,2944.50,2015-12-22,2035-12-22,2025-02-05,2025-03-07,CURRENT,0,MISSING,FIRST
L002308,B2403,Patricia Hernandez,,FIXED,PURCHASE,AL,21270,PNC Bank,437814.00,234761.23,2.856,1146.20,2020-06-21,2040-06-21,2027-01-21,2027-02-20,CURRENT,0,COMPLETE,SECOND
L007288,B4429,Patricia Anderson,,USDA,PURCHASE,IA,81750,Freedom Mortgage,60166.00,42068.26,3.718,205.06,2020-11-15,2030-11-15,2028-01-24,2028-02-23,CURRENT,0,COMPLETE,SECOND
L000464,B5900,Richard Thomas,Barbara Martinez,ARM,REFINANCE,NM,81828,Caliber Home Loans,741274.00,369024.98,7.974,5418.34,2013-07-28,2023-07-28,2025-09-25,2019-11-18,CURRENT,0,MISSING,FIRST
L008447,B4996,Jennifer Martin,,FIXED,CONSTRUCTION,IA,99568,PNC Bank,621622.00,408049.96,6.926,3946.57,2011-02-13,2031-02-13,2018-08-30,2018-09-29,DELINQUENT,87,INCOMPLETE,SECOND
L003203,B2032,Lisa Thompson,,FHA,PURCHASE,DC,72433,Citimortgage,759798.00,222652.08,7.695,5359.43,2011-09-20,2041-09-20,2013-02-17,2013-03-19,CURRENT,0,COMPLETE,FIRST
L009367,B5800,Lisa Johnson,,ARM,PURCHASE,MT,15240,Citimortgage,353132.00,160780.26,6.976,2258.16,2019-07-04,2029-07-04,2029-10-21,2029-11-20,DELINQUENT,30,COMPLETE,FIRST
L000106,B3755,Mary Moore,,JUMBO,PURCHASE,MS,95678,Citimortgage,529536.00,411071.64,5.894,2860.99,2021-02-09,2031-02-09,2027-08-12,2027-09-11,CURRENT,0,,FIRST
L006500,B5909,Richard Hernandez,,VA,REFINANCE,ME,53475,Nationstar Mortgage,719999.00,0.00,6.592,4350.71,2015-12-12,2035-12-12,2025-09-05,2025-10-05,PAID_OFF,0,INCOMPLETE,SECOND
L009592,B4847,Jessica Wilson,Jennifer Wilson,ARM,HOME_EQUITY,MS,74934,Quicken Loans,362369.00,105537.48,5.724,1901.35,2015-09-17,2025-09-17,2020-09-13,2020-10-13,CURRENT,0,COMPLETE,SECOND
L001610,B7666,Robert Miller,,FHA,CASH_OUT_REFINANCE,WY,46690,Caliber Home Loans,615852.00,229609.57,8.301,4686.17,2013-10-07,2033-10-07,2016-02-10,2016-03-11,CURRENT,0,COMPLETE,FIRST
L002787,B6525,Michael Thomas,,CONVENTIONAL,CASH_OUT_REFINANCE,WA,41568,US Bank,436587.00,171237.88,6.254,2502.88,2018-10-02,2048-10-02,2028-12-27,2029-01-26,CURRENT,0,COMPLETE,SECOND
L002033,B5772,Barbara Jones,Linda Lee,VA,CASH_OUT_REFINANCE,OH,16027,Flagstar Bank,760048.00,382754.14,4.86,3386.01,2019-12-28,2034-12-28,2025-09-11,2025-10-11,CURRENT,0,MISSING,SECOND
L007378,B4337,Joseph Hernandez,Barbara Hernandez,JUMBO,PURCHASE,IL,91947,Citimortgage,65110.00,19212.97,8.431,503.20,2017-04-16,2047-04-16,2024-08-05,2024-09-04,CURRENT,0,COMPLETE,SECOND
L006911,B8861,Linda Martin,,JUMBO,REFINANCE,OH,73177,Caliber Home Loans,394425.00,0.00,5.905,2134.99,2016-02-21,2036-02-21,2024-03-15,2024-04-14,PAID_OFF,0,COMPLETE,FIRST
L008613,B5915,Mary Martin,,FIXED,HOME_EQUITY,ND,66472,SunTrust Mortgage,381012.00,337908.99,5.982,2089.28,2011-01-05,2041-01-05,2015-01-03,2015-02-02,CURRENT,0,COMPLETE,FIRST
L005395,B5783,Mary Brown,,VA,HOME_EQUITY,WA,20297,Quicken Loans,638472.00,456554.99,7.642,4472.60,2020-05-22,2030-05-22,2023-08-26,2023-09-25,CURRENT,0,COMPLETE,FIRST
L004641,B8719,John Hernandez,Thomas Martin,FIXED,REFINANCE,WY,33381,Nationstar Mortgage,524227.00,272905.61,7.508,3607.90,2016-01-13,2031-01-13,2016-11-12,2016-12-12,CURRENT,0,COMPLETE,SECOND
L002528,B4431,Sarah Hernandez,Karen Davis,FIXED,PURCHASE,VA,86983,JPMorgan Chase Bank,561678.00,404768.41,3.306,1702.17,2012-07-14,2027-07-14,2014-07-25,2014-08-24,CURRENT,0,COMPLETE,FIRST
L001217,B4365,James Hernandez,,VA,CONSTRUCTION,OH,12844,Bank of America,666680.00,372601.81,5.436,3322.07,2018-05-19,2028-05-19,2023-07-16,2023-08-15,DELINQUENT,82,COMPLETE,FIRST
L005407,B1783,Jennifer Martin,,CONVENTIONAL,CONSTRUCTION,RI,35877,Quicken Loans,458035.00,393164.44,2.941,1234.82,2021-11-08,2031-11-08,2030-08-27,2030-09-26,CURRENT,0,COMPLETE,FIRST
L001515,B6628,Karen Martin,,VA,HOME_EQUITY,MN,45648,Freedom Mortgage,71835.00,0.00,5.199,342.35,2014-07-31,2034-07-31,2023-11-14,2023-12-14,PAID_OFF,0,COMPLETE,FIRST
L001805,B6477,Charles Johnson,,ARM,CONSTRUCTION,MT,63993,PHH Mortgage,149412.00,0.00,3.441,471.28,2022-06-12,2032-06-12,2028-09-13,2028-10-13,CLOSED,0,COMPLETE,FIRST
L003437,B9206,Robert Taylor,,USDA,PURCHASE,NV,88189,Citimortgage,174038.00,140102.44,4.662,743.75,2021-07-08,2041-07-08,2024-03-31,2024-04-30,CURRENT,0,COMPLETE,SECOND
L001194,B9995,Robert Miller,,FHA,REFINANCE,ME,25930,Caliber Home Loans,434131.00,196095.14,7.206,2867.65,2020-06-10,2030-06-10,2020-09-08,2020-10-08,CURRENT,0,COMPLETE,FIRST
L004985,B5435,Jennifer Martin,Linda Williams,JUMBO,CONSTRUCTION,TN,74980,Green Tree Servicing,181019.00,90144.56,3.252,539.62,2019-06-15,2034-06-15,2019-11-06,2019-12-06,CURRENT,0,COMPLETE,FIRST
L006222,B3233,James Johnson,,FIXED,CONSTRUCTION,WI,22888,PHH Mortgage,235411.00,136972.94,6.994,1509.26,2013-11-14,2033-11-14,2018-03-28,2018-04-27,DEFAULT,143,COMPLETE,SECOND
L001711,B5533,Jennifer Hernandez,William Martinez,ARM,REFINANCE,NH,49022,Citimortgage,377819.00,340920.83,5.275,1826.91,2015-09-01,2035-09-01,2018-11-09,2018-12-09,CURRENT,0,COMPLETE,SECOND
L002210,B8727,Thomas Wilson,,USDA,CONSTRUCTION,MT,53195,Flagstar Bank,180940.00,81771.51,5.407,896.81,2015-08-22,2025-08-22,2016-01-20,2016-02-19,CURRENT,0,COMPLETE,SECOND
L007372,B9555,Michael Miller,Susan Williams,CONVENTIONAL,CASH_OUT_REFINANCE,VT,65157,Quicken Loans,273106.00,205551.27,3.388,848.18,2014-07-03,2024-07-03,2021-04-01,2021-05-01,CURRENT,0,INCOMPLETE,SECOND
L004470,B6199,Barbara Smith,,VA,CONSTRUCTION,ME,22520,Freedom Mortgage,278922.00,203434.04,4.232,1082.03,2014-10-06,2034-10-06,2019-08-08,2019-09-07,CURRENT,0,COMPLETE,SECOND
L004265,B1473,Robert Wilson,,ARM,PURCHASE,TN,26908,Quicken Loans,555001.00,256428.95,4.345,2210.52,2017-03-22,2047-03-22,2019-05-04,2019-06-03,DELINQUENT,79,COMPLETE,FIRST
L005866,B8328,Michael Anderson,Robert Smith,ARM,CASH_OUT_REFINANCE,WI,98884,Bank of America,769254.00,303002.14,7.263,5121.50,2014-09-09,2024-09-09,2022-12-16,2023-01-15,CURRENT,0,COMPLETE,SECOND
L000047,B1939,Lisa Moore,John Davis,FIXED,CASH_OUT_REFINANCE,AK,57467,Caliber Home Loans,128686.00,0.00,6.527,769.94,2019-02-10,2039-02-10,2025-09-02,2025-01-10,PAID_OFF,0,COMPLETE,FIRST
L004471,B7017,Linda Smith,Michael Martinez,CONVENTIONAL,HOME_EQUITY,VA,64811,Citimortgage,384647.00,320236.07,4.959,1748.51,2020-12-17,2030-12-17,2022-05-24,2022-06-23,CURRENT,0,COMPLETE,FIRST
L001929,B2659,Jennifer Thompson,,JUMBO,CONSTRUCTION,IL,63838,PHH Mortgage,296868.00,198099.91,3.843,1045.79,2022-04-11,2042-04-11,2022-11-30,2022-12-30,CURRENT,0,MISSING,FIRST
L003389,B3737,David Thompson,,FHA,CASH_OUT_REFINANCE,KS,78363,Caliber Home Loans,397795.00,0.00,5.166,1883.76,2017-10-04,2037-10-04,2019-12-01,2019-12-31,PAID_OFF,0,COMPLETE,FIRST
L008930,B7086,Susan Lee,,FIXED,REFINANCE,SD,92390,Wells Fargo Home Mortgage,678196.00,409508.54,3.221,2002.43,2016-11-28,2036-11-28,2023-01-27,2023-02-26,CURRENT,0,COMPLETE,SECOND
L003483,B7791,David Martinez,,JUMBO,PURCHASE,NM,96096,JPMorgan Chase Bank,676723.00,258598.57,5.952,3692.20,2022-04-10,2032-04-10,2028-07-17,2028-08-16,CURRENT,0,COMPLETE,FIRST
L001903,B4284,Robert Johnson,,FIXED,PURCHASE,MO,14264,SunTrust Mortgage,132193.00,119310.03,6.486,785.95,2021-12-04,2036-12-04,2029-11-08,2029-12-08,CURRENT,0,MISSING,FIRST
L005219,B5421,Thomas Jackson,,USDA,HOME_EQUITY,NY,94769,Bank of America,400490.00,0.00,6.082,2232.80,2019-08-06,2034-08-06,2020-09-19,2020-10-19,CLOSED,0,COMPLETE,FIRST
L000727,B1924,James Moore,Linda White,USDA,CASH_OUT_REFINANCE,99,82987,Bank of America,460320.00,183969.66,4.78,2016.97,2016-07-18,2026-07-18,2019-02-25,2019-03-27,CURRENT,0,COMPLETE,FIRST
L005665,B7897,Thomas Williams,,FHA,CONSTRUCTION,MO,59742,Caliber Home Loans,79490.00,63766.10,4.563,332.49,2012-12-19,2032-12-19,2023-07-02,2023-08-01,DELINQUENT,50,COMPLETE,FIRST
L007362,B7516,William Anderson,,FIXED,REFINANCE,OH,41349,US Bank,781602.00,328124.88,2.701,1935.18,2020-09-04,2035-09-04,2031-08-16,2031-09-15,CURRENT,0,COMPLETE,SECOND
L009254,B9603,John Thompson,,FIXED,CONSTRUCTION,FL,15832,SunTrust Mortgage,242869.00,175549.38,4.886,1087.77,2011-10-11,2026-10-11,2019-06-07,2019-07-07,CURRENT,0,COMPLETE,FIRST
L007506,B7323,Joseph Thompson,Michael Martinez,FIXED,HOME_EQUITY,NJ,54672,Wells Fargo Home Mortgage,632660.00,334173.75,7.962,4617.47,2012-05-15,2022-05-15,2014-08-22,2014-09-21,CURRENT,0,COMPLETE,FIRST
L000014,B3290,Susan Lee,,ARM,REFINANCE,FL,64379,Flagstar Bank,97549.00,124713.74,8.178,731.28,2016-10-29,2046-10-29,2018-03-18,2018-04-17,CURRENT,0,COMPLETE,FIRST
L002307,B9856,Sarah Jones,James Jones,VA,PURCHASE,ME,12151,Citimortgage,385708.00,218582.93,7.336,2593.76,2021-11-09,2051-11-09,2023-08-20,2023-09-19,CURRENT,0,INCOMPLETE,SECOND
L005502,B3256,Lisa Miller,Mary White,USDA,CASH_OUT_REFINANCE,MN,55986,Caliber Home Loans,574831.00,516039.39,5.799,3055.66,2015-09-11,2045-09-11,2018-01-04,2018-02-03,CURRENT,0,COMPLETE,SECOND
L003084,B7811,Lisa Hernandez,,USDA,CASH_OUT_REFINANCE,CT,80698,Citimortgage,334801.00,0.00,5.17,1586.68,2015-08-22,2025-08-22,2017-11-10,2017-12-10,PAID_OFF,0,COMPLETE,SECOND
L001191,B4375,Joseph Martin,,JUMBO,REFINANCE,HI,71339,SunTrust Mortgage,508803.00,266645.40,4.544,2119.33,2017-07-29,2032-07-29,2025-07-29,2025-08-28,CURRENT,0,COMPLETE,FIRST
L004917,B8893,Jennifer Thomas,David Johnson,FIXED,CASH_OUT_REFINANCE,MS,75269,Citimortgage,85277.00,51132.79,6.124,478.72,2010-11-08,2020-11-08,2019-07-01,2019-07-31,CURRENT,0,COMPLETE,FIRST
L003503,B1284,Patricia Williams,,FIXED,CASH_OUT_REFINANCE,FL,49463,Flagstar Bank,368588.00,134852.95,7.047,2380.99,2019-06-23,2034-06-23,2025-01-03,2025-02-02,CURRENT,0,COMPLETE,SECOND
L007050,B8952,Jessica Brown,,FHA,REFINANCE,NM,59453,SunTrust Mortgage,778868.00,216998.22,5.89,4205.24,2016-11-30,2046-11-30,2023-05-27,2023-06-26,DELINQUENT,49,COMPLETE,SECOND
L002356,B5429,Sarah Brown,,ARM,CASH_OUT_REFINANCE,ME,93986,Caliber Home Loans,658685.00,440431.20,7.255,4380.53,2010-03-20,2040-03-20,2010-09-04,2010-10-04,DEFAULT,199,COMPLETE,FIRST
L009823,B8833,Susan Lee,David Martin,VA,PURCHASE,KS,23675,Citimortgage,243548.00,120866.94,2.525,563.71,2012-11-28,2032-11-28,2018-09-16,2018-10-16,CURRENT,0,COMPLETE,SECOND
L003624,B8962,Karen Lee,,ARM,CONSTRUCTION,NV,82144,Bank of America,120611.00,77478.49,5.042,557.44,2017-03-10,2047-03-10,2022-07-25,2022-08-24,CURRENT,0,COMPLETE,FIRST
L006687,B2645,Jennifer Hernandez,,JUMBO,CONSTRUCTION,NE,19348,Bank of America,234613.00,112518.19,6.445,1386.07,2022-11-03,2032-11-03,2031-11-18,2031-12-18,CURRENT,0,COMPLETE,FIRST
L007829,B6806,Joseph Jackson,,JUMBO,CONSTRUCTION,FL,66211,Freedom Mortgage,570353.00,247210.47,2.929,1531.35,2011-03-19,2041-03-19,2014-03-08,2014-04-07,CURRENT,0,COMPLETE,FIRST
L008783,B6004,Karen Jones,,FIXED,REFINANCE,WI,48481,Caliber Home Loans,439742.00,167479.64,2.713,1093.60,2010-09-24,2040-09-24,2018-12-18,2019-01-17,CURRENT,0,INCOMPLETE,FIRST
L006805,B3805,Karen Thompson,,ARM,CONSTRUCTION,MA,64575,Flagstar Bank,196197.00,69080.25,3.557,639.72,2010-09-08,2040-09-08,2014-01-17,2014-02-16,CURRENT,0,COMPLETE,SECOND
L003872,B1382,Sarah Martin,,FIXED,HOME_EQUITY,DC,71806,Flagstar Bank,111282.00,0.00,2.985,304.50,2012-05-05,2022-05-05,2015-02-22,2015-03-24,PAID_OFF,0,COMPLETE,SECOND
L009750,B3777,Jessica Williams,James Williams,USDA,PURCHASE,MS,11351,Quicken Loans,111216.00,31998.16,3.229,329.19,2014-02-01,2029-02-01,2022-01-24,2022-02-23,CURRENT,0,COMPLETE,FIRST
L005222,B1996,Charles Miller,,FHA,CASH_OUT_REFINANCE,TX,83371,US Bank,319324.00,216112.13,3.098,906.83,2012-06-13,2022-06-13,2019-04-01,2019-05-01,CURRENT,0,MISSING,FIRST
L008337,B3267,David Taylor,Richard Thompson,JUMBO,PURCHASE,NH,73707,JPMorgan Chase Bank,304429.00,231366.10,7.156,1996.95,2016-12-03,2036-12-03,2022-06-17,2022-07-17,CURRENT,0,COMPLETE,FIRST
L007919,B3341,John Wilson,,FHA,CONSTRUCTION,NY,55623,Bank of America,730552.00,445368.83,4.299,2878.92,2021-11-16,2031-11-16,2029-07-03,2029-08-02,DEFAULT,207,COMPLETE,SECOND
L001038,B7230,Jennifer Taylor,,VA,HOME_EQUITY,ME,40913,Quicken Loans,326477.00,123610.11,3.824,1144.41,2022-07-22,2042-07-22,2031-08-31,2031-09-30,CURRENT,0,MISSING,FIRST
L000155,B3292,Charles Miller,,ARM,REFINANCE,AZ,99957,Nationstar Mortgage,76691.00,39717.44,6.432,452.17,2016-08-18,2036-08-18,2026-11-18,2026-12-18,CURRENT,0,,SECOND
L005412,B3957,Michael Martinez,,USDA,CASH_OUT_REFINANCE,OH,10963,Nationstar Mortgage,154058.00,76046.73,5.049,713.02,2017-01-04,2047-01-04,2027-10-12,2027-11-11,CURRENT,0,COMPLETE,FIRST
L001163,B9855,Robert Miller,,CONVENTIONAL,PURCHASE,NC,75562,Nationstar Mortgage,474257.00,254150.67,8.46,3677.86,2016-05-28,2046-05-28,2019-05-08,2019-06-07,CURRENT,0,COMPLETE,SECOND
L001974,B3251,James Jones,David Thomas,FHA,CONSTRUCTION,OH,72470,Green Tree Servicing,278304.00,0.00,3.114,794.42,2019-01-12,2034-01-12,2029-01-23,2029-02-22,CLOSED,0,COMPLETE,FIRST
L003406,B1606,Susan Wilson,,USDA,HOME_EQUITY,GA,93848,Freedom Mortgage,81020.00,60133.20,4.368,324.40,2014-01-09,2034-01-09,2018-08-12,2018-09-11,CURRENT,0,COMPLETE,FIRST
L003180,B1622,Sarah Williams,Charles Davis,CONVENTIONAL,PURCHASE,WA,79992,Bank of America,120020.00,50996.57,2.783,306.18,2018-02-08,2033-02-08,2022-09-10,2022-10-10,CURRENT,0,INCOMPLETE,SECOND
L003753,B2339,Michael Garcia,William Smith,VA,CASH_OUT_REFINANCE,KY,95023,Caliber Home Loans,689155.00,393728.72,4.506,2846.55,2013-05-12,2043-05-12,2016-05-14,2016-06-13,DEFAULT,300,MISSING,SECOND
L002454,B6104,John Moore,,FHA,CASH_OUT_REFINANCE,NV,23220,Flagstar Bank,221369.00,175867.08,4.717,957.18,2022-03-17,2042-03-17,2026-07-09,2026-08-08,CURRENT,0,COMPLETE,SECOND
L004006,B7151,Barbara Martin,,CONVENTIONAL,HOME_EQUITY,TX,89999,PHH Mortgage,190946.00,106142.85,4.314,755.10,2016-03-27,2026-03-27,2026-04-19,2026-05-19,CURRENT,0,COMPLETE,SECOND
L001542,B6411,Patricia Thompson,Karen Thompson,CONVENTIONAL,HOME_EQUITY,IN,15380,PHH Mortgage,428542.00,293882.20,7.346,2885.73,2012-06-25,2042-06-25,2017-09-24,2017-10-24,CURRENT,0,COMPLETE,FIRST
L008338,B3897,James Taylor,Michael Williams,ARM,REFINANCE,CO,29793,SunTrust Mortgage,306772.00,275968.03,5.152,1448.78,2015-01-09,2025-01-09,2021-01-19,2021-02-18,CURRENT,0,MISSING,SECOND
L007239,B5141,Jennifer Hernandez,,USDA,REFINANCE,WI,16568,PNC Bank,141052.00,0.00,7.44,961.97,2017-01-10,2032-01-10,2019-12-07,2020-01-06,PAID_OFF,0,COMPLETE,FIRST
L001255,B9398,John Moore,,CONVENTIONAL,CONSTRUCTION,UT,71797,Nationstar Mortgage,341437.00,252769.56,6.452,2019.37,2015-07-03,2025-07-03,2023-05-28,2023-06-27,CURRENT,0,INCOMPLETE,FIRST
L007431,B7167,Jennifer Thompson,Sarah Moore,FHA,PURCHASE,IA,56057,Bank of America,511524.00,167810.00,8.483,3977.65,2017-11-28,2032-11-28,2023-02-25,2023-03-27,CURRENT,0,COMPLETE,FIRST
L004162,B8508,Karen Thompson,David Thompson,JUMBO,CASH_OUT_REFINANCE,IL,20643,PHH Mortgage,751809.00,490316.62,3.972,2737.34,2015-08-02,2045-08-02,2016-12-05,2017-01-04,CURRENT,0,COMPLETE,SECOND
L000312,B9698,Thomas Taylor,,CONVENTIONAL,CONSTRUCTION,MI,57918,Freedom Mortgage,84303.00,52346.45,4.28,330.75,2016-01-20,2031-01-20,2024-12-19,2025-01-18,DELINQUENT,33,,FIRST
L009355,B4322,Barbara Miller,,FHA,CASH_OUT_REFINANCE,NY,44845,Freedom Mortgage,57461.00,26419.90,8.402,442.56,2020-11-27,2035-11-27,2028-01-31,2028-03-01,CURRENT,0,COMPLETE,FIRST
L007667,B6368,Linda Thompson,,JUMBO,CONSTRUCTION,AL,45906,Nationstar Mortgage,72297.00,24930.02,5.616,372.18,2013-12-15,2023-12-15,2017-03-14,2017-04-13,CURRENT,0,COMPLETE,SECOND
L008132,B5111,Thomas Miller,,VA,REFINANCE,NJ,65848,PHH Mortgage,761973.00,0.00,8.054,5625.52,2012-06-30,2022-06-30,2013-03-23,2013-04-22,PAID_OFF,0,COMPLETE,FIRST
L003490,B5140,Mary Johnson,,JUMBO,HOME_EQUITY,SD,45506,JPMorgan Chase Bank,546712.00,217769.81,7.362,3689.49,2018-12-09,2028-12-09,2024-03-16,2024-04-15,CURRENT,0,COMPLETE,SECOND
L003926,B4212,David Martin,Sarah Martinez,ARM,HOME_EQUITY,MD,38067,Caliber Home Loans,289270.00,130023.40,7.417,1966.72,2020-04-12,2040-04-12,2020-10-20,2020-11-19,CURRENT,0,INCOMPLETE,FIRST
L006022,B4703,Jessica Anderson,,VA,PURCHASE,MI,32777,PHH Mortgage,727247.00,295425.20,5.423,3615.21,2014-01-30,2024-01-30,2023-03-23,2023-04-22,CURRENT,0,COMPLETE,SECOND
L007422,B7354,Patricia Davis,,USDA,PURCHASE,NC,48228,Flagstar Bank,210738.00,92042.91,5.024,970.52,2017-04-18,2037-04-18,2026-02-13,2026-03-15,CURRENT,0,INCOMPLETE,SECOND
L004139,B3355,Karen Davis,,FIXED,PURCHASE,IA,29787,Flagstar Bank,320956.00,282648.58,6.587,1937.96,2010-03-30,2030-03-30,2015-03-09,2015-04-08,CURRENT,0,MISSING,SECOND
L000070,B2562,David Anderson,,ARM,HOME_EQUITY,KS,11498,US Bank,243757.00,105795.10,8.39,1874.69,2020-09-16,2040-09-16,2031-04-15,2031-05-15,CURRENT,0,,SECOND
L000725,B4311,Linda Johnson,,FHA,PURCHASE,NM,18834,Quicken Loans,140705.00,178653.58,5.828,751.69,2021-03-03,2036-03-03,2022-09-04,2022-10-04,CURRENT,0,COMPLETE,SECOND
L002945,B6109,William Wilson,,VA,HOME_EQUITY,NE,44693,PHH Mortgage,689572.00,243660.86,6.089,3848.90,2010-12-07,2030-12-07,2019-11-24,2019-12-24,DELINQUENT,68,COMPLETE,SECOND
L005003,B9717,Charles Wilson,,ARM,CONSTRUCTION,UT,92247,Bank of America,116796.00,48911.42,4.599,492.38,2021-05-13,2031-05-13,2031-04-14,2031-05-14,CURRENT,0,COMPLETE,SECOND
L008083,B8995,Charles Jones,Lisa Moore,FHA,PURCHASE,NE,48976,Freedom Mortgage,774253.00,334004.99,2.7,1916.28,2020-01-13,2030-01-13,2027-01-06,2027-02-05,DELINQUENT,72,COMPLETE,SECOND
L001464,B3621,Joseph Jackson,,JUMBO,PURCHASE,KS,76570,SunTrust Mortgage,486722.00,0.00,7.493,3343.09,2014-11-04,2044-11-04,2019-04-26,2019-05-26,PAID_OFF,0,COMPLETE,SECOND
L002536,B7901,Sarah Davis,Susan Williams,FIXED,CASH_OUT_REFINANCE,MO,23172,Quicken Loans,188461.00,0.00,4.453,769.28,2011-07-13,2021-07-13,2015-02-11,2015-03-13,PAID_OFF,0,MISSING,FIRST
L007462,B2395,Charles Wilson,,USDA,REFINANCE,CT,99038,JPMorgan Chase Bank,763931.00,247569.38,2.979,2086.10,2013-07-26,2033-07-26,2021-10-06,2021-11-05,DEFAULT,238,COMPLETE,SECOND
L007752,B8203,Joseph Moore,William Wilson,CONVENTIONAL,PURCHASE,NY,95180,Wells Fargo Home Mortgage,587004.00,199894.85,5.372,2890.60,2017-07-07,2027-07-07,2019-06-19,2019-07-19,CURRENT,0,COMPLETE,SECOND
L000013,B5295,Lisa Davis,,ARM,CONSTRUCTION,OK,49608,Flagstar Bank,662955.00,196380.63,4.786,2908.49,2018-05-02,2028-05-02,2025-10-10,2026-01-24,CURRENT,0,COMPLETE,SECOND
L004206,B2191,Joseph Miller,Charles Wilson,ARM,PURCHASE,SD,93959,Flagstar Bank,318395.00,270310.27,6.888,2010.35,2012-01-16,2027-01-16,2019-04-19,2019-05-19,CURRENT,0,COMPLETE,SECOND
L005423,B9627,William Thomas,,FHA,PURCHASE,AL,30139,Nationstar Mortgage,623533.00,415936.97,5.835,3335.12,2017-07-12,2047-07-12,2027-09-20,2027-10-20,CURRENT,0,MISSING,FIRST
L009557,B9573,Mary Smith,,FHA,HOME_EQUITY,FL,83690,Freedom Mortgage,750283.00,391618.55,5.341,3673.32,2020-02-06,2040-02-06,2022-09-14,2022-10-14,CURRENT,0,COMPLETE,FIRST
L005828,B1419,John Hernandez,,JUMBO,HOME_EQUITY,TX,68738,Bank of America,385031.00,0.00,7.246,2557.44,2015-07-12,2025-07-12,2025-12-23,2026-01-22,PAID_OFF,0,MISSING,FIRST
L001028,B3824,Sarah Garcia,Jennifer Lee,FHA,HOME_EQUITY,HI,48606,Nationstar Mortgage,583792.00,318684.72,4.157,2224.59,2016-12-22,2026-12-22,2024-06-05,2024-07-05,CURRENT,0,COMPLETE,FIRST
L007884,B2516,Barbara Garcia,,ARM,PURCHASE,NY,42783,Freedom Mortgage,402733.00,134322.24,2.84,1048.45,2014-03-02,2034-03-02,2015-11-10,2015-12-10,CURRENT,0,INCOMPLETE,FIRST
L004659,B1399,Charles Wilson,James Taylor,CONVENTIONAL,PURCHASE,CT,40273,Green Tree Servicing,755802.00,488597.19,4.289,2971.50,2016-07-07,2046-07-07,2024-12-09,2025-01-08,DELINQUENT,48,COMPLETE,SECOND
L006433,B5555,Charles Jones,,USDA,REFINANCE,WY,31324,PHH Mortgage,565595.00,374092.19,6.046,3134.62,2011-02-13,2021-02-13,2015-01-28,2015-02-27,CURRENT,0,COMPLETE,SECOND
L007230,B6971,Mary Brown,,VA,REFINANCE,WV,97220,Green Tree Servicing,87995.00,0.00,4.917,396.62,2018-05-21,2033-05-21,2018-08-16,2018-09-15,PAID_OFF,0,COMPLETE,FIRST
L001316,B7412,Michael Lee,James White,FIXED,CONSTRUCTION,WY,30206,Quicken Loans,75691.00,32271.91,7.018,486.93,2017-04-12,2047-04-12,2025-01-22,2025-02-21,CURRENT,0,INCOMPLETE,SECOND
L003022,B1895,Charles Garcia,,FIXED,CASH_OUT_REFINANCE,OR,43572,PNC Bank,76526.00,66449.11,4.915,344.78,2011-10-25,2031-10-25,2015-12-31,2016-01-30,CURRENT,0,COMPLETE,SECOND
L006113,B1086,Charles Moore,,ARM,PURCHASE,IN,50961,Flagstar Bank,770557.00,0.00,3.15,2224.98,2015-02-15,2045-02-15,2016-04-18,2016-05-18,PAID_OFF,0,COMPLETE,SECOND
L008369,B5657,Sarah Thomas,Thomas Moore,USDA,CASH_OUT_REFINANCE,WA,57304,Bank of America,197528.00,101363.64,5.982,1083.14,2021-03-14,2041-03-14,2031-06-07,2031-07-07,DELINQUENT,49,COMPLETE,FIRST
L003838,B3385,Richard Thomas,,FHA,CONSTRUCTION,HI,27567,Wells Fargo Home Mortgage,462898.00,395938.81,6.612,2805.62,2018-04-21,2048-04-21,2028-07-09,2028-08-08,DELINQUENT,38,MISSING,FIRST
L005400,B9162,James Williams,Karen Smith,CONVENTIONAL,REFINANCE,DC,49274,Quicken Loans,528916.00,289099.45,6.377,3091.82,2012-02-09,2032-02-09,2017-02-18,2017-03-20,CURRENT,0,COMPLETE,FIRST
L001883,B2029,Charles Martinez,,ARM,REFINANCE,MN,63834,US Bank,86630.00,35657.98,8.067,640.61,2021-09-30,2041-09-30,2029-05-19,2029-06-18,DELINQUENT,60,COMPLETE,SECOND
L000260,B4323,Sarah Davis,Sarah Moore,JUMBO,CONSTRUCTION,AL,20407,SunTrust Mortgage,53704.00,32248.99,6.235,306.94,,2025-09-05,2020-11-25,2020-12-25,CURRENT,0,COMPLETE,FIRST
L000856,B8761,Jennifer Miller,Jessica Brown,JUMBO,REFINANCE,NE,31782,US Bank,446452.00,348988.31,2.546,1041.94,2018-05-27,2028-05-27,2024-06-17,2024-07-17,CURRENT,0,COMPLETE,SECOND
L001462,B5998,Michael Taylor,,VA,CASH_OUT_REFINANCE,AR,38687,US Bank,460022.00,268832.34,8.176,3447.71,2018-03-30,2048-03-30,2025-12-06,2026-01-05,DEFAULT,342,COMPLETE,SECOND
L002335,B1293,Jennifer Thomas,,JUMBO,PURCHASE,WV,92901,Bank of America,254483.00,210207.01,6.215,1449.81,2013-06-24,2023-06-24,2023-10-21,2023-11-20,CURRENT,0,COMPLETE,SECOND
L006304,B7814,Jessica Brown,David Thompson,VA,CASH_OUT_REFINANCE,WY,45499,JPMorgan Chase Bank,790063.00,469833.82,2.523,1827.22,2014-09-03,2024-09-03,2021-10-17,2021-11-16,CURRENT,0,INCOMPLETE,SECOND
L002475,B5488,John Smith,Charles Moore,USDA,CASH_OUT_REFINANCE,DC,48216,Bank of America,700490.00,219075.68,5.385,3457.79,2021-06-09,2036-06-09,2028-12-08,2029-01-07,DEFAULT,320,COMPLETE,FIRST
L004021,B6509,James Miller,,JUMBO,CONSTRUCTION,AR,27565,PHH Mortgage,175933.00,113057.38,6.114,986.02,2022-05-09,2032-05-09,2029-01-04,2029-02-03,CURRENT,0,COMPLETE,SECOND
L006415,B1315,David Martinez,,JUMBO,CONSTRUCTION,TX,27401,SunTrust Mortgage,581901.00,0.00,4.706,2510.22,2020-11-11,2035-11-11,2025-01-22,2025-02-21,PAID_OFF,0,COMPLETE,FIRST
L002584,B4443,Richard Brown,,FIXED,PURCHASE,AK,96506,PNC Bank,598794.00,159880.12,6.802,3733.58,2016-05-14,2026-05-14,2017-01-07,2017-02-06,CURRENT,0,COMPLETE,FIRST
L004089,B4263,Susan White,,FHA,CASH_OUT_REFINANCE,AL,91161,Flagstar Bank,707616.00,0.00,7.816,5069.83,2014-07-29,2044-07-29,2016-06-04,2016-07-04,PAID_OFF,0,COMPLETE,FIRST
L003673,B7541,Barbara Johnson,,CONVENTIONAL,CASH_OUT_REFINANCE,NC,68613,Citimortgage,361947.00,130638.74,4.361,1446.91,2019-12-28,2049-12-28,2021-11-15,2021-12-15,CURRENT,0,MISSING,FIRST
L002767,B4178,David Jones,,USDA,CASH_OUT_REFINANCE,VA,29244,SunTrust Mortgage,188713.00,55665.12,7.204,1246.20,2020-01-22,2035-01-22,2026-06-21,2026-07-21,CURRENT,0,INCOMPLETE,FIRST
L000877,B4190,William Hernandez,David Johnson,ARM,CASH_OUT_REFINANCE,KS,27046,Nationstar Mortgage,228887.00,77990.20,7.39,1550.52,2013-07-15,2028-07-15,2020-06-02,2020-07-02,DELINQUENT,51,COMPLETE,SECOND
L005706,B5877,Barbara Williams,,FHA,REFINANCE,DC,14770,PHH Mortgage,351608.00,319517.92,3.203,1032.35,2018-06-19,2028-06-19,2024-12-22,2025-01-21,CURRENT,0,COMPLETE,FIRST
L001727,B2018,Karen Johnson,,VA,CONSTRUCTION,NE,64930,PNC Bank,469670.00,415914.92,3.661,1576.17,2013-07-24,2023-07-24,2024-05-29,2024-06-28,CURRENT,0,MISSING,SECOND
L002466,B1515,Charles Hernandez,Lisa Johnson,USDA,PURCHASE,SD,10832,Wells Fargo Home Mortgage,104826.00,0.00,6.878,660.91,2013-05-02,2043-05-02,2018-01-15,2018-02-14,PAID_OFF,0,INCOMPLETE,FIRST
L005121,B9187,Barbara Smith,,FHA,CONSTRUCTION,AL,47315,Caliber Home Loans,386117.00,308431.97,3.373,1193.84,2020-12-30,2030-12-30,2022-09-11,2022-10-11,CURRENT,0,COMPLETE,FIRST
L003970,B2588,John Garcia,David Anderson,FIXED,HOME_EQUITY,AR,40089,Nationstar Mortgage,50105.00,35379.09,3.64,167.18,2017-04-27,2027-04-27,2022-07-02,2022-08-01,CURRENT,0,INCOMPLETE,SECOND
L004421,B2465,Jessica Jackson,,ARM,CONSTRUCTION,WI,77524,SunTrust Mortgage,746179.00,370226.75,7.977,5456.25,2020-08-13,2030-08-13,2029-12-23,2030-01-22,DEFAULT,276,COMPLETE,FIRST
L004484,B9925,James Johnson,,FHA,PURCHASE,NE,89994,Wells Fargo Home Mortgage,573680.00,353715.37,6.795,3573.31,2010-09-24,2025-09-24,2021-06-25,2021-07-25,CURRENT,0,COMPLETE,SECOND
L005778,B6204,William Martinez,Jennifer Anderson,ARM,REFINANCE,ID,22733,PHH Mortgage,513084.00,356302.94,7.468,3512.40,2021-01-21,2041-01-21,2024-01-20,2024-02-19,CURRENT,0,MISSING,FIRST
L002619,B3165,Barbara Miller,,ARM,CONSTRUCTION,AR,44039,Nationstar Mortgage,86234.00,70270.08,5.414,427.96,2012-11-05,2022-11-05,2015-10-03,2015-11-02,CURRENT,0,INCOMPLETE,SECOND
L009015,B9924,Susan Anderson,,FHA,REFINANCE,IL,82240,PHH Mortgage,361197.00,260323.58,7.629,2525.94,2017-06-09,2037-06-09,2019-10-12,2019-11-11,CURRENT,0,COMPLETE,SECOND
L008745,B5441,Jessica Lee,,ARM,HOME_EQUITY,MD,56803,Freedom Mortgage,385529.00,102014.21,3.904,1379.68,2016-08-10,2026-08-10,2019-04-21,2019-05-21,CURRENT,0,COMPLETE,FIRST
L002735,B4145,Linda Lee,Joseph Hernandez,CONVENTIONAL,CASH_OUT_REFINANCE,OH,49801,US Bank,751157.00,0.00,6.01,4138.25,2016-02-27,2036-02-27,2018-05-16,2018-06-15,PAID_OFF,0,COMPLETE,FIRST
L009394,B4144,Thomas Wilson,Mary Miller,FHA,REFINANCE,NY,90669,JPMorgan Chase Bank,213316.00,0.00,4.954,968.70,2019-11-08,2039-11-08,2026-08-13,2026-09-12,PAID_OFF,0,COMPLETE,SECOND
L000437,B7908,Jennifer Garcia,Thomas Brown,FIXED,CASH_OUT_REFINANCE,CT,52294,Nationstar Mortgage,,32836.19,8.436,613.23,2017-07-24,2032-07-24,2025-04-08,2025-05-08,DELINQUENT,83,INCOMPLETE,FIRST
L005542,B5143,Jennifer Miller,Richard Williams,ARM,PURCHASE,NY,44724,Freedom Mortgage,796420.00,593722.50,7.635,5573.94,2010-10-03,2040-10-03,2012-04-22,2012-05-22,CURRENT,0,COMPLETE,FIRST
L000454,B8753,Richard Thomas,,VA,CASH_OUT_REFINANCE,KS,23130,Wells Fargo Home Mortgage,403401.00,0.00,6.126,2265.30,2017-07-20,2037-07-20,2025-04-11,2025-05-11,CURRENT,45,MISSING,SECOND
L000993,B7077,Lisa Thompson,Lisa Jackson,CONVENTIONAL,HOME_EQUITY,MA,90632,Wells Fargo Home Mortgage,363619.00,192800.58,7.705,2568.21,2012-01-10,2027-01-10,2015-04-09,2015-05-09,CURRENT,0,COMPLETE,SECOND
L007659,B1185,Joseph Thompson,,USDA,REFINANCE,MA,22406,Green Tree Servicing,408422.00,244260.45,4.677,1751.01,2020-10-12,2035-10-12,2030-05-17,2030-06-16,CURRENT,0,COMPLETE,SECOND
L003951,B2096,James Smith,Patricia Thompson,ARM,CONSTRUCTION,AZ,91331,Freedom Mortgage,377237.00,279864.68,5.356,1852.11,2019-03-11,2049-03-11,2023-03-11,2023-04-10,DELINQUENT,81,MISSING,SECOND
L006132,B9146,Patricia Lee,,VA,CASH_OUT_REFINANCE,AR,33549,Wells Fargo Home Mortgage,696376.00,478822.47,3.361,2145.48,2012-12-15,2022-12-15,2018-08-24,2018-09-23,CURRENT,0,COMPLETE,SECOND
L003675,B5335,Jennifer Brown,,ARM,CONSTRUCTION,OR,50082,Citimortgage,428627.00,346540.72,4.456,1750.80,2012-01-20,2027-01-20,2022-07-09,2022-08-08,CURRENT,0,COMPLETE,SECOND
L009745,B3339,Linda Smith,,CONVENTIONAL,REFINANCE,NJ,38164,Quicken Loans,774045.00,301525.84,5.49,3895.38,2019-06-03,2049-06-03,2028-07-31,2028-08-30,CURRENT,0,COMPLETE,SECOND
L009450,B6607,David Thomas,,FIXED,CASH_OUT_REFINANCE,KY,98438,Green Tree Servicing,496167.00,178818.25,3.971,1806.09,2021-05-29,2036-05-29,2024-01-11,2024-02-10,CURRENT,0,MISSING,FIRST
L004869,B5744,Barbara Taylor,,USDA,HOME_EQUITY,OK,10904,Quicken Loans,285507.00,123188.04,3.256,852.14,2018-08-14,2038-08-14,2018-11-14,2018-12-14,DELINQUENT,74,COMPLETE,FIRST
L003952,B5971,Barbara Hernandez,,VA,CONSTRUCTION,MT,86286,PNC Bank,726528.00,382725.89,5.169,3442.47,2016-12-16,2046-12-16,2024-06-21,2024-07-21,CURRENT,0,COMPLETE,FIRST
L005487,B8563,Patricia Lee,,USDA,PURCHASE,TX,76154,Green Tree Servicing,322904.00,241528.19,5.551,1643.07,2013-02-28,2043-02-28,2014-09-28,2014-10-28,CURRENT,0,COMPLETE,SECOND
L007386,B8656,John Johnson,,ARM,PURCHASE,CA,40312,PHH Mortgage,689285.00,395842.41,6.854,4330.66,2018-05-24,2048-05-24,2029-05-15,2029-06-14,CURRENT,0,COMPLETE,SECOND
L008626,B8244,William Davis,Karen Taylor,JUMBO,PURCHASE,NY,69455,Green Tree Servicing,181250.00,147738.55,6.887,1144.25,2014-06-08,2024-06-08,2025-05-06,2025-06-05,DELINQUENT,68,COMPLETE,FIRST
L005191,B5386,Lisa Davis,,VA,HOME_EQUITY,OK,52924,PNC Bank,137042.00,0.00,6.021,756.37,2022-10-25,2037-10-25,2024-11-09,2024-12-09,PAID_OFF,0,MISSING,FIRST
L003648,B3671,Barbara Hernandez,,FHA,HOME_EQUITY,VT,73057,JPMorgan Chase Bank,326410.00,0.00,3.203,958.37,2014-12-25,2034-12-25,2023-11-20,2023-12-20,PAID_OFF,0,COMPLETE,FIRST
L006584,B1386,Karen Smith,,CONVENTIONAL,REFINANCE,CA,36679,Freedom Mortgage,726012.00,332198.36,4.218,2807.13,2022-08-31,2037-08-31,2030-03-10,2030-04-09,CURRENT,0,COMPLETE,FIRST
L008248,B9783,Jessica White,,USDA,PURCHASE,NY,25454,PNC Bank,558251.00,449573.96,4.803,2457.84,2017-06-19,2032-06-19,2017-12-12,2018-01-11,CURRENT,0,COMPLETE,FIRST
L003027,B5700,Patricia Thompson,Jessica Johnson,VA,HOME_EQUITY,OK,56384,PHH Mortgage,109147.00,81134.49,4.664,466.64,2011-09-05,2031-09-05,2012-04-15,2012-05-15,CURRENT,0,MISSING,SECOND
L002456,B9748,Richard Johnson,Michael Williams,ARM,HOME_EQUITY,WV,13873,Caliber Home Loans,308666.00,214487.74,3.654,1033.88,2019-05-05,2039-05-05,2025-06-20,2025-07-20,CURRENT,0,COMPLETE,SECOND
L009832,B6752,Mary Davis,,JUMBO,PURCHASE,ME,81396,Citimortgage,211563.00,130609.32,2.528,490.26,2015-04-29,2030-04-29,2018-11-08,2018-12-08,DELINQUENT,66,COMPLETE,SECOND
L001196,B2465,James Miller,Mary Martin,FIXED,CASH_OUT_REFINANCE,CA,30518,US Bank,387488.00,146908.95,2.83,1005.21,2012-08-03,2042-08-03,2022-09-14,2022-10-14,CURRENT,0,COMPLETE,FIRST
L002967,B4366,James Garcia,,FIXED,REFINANCE,OH,23026,Nationstar Mortgage,154175.00,96978.31,7.095,1002.72,2011-11-18,2021-11-18,2015-07-20,2015-08-19,CURRENT,0,COMPLETE,FIRST
L005899,B8554,Sarah Moore,David Moore,JUMBO,HOME_EQUITY,OR,64156,JPMorgan Chase Bank,403678.00,0.00,6.543,2421.16,2019-09-12,2029-09-12,2026-01-03,2026-02-02,PAID_OFF,0,COMPLETE,FIRST
L000594,B3263,Charles Jackson,,FIXED,REFINANCE,NC,33581,Freedom Mortgage,684960.00,674783.09,4.062,2550.45,2016-06-08,2036-06-08,2020-01-14,2020-02-13,CURRENT,0,MISSING,FIRST
L000980,B8446,Susan White,,FHA,CASH_OUT_REFINANCE,NV,42354,Freedom Mortgage,545671.00,426141.69,2.814,1407.56,2013-08-04,2033-08-04,2020-02-14,2020-03-15,CURRENT,0,COMPLETE,FIRST
L004708,B3227,Richard Martin,,VA,PURCHASE,TX,70102,Citimortgage,776194.00,404612.61,3.043,2165.13,2013-01-25,2033-01-25,2013-04-08,2013-05-08,DELINQUENT,43,MISSING,FIRST
L004327,B9016,Michael Jackson,,VA,HOME_EQUITY,MS,79195,Bank of America,799124.00,621280.45,6.917,5066.91,2016-05-06,2036-05-06,2019-11-29,2019-12-29,CURRENT,0,COMPLETE,SECOND
L001574,B3862,Patricia Taylor,Charles Moore,JUMBO,PURCHASE,KS,16678,Flagstar Bank,197706.00,165663.65,6.856,1242.52,2015-12-17,2025-12-17,2021-07-02,2021-08-01,CURRENT,0,COMPLETE,FIRST
L002788,B7440,Michael Martin,,FIXED,HOME_EQUITY,TN,93976,Wells Fargo Home Mortgage,228117.00,164823.92,3.551,742.54,2021-05-02,2031-05-02,2029-10-28,2029-11-27,CURRENT,0,COMPLETE,SECOND
L004401,B3328,James Brown,,CONVENTIONAL,REFINANCE,CO,92721,Citimortgage,429989.00,0.00,5.907,2328.28,2015-07-15,2045-07-15,2020-10-25,2020-11-24,PAID_OFF,0,COMPLETE,FIRST
L009594,B1982,Thomas Moore,Jessica Davis,FHA,CASH_OUT_REFINANCE,KS,11846,Nationstar Mortgage,459665.00,131220.94,3.703,1560.29,2012-07-08,2032-07-08,2015-04-10,2015-05-10,DELINQUENT,32,MISSING,FIRST
L005609,B3581,Richard Martinez,Sarah Garcia,VA,PURCHASE,NH,62292,Wells Fargo Home Mortgage,423480.00,143246.19,6.572,2551.18,2014-03-12,2029-03-12,2021-06-17,2021-07-17,CURRENT,0,COMPLETE,SECOND
L001918,B4557,Joseph Martin,John Lee,USDA,HOME_EQUITY,KS,37689,Nationstar Mortgage,648384.00,0.00,5.101,3031.79,2021-03-18,2031-03-18,2023-05-14,2023-06-13,PAID_OFF,0,COMPLETE,SECOND
L008813,B9189,Richard Thomas,,CONVENTIONAL,PURCHASE,RI,18341,US Bank,258254.00,176672.58,2.977,704.75,2012-09-05,2027-09-05,2017-02-17,2017-03-19,DEFAULT,193,COMPLETE,FIRST
L003120,B2652,Patricia Williams,,FHA,PURCHASE,WY,74769,Wells Fargo Home Mortgage,763649.00,381315.11,5.07,3549.06,2018-11-11,2048-11-11,2023-08-25,2023-09-24,CURRENT,0,INCOMPLETE,FIRST
L008115,B7638,Patricia Jones,,ARM,REFINANCE,IL,10601,Green Tree Servicing,798030.00,524867.61,5.368,3926.84,2020-01-05,2035-01-05,2027-11-27,2027-12-27,CURRENT,0,COMPLETE,FIRST
L005685,B4300,Sarah Moore,,FIXED,CASH_OUT_REFINANCE,WI,83686,JPMorgan Chase Bank,796981.00,346976.65,8.29,6056.39,2019-01-09,2039-01-09,2026-12-06,2027-01-05,CURRENT,0,INCOMPLETE,SECOND
L006608,B9386,Joseph Jackson,,USDA,CASH_OUT_REFINANCE,OK,22298,Bank of America,760793.00,231049.80,6.857,4782.03,2013-03-18,2043-03-18,2014-10-21,2014-11-20,CURRENT,0,MISSING,SECOND
L001516,B5075,Mary Wilson,,FIXED,HOME_EQUITY,NM,78555,Quicken Loans,646973.00,416581.29,5.062,3002.06,2019-06-19,2039-06-19,2023-03-18,2023-04-17,CURRENT,0,COMPLETE,FIRST
L003756,B1521,Joseph Anderson,,CONVENTIONAL,REFINANCE,MI,29794,Wells Fargo Home Mortgage,649535.00,478273.55,4.918,2928.21,2019-05-28,2039-05-28,2024-12-30,2025-01-29,CURRENT,0,COMPLETE,SECOND
L000386,B7627,Thomas Lee,John Martin,USDA,CASH_OUT_REFINANCE,WV,78332,PNC Bank,256879.00,188897.77,7.786,1833.39,2011-11-22,2021-11-22,2017-12-31,2018-01-30,CURRENT,0,,FIRST
L004003,B9112,Patricia Anderson,,ARM,CASH_OUT_REFINANCE,VT,12222,Freedom Mortgage,690094.00,441981.83,4.409,2789.07,2012-12-10,2032-12-10,2021-02-27,2021-03-29,CURRENT,0,COMPLETE,SECOND
L002248,B1939,Robert Thompson,,FHA,REFINANCE,MN,26656,Green Tree Servicing,367934.00,176087.33,3.911,1319.07,2021-03-30,2051-03-30,2024-08-01,2024-08-31,DELINQUENT,54,COMPLETE,FIRST
L002969,B8004,Joseph Williams,,VA,HOME_EQUITY,SC,47896,Flagstar Bank,421305.00,341553.77,4.894,1890.04,2014-06-21,2024-06-21,2023-12-07,2024-01-06,CURRENT,0,COMPLETE,SECOND
L009674,B9582,Michael Johnson,Patricia Smith,FHA,HOME_EQUITY,IL,74701,Quicken Loans,561293.00,294780.12,3.123,1606.84,2014-09-05,2034-09-05,2014-12-15,2015-01-14,DEFAULT,126,COMPLETE,SECOND
L008597,B8741,Jessica Lee,,CONVENTIONAL,CASH_OUT_REFINANCE,NE,13876,Quicken Loans,250683.00,182563.18,4.605,1058.20,2021-09-30,2051-09-30,2023-01-28,2023-02-27,CURRENT,0,COMPLETE,FIRST
L000349,B4868,Jessica Hernandez,,CONVENTIONAL,REFINANCE,NJ,30887,US Bank,475581.00,341058.99,3.931,1713.72,2013-05-13,2028-05-13,2026-01-08,2013-11-02,CURRENT,0,COMPLETE,FIRST
L002938,B2833,Patricia Martinez,,CONVENTIONAL,PURCHASE,CA,65777,Quicken Loans,55443.00,33072.25,7.197,365.77,2020-05-22,2050-05-22,2027-05-19,2027-06-18,CURRENT,0,COMPLETE,FIRST
L002864,B4185,Patricia Lee,Richard Smith,JUMBO,REFINANCE,NJ,84576,Bank of America,263794.00,213816.63,4.208,1017.54,2015-03-30,2025-03-30,2026-01-21,2026-02-20,DEFAULT,167,COMPLETE,FIRST
L009470,B8102,Linda Davis,Patricia Wilson,FIXED,CONSTRUCTION,IL,25794,Nationstar Mortgage,648797.00,302827.72,4.596,2733.38,2020-06-18,2040-06-18,2021-07-26,2021-08-25,DELINQUENT,79,COMPLETE,FIRST
L006357,B7237,Mary Garcia,,ARM,REFINANCE,SC,21572,Bank of America,369226.00,165634.06,2.782,941.59,2012-11-29,2027-11-29,2013-09-02,2013-10-02,CURRENT,0,COMPLETE,SECOND
L005744,B9866,Barbara Taylor,,ARM,REFINANCE,OH,25834,Wells Fargo Home Mortgage,716545.00,599300.28,3.951,2595.15,2018-09-28,2048-09-28,2025-05-20,2025-06-19,CURRENT,0,COMPLETE,SECOND
L009506,B3944,Patricia Hernandez,Michael Davis,FIXED,CASH_OUT_REFINANCE,SD,63460,Green Tree Servicing,473618.00,234203.89,7.641,3317.34,2016-05-09,2026-05-09,2020-11-18,2020-12-18,DELINQUENT,74,COMPLETE,SECOND
L004582,B4808,Mary Lee,Charles Garcia,FIXED,HOME_EQUITY,AL,32058,JPMorgan Chase Bank,594669.00,249735.61,7.63,4159.21,2011-04-26,2021-04-26,2011-06-29,2011-07-29,DELINQUENT,37,INCOMPLETE,FIRST
L009778,B2345,Lisa White,,CONVENTIONAL,PURCHASE,TN,48465,US Bank,684110.00,0.00,7.938,4977.93,2021-06-20,2031-06-20,2029-03-23,2029-04-22,PAID_OFF,0,COMPLETE,SECOND
L006254,B9104,Richard Wilson,,VA,HOME_EQUITY,ND,21042,Flagstar Bank,225459.00,108801.96,7.5,1550.03,2012-12-08,2022-12-08,2023-06-20,2023-07-20,CURRENT,0,COMPLETE,SECOND
L000234,B6285,Michael Brown,,CONVENTIONAL,PURCHASE,FL,84843,Flagstar Bank,479711.00,137302.23,0.0626,2790.12,2012-06-23,2022-06-23,2018-06-05,2018-07-05,DELINQUENT,32,COMPLETE,SECOND
L009746,B8544,Barbara Lee,,FIXED,CONSTRUCTION,KS,64072,PNC Bank,53971.00,19989.66,7.593,375.65,2022-07-21,2037-07-21,2025-01-22,2025-02-21,CURRENT,0,COMPLETE,FIRST
L005549,B4072,David Garcia,,JUMBO,HOME_EQUITY,PA,88016,US Bank,208606.00,68371.50,4.109,785.73,2022-07-15,2037-07-15,2030-04-21,2030-05-21,CURRENT,0,INCOMPLETE,SECOND
L001415,B9141,David Smith,,FIXED,CASH_OUT_REFINANCE,AZ,31452,PHH Mortgage,482783.00,270950.20,4.555,2015.82,2011-08-10,2031-08-10,2021-09-24,2021-10-24,CURRENT,0,COMPLETE,SECOND
L002665,B7962,Sarah Martinez,,FHA,PURCHASE,ME,99941,Nationstar Mortgage,103076.00,36235.11,6.229,588.56,2018-01-24,2048-01-24,2025-11-15,2025-12-15,CURRENT,0,COMPLETE,FIRST
L007379,B1752,Thomas Smith,,VA,HOME_EQUITY,IA,51550,JPMorgan Chase Bank,431800.00,161075.29,7.89,3122.99,2015-10-04,2035-10-04,2019-10-05,2019-11-04,CURRENT,0,COMPLETE,FIRST
L001301,B6896,Michael Jones,Richard Martinez,VA,PURCHASE,RI,34385,Green Tree Servicing,503495.00,0.00,5.433,2507.53,2014-11-13,2029-11-13,2024-06-25,2024-07-25,PAID_OFF,0,COMPLETE,FIRST
L000931,B9978,Thomas Martin,,USDA,CONSTRUCTION,UT,55785,Flagstar Bank,247594.00,156326.21,3.54,803.44,2010-12-31,2030-12-31,2019-08-13,2019-09-12,CURRENT,0,INCOMPLETE,FIRST
L005881,B9744,Linda Moore,,FHA,CASH_OUT_REFINANCE,WA,81624,Citimortgage,300281.00,244273.67,5.457,1502.08,2010-11-09,2020-11-09,2011-02-28,2011-03-30,CURRENT,0,INCOMPLETE,SECOND
L007472,B1584,David White,Jessica Taylor,ARM,CONSTRUCTION,PA,87379,JPMorgan Chase Bank,532118.00,409642.36,2.783,1357.48,2022-06-15,2037-06-15,2027-08-28,2027-09-27,CURRENT,0,COMPLETE,FIRST
L006552,B3969,David Brown,,ARM,CASH_OUT_REFINANCE,DE,38186,Caliber Home Loans,56109.00,28476.75,2.584,132.90,2022-06-09,2052-06-09,2028-02-22,2028-03-23,CURRENT,0,COMPLETE,FIRST
L006522,B4475,William Hernandez,,ARM,CONSTRUCTION,ID,62141,US Bank,222586.00,0.00,6.747,1376.64,2019-04-12,2034-04-12,2023-10-10,2023-11-09,PAID_OFF,0,COMPLETE,SECOND
L003420,B2324,Lisa Davis,,FHA,CONSTRUCTION,NV,83526,Quicken Loans,286822.00,0.00,6.124,1610.12,2022-01-29,2037-01-29,2024-05-12,2024-06-11,PAID_OFF,0,COMPLETE,FIRST
L008542,B7544,Lisa Anderson,Sarah White,ARM,CASH_OUT_REFINANCE,VA,41123,Citimortgage,342652.00,105796.70,4.899,1538.76,2012-09-30,2027-09-30,2019-12-08,2020-01-07,DELINQUENT,52,COMPLETE,SECOND
L001258,B9480,Karen Garcia,,FIXED,CASH_OUT_REFINANCE,RI,49209,Green Tree Servicing,721740.00,447706.38,7.89,5219.98,2011-06-22,2041-06-22,2013-05-04,2013-06-03,CURRENT,0,MISSING,SECOND
L003045,B4199,Charles Johnson,,USDA,REFINANCE,MI,47901,US Bank,689715.00,353285.90,5.36,3388.80,2022-11-21,2052-11-21,2024-02-21,2024-03-22,DELINQUENT,67,COMPLETE,FIRST
L004931,B8267,Thomas Jackson,Sarah Smith,CONVENTIONAL,HOME_EQUITY,PA,90798,Freedom Mortgage,359143.00,186940.40,4.997,1645.08,2016-08-13,2031-08-13,2018-03-16,2018-04-15,CURRENT,0,COMPLETE,FIRST
L003780,B7392,Michael Anderson,,FIXED,PURCHASE,UT,20333,PNC Bank,283578.00,188295.14,7.846,2039.54,2019-07-22,2034-07-22,2019-08-22,2019-09-21,CURRENT,0,INCOMPLETE,SECOND
L009271,B3403,Michael Jackson,Sarah Lee,FHA,CASH_OUT_REFINANCE,MT,25844,PHH Mortgage,384141.00,340874.15,6.601,2324.41,2015-02-21,2045-02-21,2015-11-28,2015-12-28,CURRENT,0,MISSING,FIRST
L008976,B8151,Robert Brown,,ARM,REFINANCE,AK,54967,US Bank,491056.00,354350.99,7.96,3583.07,2013-10-08,2028-10-08,2017-05-30,2017-06-29,CURRENT,0,COMPLETE,SECOND
L005725,B6862,Sarah Williams,,USDA,REFINANCE,MD,84557,JPMorgan Chase Bank,268452.00,95485.28,8.213,2021.06,2021-02-17,2051-02-17,2031-12-14,2032-01-13,CURRENT,0,COMPLETE,FIRST
L007552,B7428,Lisa Brown,,FHA,CONSTRUCTION,NC,16857,Bank of America,190848.00,100293.72,3.534,618.25,2020-05-04,2050-05-04,2029-07-17,2029-08-16,CURRENT,0,INCOMPLETE,FIRST
L002729,B1859,Sarah Martinez,,JUMBO,CASH_OUT_REFINANCE,AR,61856,Freedom Mortgage,614532.00,0.00,3.987,2245.96,2022-07-15,2052-07-15,2023-01-07,2023-02-06,PAID_OFF,0,COMPLETE,SECOND
L003879,B6221,Susan Jackson,,JUMBO,PURCHASE,NV,76264,Caliber Home Loans,200240.00,145258.16,4.927,904.37,2013-11-22,2023-11-22,2019-05-26,2019-06-25,DELINQUENT,66,COMPLETE,SECOND
L000521,B8756,Richard Williams,Joseph Hernandez,USDA,REFINANCE,GA,97771,US Bank,273787.00,102848.27,2.824,708.74,2010-07-07,2040-07-07,2013-08-15,2013-09-14,CURRENT,4,COMPLETE,FIRST
L008996,B1826,James Taylor,Thomas Jackson,USDA,PURCHASE,ID,72673,SunTrust Mortgage,352720.00,244874.12,6.224,2012.39,2010-10-21,2040-10-21,2016-12-30,2017-01-29,CURRENT,0,COMPLETE,FIRST
L004884,B5968,James Anderson,,CONVENTIONAL,HOME_EQUITY,PA,28686,Citimortgage,530631.00,283538.34,3.467,1686.39,2013-05-16,2033-05-16,2015-12-21,2016-01-20,CURRENT,0,COMPLETE,FIRST
L006062,B9582,John Wilson,,FIXED,CONSTRUCTION,SC,42528,PHH Mortgage,245364.00,0.00,8.33,1873.56,2012-01-15,2022-01-15,2019-12-05,2020-01-04,PAID_OFF,0,COMPLETE,SECOND
L005337,B7712,Robert Johnson,,FIXED,CONSTRUCTION,KS,21416,Wells Fargo Home Mortgage,683362.00,0.00,2.712,1698.84,2016-02-07,2026-02-07,2021-12-03,2022-01-02,CLOSED,0,COMPLETE,FIRST
L004775,B9016,Richard Jones,,JUMBO,PURCHASE,MS,67901,Green Tree Servicing,127979.00,0.00,4.583,537.65,2016-05-08,2036-05-08,2022-10-13,2022-11-12,PAID_OFF,0,COMPLETE,SECOND
L009827,B6105,David Hernandez,,ARM,CONSTRUCTION,MO,79504,Bank of America,290659.00,87475.14,2.655,707.39,2017-04-23,2037-04-23,2028-01-19,2028-02-18,CURRENT,0,COMPLETE,FIRST
L007346,B8290,Susan Smith,Linda Wilson,FHA,PURCHASE,DE,50394,Quicken Loans,128144.00,103487.78,3.28,385.29,2018-11-09,2038-11-09,2021-05-30,2021-06-29,CURRENT,0,COMPLETE,SECOND
L006206,B5088,Joseph Davis,,FHA,PURCHASE,MI,78588,Citimortgage,313638.00,169072.99,8.463,2433.13,2014-09-12,2024-09-12,2022-11-21,2022-12-21,CURRENT,0,COMPLETE,FIRST
L007027,B9221,John Williams,,USDA,CONSTRUCTION,OK,24222,SunTrust Mortgage,462820.00,0.00,2.701,1145.90,2015-08-07,2045-08-07,2019-01-05,2019-02-04,PAID_OFF,0,COMPLETE,FIRST
L009727,B9087,Jennifer Hernandez,,JUMBO,PURCHASE,NY,56079,PNC Bank,72401.00,56462.16,6.808,451.83,2019-08-21,2029-08-21,2027-02-21,2027-03-23,CURRENT,0,COMPLETE,SECOND
L008960,B6809,Richard Thompson,,USDA,HOME_EQUITY,TX,29056,Quicken Loans,189026.00,0.00,4.151,719.26,2021-11-07,2041-11-07,2030-09-28,2030-10-28,PAID_OFF,0,MISSING,FIRST
L002670,B9351,Barbara Taylor,Richard Miller,FIXED,REFINANCE,DE,73226,Wells Fargo Home Mortgage,416080.00,172711.99,3.317,1265.13,2015-12-16,2035-12-16,2019-04-07,2019-05-07,CURRENT,0,COMPLETE,SECOND
L009775,B2539,Jessica Hernandez,,USDA,HOME_EQUITY,MO,15961,Freedom Mortgage,639449.00,242342.01,5.786,3391.53,2018-08-17,2028-08-17,2026-07-01,2026-07-31,CURRENT,0,INCOMPLETE,FIRST
L008916,B1340,Jessica Davis,,FHA,PURCHASE,NE,70274,Green Tree Servicing,774412.00,0.00,5.894,4184.02,2011-06-18,2026-06-18,2012-11-24,2012-12-24,PAID_OFF,0,MISSING,SECOND
L006223,B2454,Karen Moore,,CONVENTIONAL,REFINANCE,IA,78909,PHH Mortgage,531416.00,0.00,2.644,1287.98,2020-10-26,2040-10-26,2029-04-22,2029-05-22,PAID_OFF,0,COMPLETE,SECOND
L001158,B3335,Patricia Jackson,Jennifer Lee,FIXED,PURCHASE,WV,72123,Green Tree Servicing,244655.00,0.00,3.22,722.14,2015-09-11,2035-09-11,2025-07-14,2025-08-13,PAID_OFF,0,COMPLETE,FIRST
L006742,B7508,Richard Johnson,,ARM,REFINANCE,AK,94269,PNC Bank,300666.00,0.00,4.94,1361.52,2020-07-30,2050-07-30,2029-06-11,2029-07-11,CLOSED,0,MISSING,SECOND
L002934,B1935,Robert Moore,,FHA,CONSTRUCTION,NE,50570,Caliber Home Loans,628697.00,0.00,5.292,3049.81,2015-04-02,2045-04-02,2017-10-03,2017-11-02,CLOSED,0,INCOMPLETE,FIRST
L008307,B8325,Michael Miller,Jennifer Thomas,USDA,CONSTRUCTION,MO,39368,PHH Mortgage,148077.00,71035.84,5.668,769.36,2015-10-24,2025-10-24,2022-07-22,2022-08-21,DEFAULT,235,MISSING,FIRST
L006615,B9470,Linda Brown,,CONVENTIONAL,HOME_EQUITY,NH,75139,PNC Bank,407864.00,240215.56,7.214,2697.14,2011-01-23,2021-01-23,2013-06-22,2013-07-22,CURRENT,0,COMPLETE,SECOND
L002006,B5278,Michael Johnson,Jessica Martinez,FHA,REFINANCE,DE,42435,JPMorgan Chase Bank,473565.00,360632.77,7.549,3277.03,2013-08-10,2033-08-10,2018-12-05,2019-01-04,CURRENT,0,COMPLETE,SECOND
L004964,B7795,Jennifer White,,ARM,REFINANCE,WV,91152,Bank of America,466906.00,133672.50,3.064,1311.38,2022-08-20,2052-08-20,2032-01-26,2032-02-25,DELINQUENT,86,INCOMPLETE,SECOND
L005141,B9500,Patricia Anderson,Thomas Moore,USDA,HOME_EQUITY,SC,73734,Wells Fargo Home Mortgage,438936.00,320483.74,3.734,1502.40,2013-02-11,2028-02-11,2021-10-12,2021-11-11,DEFAULT,170,COMPLETE,SECOND
L008615,B2662,Robert Thomas,,USDA,PURCHASE,MA,60994,Wells Fargo Home Mortgage,411704.00,205063.08,4.374,1650.73,2018-07-03,2033-07-03,2025-06-13,2025-07-13,CURRENT,0,INCOMPLETE,SECOND
L000799,B9315,Jennifer Thomas,William Taylor,JUMBO,CASH_OUT_REFINANCE,VT,42606,PHH Mortgage,695543.00,933677.83,4.827,3077.60,2019-12-02,2034-12-02,2024-03-07,2024-04-06,CURRENT,0,COMPLETE,SECOND
L000986,B7972,Sarah Brown,Joseph Jones,VA,CONSTRUCTION,PA,40480,Wells Fargo Home Mortgage,664807.00,0.00,5.666,3452.90,2013-06-23,2023-06-23,2016-12-27,2017-01-26,CLOSED,0,COMPLETE,FIRST
L007042,B2225,Robert Thomas,,JUMBO,CASH_OUT_REFINANCE,KS,98259,Green Tree Servicing,332460.00,285312.42,3.26,993.50,2018-10-06,2033-10-06,2020-01-07,2020-02-06,CURRENT,0,COMPLETE,SECOND
L002705,B3553,Barbara Johnson,,FIXED,REFINANCE,ME,72712,JPMorgan Chase Bank,74601.00,0.00,5.081,347.46,2016-01-27,2031-01-27,2017-09-22,2017-10-22,CLOSED,0,MISSING,SECOND
L003465,B6713,William Davis,,JUMBO,CONSTRUCTION,AK,87174,Citimortgage,668356.00,442805.83,4.162,2549.89,2011-07-03,2031-07-03,2014-07-23,2014-08-22,CURRENT,0,INCOMPLETE,SECOND
L008326,B4721,Robert Brown,,VA,HOME_EQUITY,IL,17543,PNC Bank,597959.00,261524.34,7.329,4017.24,2012-10-26,2032-10-26,2019-04-08,2019-05-08,DELINQUENT,52,COMPLETE,SECOND
L002395,B7558,Robert Anderson,,ARM,HOME_EQUITY,MO,37603,JPMorgan Chase Bank,110158.00,50477.64,6.652,671.71,2011-10-31,2021-10-31,2018-08-28,2018-09-27,CURRENT,0,INCOMPLETE,SECOND
L008313,B6222,Patricia Wilson,,JUMBO,CONSTRUCTION,SC,64820,Flagstar Bank,445282.00,350146.18,4.186,1708.62,2012-11-05,2027-11-05,2019-07-10,2019-08-09,DELINQUENT,67,COMPLETE,SECOND
L006684,B7379,John Wilson,,USDA,REFINANCE,UT,26998,PHH Mortgage,118166.00,74297.90,2.765,299.50,2011-01-09,2021-01-09,2014-02-09,2014-03-11,DELINQUENT,87,COMPLETE,FIRST
L007010,B5677,Sarah Jackson,,VA,HOME_EQUITY,NE,43023,SunTrust Mortgage,182489.00,88646.00,6.805,1138.35,2020-04-08,2035-04-08,2027-11-20,2027-12-20,DELINQUENT,55,COMPLETE,SECOND
L004942,B8905,Joseph Williams,,USDA,CONSTRUCTION,WA,61708,Green Tree Servicing,297456.00,202983.77,4.764,1298.99,2013-12-02,2023-12-02,2020-10-25,2020-11-24,DELINQUENT,75,INCOMPLETE,SECOND
L006686,B9415,Susan Lee,William Williams,VA,REFINANCE,ME,27143,Wells Fargo Home Mortgage,785567.00,678575.64,4.583,3300.23,2019-04-09,2039-04-09,2020-03-13,2020-04-12,CURRENT,0,INCOMPLETE,FIRST
L003864,B4725,Linda Hernandez,,VA,CONSTRUCTION,NJ,90492,SunTrust Mortgage,360217.00,275896.40,5.737,1894.35,2015-05-16,2035-05-16,2025-11-21,2025-12-21,CURRENT,0,COMPLETE,FIRST
L001060,B4465,James Wilson,Jennifer Smith,CONVENTIONAL,HOME_EQUITY,AL,95462,Freedom Mortgage,669639.00,0.00,4.426,2716.84,2022-04-10,2052-04-10,2026-05-14,2026-06-13,PAID_OFF,0,INCOMPLETE,FIRST
L004529,B9777,Susan Smith,,JUMBO,CASH_OUT_REFINANCE,KY,38255,US Bank,432172.00,271917.97,6.952,2754.09,2011-05-31,2021-05-31,2015-07-15,2015-08-14,CURRENT,0,COMPLETE,FIRST
L005829,B1380,Patricia Jones,Richard Miller,USDA,CONSTRUCTION,AR,17697,Freedom Mortgage,530606.00,322126.19,7.934,3859.01,2016-12-24,2036-12-24,2024-06-03,2024-07-03,DELINQUENT,52,COMPLETE,FIRST
L006537,B6103,James Smith,,JUMBO,CASH_OUT_REFINANCE,IA,30243,Green Tree Servicing,161025.00,60925.93,2.564,378.46,2020-07-21,2040-07-21,2031-06-21,2031-07-21,CURRENT,0,COMPLETE,FIRST
L009937,B3149,Patricia Williams,,CONVENTIONAL,REFINANCE,NH,54042,PHH Mortgage,722225.00,617474.81,6.864,4544.24,2018-11-25,2038-11-25,2025-08-13,2025-09-12,CURRENT,0,COMPLETE,SECOND
L008912,B6925,Mary Jackson,John Davis,FIXED,CONSTRUCTION,MO,81732,US Bank,502417.00,286721.80,7.997,3683.01,2020-08-26,2050-08-26,2027-02-06,2027-03-08,CURRENT,0,COMPLETE,FIRST
L008368,B6614,John White,,USDA,CASH_OUT_REFINANCE,MI,60452,PNC Bank,283163.00,0.00,7.57,1964.92,2018-09-01,2033-09-01,2027-12-18,2028-01-17,PAID_OFF,0,COMPLETE,FIRST
L006675,B9654,Jessica Thomas,,USDA,PURCHASE,MN,73768,Citimortgage,57384.00,0.00,5.172,272.06,2013-10-31,2023-10-31,2014-06-21,2014-07-21,PAID_OFF,0,MISSING,SECOND
L003815,B6647,Charles Brown,James Lee,JUMBO,CASH_OUT_REFINANCE,MS,52775,SunTrust Mortgage,710804.00,463186.95,6.611,4307.53,2016-12-14,2036-12-14,2020-12-08,2021-01-07,DEFAULT,224,COMPLETE,FIRST
L003565,B5709,Sarah Jackson,,USDA,HOME_EQUITY,KY,25509,PHH Mortgage,756972.00,596474.53,7.444,5165.32,2010-04-02,2040-04-02,2017-12-18,2018-01-17,CURRENT,0,COMPLETE,SECOND
L001872,B4315,Karen Williams,Thomas Martinez,FIXED,CONSTRUCTION,PA,56069,JPMorgan Chase Bank,314633.00,213711.25,6.421,1851.90,2015-12-08,2030-12-08,2019-10-30,2019-11-29,CURRENT,0,INCOMPLETE,FIRST
L003382,B4348,John Williams,,JUMBO,CONSTRUCTION,MT,12118,Flagstar Bank,135606.00,109444.79,5.157,641.04,2011-10-07,2021-10-07,2019-02-03,2019-03-05,DELINQUENT,82,COMPLETE,FIRST
L000202,B2526,Susan Johnson,,JUMBO,REFINANCE,NV,73192,Citimortgage,555666.00,0.00,6.456,3288.43,2022-02-04,2021-07-10,2032-03-26,2032-04-25,PAID_OFF,0,COMPLETE,SECOND
L008224,B3230,John Thomas,,FHA,HOME_EQUITY,NY,33696,Green Tree Servicing,241251.00,170324.32,5.961,1318.26,2022-07-20,2037-07-20,2030-12-27,2031-01-26,DELINQUENT,74,COMPLETE,SECOND
L001298,B8247,Joseph Thompson,Joseph Brown,USDA,PURCHASE,UT,94277,Nationstar Mortgage,644718.00,240793.20,4.092,2418.34,2018-06-03,2038-06-03,2026-09-16,2026-10-16,DELINQUENT,74,INCOMPLETE,SECOND
L000935,B2440,Robert Anderson,Sarah Hernandez,FHA,HOME_EQUITY,ND,68747,Citimortgage,659057.00,432550.45,7.1,4289.36,2019-02-28,2034-02-28,2025-08-05,2025-09-04,DELINQUENT,49,COMPLETE,FIRST
L005255,B3570,Michael Martinez,Joseph Jones,ARM,PURCHASE,NH,56322,Wells Fargo Home Mortgage,393663.00,171439.68,6.904,2491.36,2013-04-02,2043-04-02,2017-03-07,2017-04-06,CURRENT,0,COMPLETE,SECOND
L004377,B1416,Lisa Johnson,Thomas Thompson,CONVENTIONAL,PURCHASE,OK,49851,Flagstar Bank,288874.00,182863.22,8.412,2227.51,2020-07-02,2050-07-02,2022-01-13,2022-02-12,CURRENT,0,COMPLETE,FIRST
L005991,B7095,Joseph Brown,,USDA,PURCHASE,KY,90545,Flagstar Bank,77554.00,36346.31,4.943,351.40,2022-09-30,2052-09-30,2030-05-25,2030-06-24,DELINQUENT,65,COMPLETE,SECOND
L005732,B1285,Joseph Thompson,,CONVENTIONAL,CONSTRUCTION,SD,61673,Quicken Loans,787789.00,295058.82,5.141,3712.52,2011-05-01,2021-05-01,2013-10-05,2013-11-04,CURRENT,0,COMPLETE,FIRST
L006250,B9458,David Wilson,,ARM,REFINANCE,VA,80661,Freedom Mortgage,355687.00,266058.57,4.553,1484.49,2015-10-24,2030-10-24,2021-06-07,2021-07-07,CURRENT,0,COMPLETE,SECOND
L005278,B8506,Barbara Lee,David Jackson,FIXED,HOME_EQUITY,WI,58889,Green Tree Servicing,628633.00,499726.80,6.907,3980.14,2011-08-03,2041-08-03,2016-01-16,2016-02-15,CURRENT,0,COMPLETE,SECOND
L004369,B2303,Charles Brown,,FHA,REFINANCE,ID,26165,Caliber Home Loans,261776.00,123058.53,2.719,652.45,2017-11-02,2047-11-02,2020-01-03,2020-02-02,CURRENT,0,COMPLETE,SECOND
L000687,B4593,Lisa Brown,David Garcia,ARM,CASH_OUT_REFINANCE,MT,53073,PHH Mortgage,589737.00,182902.70,3.279,1772.60,,2028-03-14,2020-09-03,2020-10-03,CURRENT,0,COMPLETE,SECOND
L003285,B6726,Joseph Jackson,,USDA,PURCHASE,IA,16180,US Bank,105515.00,0.00,3.599,348.10,2016-08-03,2026-08-03,2026-08-12,2026-09-11,PAID_OFF,0,COMPLETE,SECOND
L008755,B8601,Thomas Garcia,,VA,CONSTRUCTION,ME,15131,Bank of America,194017.00,115840.50,8.323,1480.24,2016-03-22,2036-03-22,2025-06-01,2025-07-01,CURRENT,0,INCOMPLETE,SECOND
L009474,B6525,Lisa Anderson,,USDA,REFINANCE,DE,92504,Citimortgage,574297.00,205592.68,3.627,1909.39,2018-12-15,2033-12-15,2028-08-04,2028-09-03,CURRENT,0,INCOMPLETE,SECOND
L006882,B6136,William Moore,,ARM,REFINANCE,NY,97404,SunTrust Mortgage,667884.00,460934.14,4.286,2624.00,2011-02-15,2021-02-15,2017-01-31,2017-03-02,CURRENT,0,COMPLETE,SECOND
L005960,B3146,Joseph Johnson,,CONVENTIONAL,HOME_EQUITY,ID,74043,JPMorgan Chase Bank,734899.00,387820.92,5.975,4025.10,2021-11-16,2036-11-16,2030-06-18,2030-07-18,CURRENT,0,COMPLETE,SECOND
L003187,B5727,Sarah Williams,,JUMBO,CONSTRUCTION,OK,97224,JPMorgan Chase Bank,99370.00,0.00,5.48,499.17,2014-03-20,2029-03-20,2024-11-01,2024-12-01,CLOSED,0,COMPLETE,FIRST
L000169,B8997,Thomas Thompson,,FHA,CASH_OUT_REFINANCE,VA,78039,Nationstar Mortgage,168423.00,72483.49,7.826,1208.24,2019-11-20,2019-03-14,2020-09-04,2020-10-04,CURRENT,0,INCOMPLETE,FIRST
L000619,B1231,Michael Williams,,CONVENTIONAL,REFINANCE,KY,46698,Bank of America,251998.00,134969.38,4.147,957.95,2019-07-24,2039-07-24,2024-07-09,2023-11-04,DELINQUENT,71,COMPLETE,SECOND
L009111,B2330,Barbara Johnson,David Jackson,VA,HOME_EQUITY,IA,35543,Wells Fargo Home Mortgage,81131.00,49216.65,5.087,378.32,2017-05-05,2027-05-05,2024-07-04,2024-08-03,CURRENT,0,COMPLETE,SECOND
L009928,B1886,Lisa Smith,,ARM,CASH_OUT_REFINANCE,TX,91643,Flagstar Bank,577475.00,0.00,4.293,2272.51,2012-07-29,2027-07-29,2022-11-26,2022-12-26,PAID_OFF,0,COMPLETE,FIRST
L009496,B3592,Michael Jones,,ARM,CASH_OUT_REFINANCE,WI,73336,Freedom Mortgage,740447.00,517732.06,2.972,2017.22,2017-10-10,2037-10-10,2019-09-18,2019-10-18,DELINQUENT,43,COMPLETE,SECOND
L002068,B8752,Patricia White,Joseph Taylor,USDA,REFINANCE,AZ,84364,PHH Mortgage,248121.00,182152.14,3.791,862.24,2022-09-03,2032-09-03,2032-01-29,2032-02-28,CURRENT,0,COMPLETE,SECOND
L006365,B5212,Charles Anderson,,FHA,REFINANCE,KS,59244,US Bank,207075.00,168609.22,2.894,549.34,2010-07-06,2040-07-06,2010-12-23,2011-01-22,CURRENT,0,COMPLETE,SECOND
L005788,B4618,Jessica Brown,,ARM,REFINANCE,TN,65816,US Bank,149135.00,0.00,4.057,554.62,2011-12-25,2026-12-25,2019-04-23,2019-05-23,PAID_OFF,0,COMPLETE,FIRST
L004201,B9988,Sarah Moore,,ARM,HOME_EQUITY,KY,42487,Quicken Loans,245859.00,99781.26,3.358,756.79,2022-03-27,2032-03-27,2028-08-28,2028-09-27,CURRENT,0,COMPLETE,SECOND
L009461,B6950,Susan White,,ARM,HOME_EQUITY,VT,46420,PHH Mortgage,574038.00,316686.86,7.273,3827.06,2022-08-28,2052-08-28,2031-01-16,2031-02-15,CURRENT,0,COMPLETE,FIRST
L000838,B1372,Patricia Taylor,David Anderson,VA,PURCHASE,ND,33936,SunTrust Mortgage,77417.00,37579.75,8.388,595.26,2017-05-08,2032-05-08,2025-05-31,2025-06-30,CLOSED,0,COMPLETE,FIRST
L004467,B5249,Jennifer Williams,Charles Taylor,ARM,CASH_OUT_REFINANCE,ME,35203,Bank of America,416735.00,368510.16,4.364,1667.08,2020-07-02,2030-07-02,2027-10-26,2027-11-25,DELINQUENT,43,MISSING,SECOND
L006701,B6321,Jennifer Jackson,,CONVENTIONAL,CASH_OUT_REFINANCE,NC,83000,Nationstar Mortgage,389515.00,194132.68,4.373,1561.40,2018-12-14,2028-12-14,2028-02-11,2028-03-12,CURRENT,0,COMPLETE,SECOND
L003918,B4230,Patricia Williams,,ARM,CONSTRUCTION,MO,48460,Green Tree Servicing,261352.00,147603.92,3.53,845.69,2018-10-17,2028-10-17,2028-02-18,2028-03-19,CURRENT,0,COMPLETE,SECOND
L001781,B2520,Charles White,,FIXED,REFINANCE,AK,17920,Caliber Home Loans,734010.00,0.00,8.335,5608.14,2011-03-26,2031-03-26,2019-12-15,2020-01-14,PAID_OFF,0,MISSING,SECOND
L002488,B4411,Richard Garcia,Thomas White,JUMBO,CASH_OUT_REFINANCE,ME,35484,JPMorgan Chase Bank,228891.00,0.00,6.881,1443.75,2020-06-28,2035-06-28,2028-07-09,2028-08-08,PAID_OFF,0,COMPLETE,FIRST
L003288,B8472,Sarah Thomas,,FHA,PURCHASE,AL,91669,PHH Mortgage,712579.00,316391.04,7.107,4642.27,2010-10-05,2020-10-05,2015-04-22,2015-05-22,CURRENT,0,COMPLETE,SECOND
L007577,B5751,Patricia Jones,,JUMBO,REFINANCE,NC,11587,Freedom Mortgage,392360.00,299396.01,5.264,1893.27,2017-03-02,2032-03-02,2023-12-25,2024-01-24,CURRENT,0,COMPLETE,FIRST
L004935,B7880,Sarah Lee,,FHA,CASH_OUT_REFINANCE,NY,87815,Green Tree Servicing,69339.00,41153.87,7.964,506.20,2022-05-18,2052-05-18,2029-03-19,2029-04-18,CURRENT,0,COMPLETE,SECOND
L005548,B7592,Robert Martinez,Mary Martin,CONVENTIONAL,CASH_OUT_REFINANCE,MO,89477,Flagstar Bank,288442.00,142597.76,3.057,808.29,2013-03-19,2023-03-19,2019-03-28,2019-04-27,CURRENT,0,COMPLETE,SECOND
L002368,B2393,Susan Johnson,David Thomas,USDA,CASH_OUT_REFINANCE,AK,78848,Green Tree Servicing,300980.00,89140.81,4.424,1220.57,2012-04-15,2022-04-15,2015-01-20,2015-02-19,DELINQUENT,42,COMPLETE,SECOND
L008940,B5540,Charles White,Patricia Lee,VA,CONSTRUCTION,TX,83739,Caliber Home Loans,178167.00,116060.69,7.543,1231.92,2012-09-20,2042-09-20,2012-12-22,2013-01-21,CURRENT,0,COMPLETE,FIRST
L001286,B6493,Patricia White,,CONVENTIONAL,CASH_OUT_REFINANCE,ID,69614,Citimortgage,613204.00,295077.22,4.154,2334.98,2017-08-05,2027-08-05,2021-07-09,2021-08-08,CURRENT,0,COMPLETE,FIRST
L008097,B3974,Susan Garcia,,USDA,CASH_OUT_REFINANCE,NM,32852,PHH Mortgage,625613.00,398978.19,7.564,4337.79,2018-01-22,2048-01-22,2024-09-17,2024-10-17,DELINQUENT,40,COMPLETE,SECOND
L001522,B2181,Robert Anderson,Linda Lee,VA,CONSTRUCTION,MD,66076,PHH Mortgage,544538.00,299570.64,7.489,3738.21,2022-01-17,2037-01-17,2032-03-19,2032-04-18,CURRENT,0,MISSING,FIRST
L002385,B6068,David Taylor,Joseph Thomas,USDA,REFINANCE,ME,48756,PHH Mortgage,594365.00,0.00,4.044,2203.31,2011-02-06,2021-02-06,2011-08-19,2011-09-18,PAID_OFF,0,COMPLETE,SECOND
L001432,B6360,Charles Martin,Jennifer Thomas,JUMBO,REFINANCE,KS,22355,Freedom Mortgage,511092.00,224570.59,6.734,3154.89,2022-03-27,2042-03-27,2025-01-31,2025-03-02,CURRENT,0,COMPLETE,SECOND
L008606,B8624,Michael Williams,,CONVENTIONAL,PURCHASE,PA,15573,Bank of America,352974.00,152792.89,3.435,1111.43,2014-06-29,2044-06-29,2016-01-09,2016-02-08,DELINQUENT,36,COMPLETE,FIRST
L005099,B8294,Richard Martin,Michael Hernandez,USDA,PURCHASE,WA,26983,US Bank,308389.00,0.00,3.23,913.09,2015-02-04,2025-02-04,2022-02-16,2022-03-18,PAID_OFF,0,COMPLETE,SECOND
L005484,B5892,Patricia Anderson,,JUMBO,REFINANCE,VT,60009,PNC Bank,403437.00,269273.52,6.419,2373.86,2018-03-10,2033-03-10,2024-05-27,2024-06-26,DELINQUENT,77,COMPLETE,FIRST
L000304,B4860,Joseph Miller,Michael Brown,FIXED,REFINANCE,OH,99816,Green Tree Servicing,251224.00,183949.30,0.0498,738.08,2021-11-22,2031-11-22,2028-11-30,2028-12-30,CURRENT,0,COMPLETE,SECOND
L003711,B5715,Joseph Wilson,,CONVENTIONAL,REFINANCE,KY,15126,Caliber Home Loans,149842.00,100670.02,5.421,744.60,2011-03-12,2021-03-12,2013-10-01,2013-10-31,CURRENT,0,MISSING,SECOND
L006492,B4504,Richard White,,FIXED,PURCHASE,NH,95116,PNC Bank,62068.00,50480.51,4.069,231.51,2016-05-29,2026-05-29,2019-09-02,2019-10-02,CURRENT,0,MISSING,FIRST
L001817,B2862,Susan Taylor,,ARM,REFINANCE,SD,22564,PNC Bank,550714.00,466620.28,8.197,4138.02,2022-10-25,2052-10-25,2028-12-15,2029-01-14,CURRENT,0,COMPLETE,SECOND
L000535,B3595,Michael Taylor,Michael Smith,VA,REFINANCE,AB,38804,JPMorgan Chase Bank,597093.00,160619.42,6.95,3803.98,2012-09-23,2027-09-23,2019-08-10,2019-09-09,CURRENT,0,INCOMPLETE,FIRST
L002784,B2656,Robert Brown,,USDA,CASH_OUT_REFINANCE,SC,24138,Freedom Mortgage,212913.00,161866.77,6.479,1264.51,2022-08-26,2052-08-26,2023-06-02,2023-07-02,CURRENT,0,COMPLETE,SECOND
L003992,B9195,Robert Thomas,,JUMBO,REFINANCE,AK,71591,Wells Fargo Home Mortgage,343333.00,0.00,2.556,804.43,2016-09-25,2036-09-25,2027-03-10,2027-04-09,CLOSED,0,COMPLETE,FIRST
L004823,B4521,Sarah Williams,,CONVENTIONAL,REFINANCE,HI,38557,Bank of America,265070.00,0.00,5.327,1294.36,2021-01-03,2031-01-03,2023-06-27,2023-07-27,PAID_OFF,0,COMPLETE,SECOND
L000772,B7082,Barbara Jones,,FIXED,CONSTRUCTION,NJ,98566,Nationstar Mortgage,627790.00,700633.43,5.745,3306.10,2017-03-12,2037-03-12,2021-11-03,2021-12-03,CURRENT,0,MISSING,SECOND
L004621,B1822,Sarah Miller,,CONVENTIONAL,PURCHASE,KS,85978,Wells Fargo Home Mortgage,552911.00,315281.76,8.5,4308.10,2010-12-10,2040-12-10,2021-06-24,2021-07-24,CURRENT,0,COMPLETE,FIRST
L009536,B2906,Joseph Thomas,James Smith,FIXED,REFINANCE,FL,29730,Flagstar Bank,237725.00,92393.97,5.444,1186.33,2010-02-27,2025-02-27,2018-08-13,2018-09-12,DELINQUENT,82,COMPLETE,FIRST
L003725,B6232,Robert Garcia,,FIXED,PURCHASE,VA,43981,JPMorgan Chase Bank,428555.00,364387.44,3.435,1349.41,2013-01-12,2033-01-12,2016-09-29,2016-10-29,CURRENT,0,COMPLETE,FIRST
L003820,B9309,Sarah Hernandez,,FIXED,HOME_EQUITY,IN,87144,Flagstar Bank,362907.00,176147.45,7.894,2626.06,2012-04-09,2032-04-09,2013-02-04,2013-03-06,CURRENT,0,COMPLETE,FIRST
L008295,B4224,John Martinez,,ARM,CONSTRUCTION,NH,93906,Wells Fargo Home Mortgage,269018.00,0.00,7.183,1771.33,2017-01-17,2047-01-17,2024-08-01,2024-08-31,CLOSED,0,COMPLETE,SECOND
L006865,B6837,Sarah Davis,Joseph Davis,FHA,HOME_EQUITY,SC,78523,Caliber Home Loans,611617.00,0.00,3.432,1924.15,2014-10-29,2024-10-29,2018-12-09,2019-01-08,PAID_OFF,0,COMPLETE,FIRST
L001791,B4792,William Wilson,,FIXED,HOME_EQUITY,LA,56422,Flagstar Bank,574111.00,462439.66,5.212,2742.91,2015-12-27,2025-12-27,2018-04-17,2018-05-17,CURRENT,0,COMPLETE,SECOND
L003885,B2773,Thomas Williams,,FIXED,HOME_EQUITY,PA,36461,Bank of America,562242.00,264952.47,4.383,2258.95,2019-10-18,2049-10-18,2028-01-14,2028-02-13,DELINQUENT,42,COMPLETE,FIRST
L006513,B3289,Thomas Moore,Karen Hernandez,VA,HOME_EQUITY,FL,33643,Quicken Loans,509053.00,284813.74,2.811,1311.70,2019-03-14,2039-03-14,2029-04-02,2029-05-02,CURRENT,0,COMPLETE,SECOND
L007967,B4965,Karen Martinez,,VA,HOME_EQUITY,PA,72024,JPMorgan Chase Bank,145598.00,66830.07,8.051,1074.53,2015-09-03,2045-09-03,2018-11-19,2018-12-19,DEFAULT,201,COMPLETE,SECOND
L005331,B7258,Sarah Taylor,,CONVENTIONAL,REFINANCE,CO,96328,JPMorgan Chase Bank,141075.00,53055.15,5.598,723.93,2011-06-12,2026-06-12,2014-09-23,2014-10-23,DELINQUENT,85,COMPLETE,FIRST
L007504,B8543,William Williams,,USDA,HOME_EQUITY,IN,74681,Caliber Home Loans,647299.00,442160.94,3.248,1927.22,2021-11-26,2031-11-26,2028-10-22,2028-11-21,CURRENT,0,COMPLETE,FIRST
L008616,B1461,Patricia Thompson,,JUMBO,HOME_EQUITY,AZ,78801,US Bank,225478.00,0.00,3.959,818.28,2019-12-05,2049-12-05,2025-03-08,2025-04-07,PAID_OFF,0,COMPLETE,FIRST
L006394,B7904,Sarah Hernandez,,CONVENTIONAL,REFINANCE,CA,79311,Flagstar Bank,109539.00,43458.41,7.269,729.89,2014-04-11,2044-04-11,2023-12-02,2024-01-01,CURRENT,0,INCOMPLETE,FIRST
L007553,B7599,Jennifer Lee,,USDA,PURCHASE,MO,24339,US Bank,132636.00,0.00,3.744,455.21,2020-07-08,2030-07-08,2022-04-23,2022-05-23,PAID_OFF,0,COMPLETE,SECOND
L004020,B6415,Barbara Anderson,,FIXED,CASH_OUT_REFINANCE,VA,91184,Green Tree Servicing,454472.00,365131.97,3.33,1387.28,2014-03-24,2034-03-24,2019-11-17,2019-12-17,CURRENT,0,COMPLETE,FIRST
L006941,B4336,Sarah Johnson,,FHA,PURCHASE,IN,35863,SunTrust Mortgage,777862.00,297525.34,3.424,2441.45,2011-01-16,2021-01-16,2021-01-13,2021-02-12,DELINQUENT,79,COMPLETE,FIRST
L006125,B8050,Jennifer Taylor,,CONVENTIONAL,PURCHASE,OH,82316,Citimortgage,680342.00,420503.98,8.308,5181.26,2012-08-17,2042-08-17,2021-09-06,2021-10-06,CURRENT,0,COMPLETE,SECOND
L004378,B2145,John Martin,,CONVENTIONAL,PURCHASE,KY,97595,Caliber Home Loans,688076.00,552966.53,7.919,4994.80,2012-07-07,2027-07-07,2012-08-06,2012-09-05,CURRENT,0,MISSING,SECOND
L007140,B1544,William Lee,,ARM,REFINANCE,NY,42236,Caliber Home Loans,540038.00,293646.47,4.482,2218.75,2013-05-05,2033-05-05,2013-07-03,2013-08-02,DELINQUENT,79,COMPLETE,SECOND
L007903,B8616,Susan Wilson,John Brown,JUMBO,CONSTRUCTION,OH,15850,PHH Mortgage,426966.00,221807.16,2.93,1146.76,2011-11-13,2041-11-13,2016-06-01,2016-07-01,CURRENT,0,COMPLETE,FIRST
L001321,B5016,Mary Anderson,,USDA,HOME_EQUITY,NE,80080,Quicken Loans,478038.00,0.00,3.664,1605.57,2016-09-09,2036-09-09,2018-07-01,2018-07-31,PAID_OFF,0,COMPLETE,FIRST
L003054,B1970,Susan Miller,,FHA,REFINANCE,KY,64830,Citimortgage,324433.00,200273.60,7.487,2226.61,2013-04-12,2043-04-12,2023-05-07,2023-06-06,CURRENT,0,COMPLETE,SECOND
L001210,B8899,Sarah Brown,,CONVENTIONAL,CASH_OUT_REFINANCE,NV,30658,SunTrust Mortgage,158304.00,120390.12,3.139,455.51,2011-09-07,2041-09-07,2021-01-27,2021-02-26,CURRENT,0,COMPLETE,SECOND
L003650,B7631,Charles Williams,Thomas Brown,JUMBO,HOME_EQUITY,NH,46481,Wells Fargo Home Mortgage,532955.00,253825.64,4.636,2264.88,2016-04-15,2046-04-15,2023-10-09,2023-11-08,CURRENT,0,INCOMPLETE,FIRST
L008262,B7027,Jessica White,,FHA,PURCHASE,CA,52858,Freedom Mortgage,653482.00,230803.83,4.998,2993.93,2017-10-18,2047-10-18,2025-12-26,2026-01-25,CURRENT,0,COMPLETE,FIRST
L009904,B3383,Richard Hernandez,,FHA,CASH_OUT_REFINANCE,NH,38393,Freedom Mortgage,795000.00,587256.13,5.052,3681.64,2012-07-08,2027-07-08,2018-04-02,2018-05-02,DEFAULT,296,COMPLETE,SECOND
L000133,B9231,Sarah Martin,,USDA,REFINANCE,WY,30922,JPMorgan Chase Bank,,114070.62,4.83,1714.44,2014-01-13,2024-01-13,2017-09-10,2017-10-10,CURRENT,0,COMPLETE,FIRST
L002711,B3131,James Miller,Thomas Martin,JUMBO,HOME_EQUITY,MN,51483,Wells Fargo Home Mortgage,126949.00,0.00,2.854,332.12,2010-11-25,2030-11-25,2018-08-30,2018-09-29,CLOSED,0,COMPLETE,SECOND
L004473,B8255,Charles Smith,,VA,CONSTRUCTION,AZ,59031,PNC Bank,476340.00,265628.39,8.154,3560.40,2012-12-15,2027-12-15,2018-04-12,2018-05-12,CURRENT,0,COMPLETE,FIRST
L003390,B3717,David Thomas,,CONVENTIONAL,REFINANCE,NH,40153,Nationstar Mortgage,219151.00,191463.70,7.887,1584.41,2014-12-17,2034-12-17,2015-05-03,2015-06-02,CURRENT,0,MISSING,SECOND
L003298,B4295,David Smith,,FHA,CONSTRUCTION,FL,77834,Quicken Loans,588545.00,0.00,6.816,3677.23,2017-03-24,2047-03-24,2025-03-01,2025-03-31,PAID_OFF,0,COMPLETE,SECOND
L003254,B4605,Jennifer Lee,,VA,REFINANCE,MA,99972,JPMorgan Chase Bank,293740.00,163655.92,3.179,855.98,2011-09-28,2031-09-28,2016-05-07,2016-06-06,CURRENT,0,INCOMPLETE,SECOND
L005189,B6080,Karen White,,USDA,HOME_EQUITY,NY,17654,Quicken Loans,397299.00,298109.88,4.23,1540.53,2011-05-15,2041-05-15,2014-07-10,2014-08-09,DELINQUENT,57,INCOMPLETE,FIRST
L003876,B4126,Michael Johnson,Charles Garcia,VA,PURCHASE,IA,79056,Caliber Home Loans,572595.00,154156.25,5.921,3107.81,2019-11-17,2034-11-17,2020-04-26,2020-05-26,CURRENT,0,INCOMPLETE,SECOND
L002756,B9835,Patricia Brown,,USDA,CONSTRUCTION,MD,35366,Freedom Mortgage,796769.00,451231.75,5.208,3803.78,2014-06-22,2034-06-22,2025-01-27,2025-02-26,DELINQUENT,59,COMPLETE,FIRST
L009073,B3628,Sarah Hernandez,,JUMBO,HOME_EQUITY,CO,39435,Green Tree Servicing,115397.00,33960.31,7.32,774.31,2021-07-02,2036-07-02,2029-02-17,2029-03-19,CURRENT,0,COMPLETE,FIRST
L008820,B6422,Karen Martin,,ARM,CONSTRUCTION,IA,89365,SunTrust Mortgage,513483.00,271657.71,7.207,3392.28,2017-03-31,2027-03-31,2023-07-16,2023-08-15,DELINQUENT,81,COMPLETE,FIRST
L005928,B7984,Mary Thomas,,FHA,CONSTRUCTION,VT,91562,Quicken Loans,282725.00,120427.10,5.243,1358.80,2018-11-23,2048-11-23,2019-10-03,2019-11-02,DELINQUENT,67,INCOMPLETE,FIRST
L000672,B7390,William Wilson,,JUMBO,CASH_OUT_REFINANCE,AR,24553,Freedom Mortgage,771211.00,0.00,8.258,5837.94,2020-12-03,2035-12-03,2024-02-23,2024-03-24,CURRENT,5,COMPLETE,FIRST
L008567,B6061,Karen Moore,,VA,CASH_OUT_REFINANCE,MT,33511,PHH Mortgage,186646.00,108132.87,2.826,483.51,2010-03-15,2030-03-15,2012-08-14,2012-09-13,DELINQUENT,52,COMPLETE,FIRST
L003789,B6515,Jennifer Jackson,,FIXED,REFINANCE,AZ,97329,Quicken Loans,506387.00,0.00,5.013,2326.97,2015-03-13,2025-03-13,2019-07-07,2019-08-06,PAID_OFF,0,MISSING,SECOND
L007990,B8187,Michael White,,JUMBO,HOME_EQUITY,MN,47461,PNC Bank,72319.00,25384.02,3.264,216.38,2016-06-23,2026-06-23,2021-01-30,2021-03-01,DELINQUENT,51,COMPLETE,SECOND
L009858,B6993,Jennifer White,,CONVENTIONAL,CASH_OUT_REFINANCE,OR,13247,Nationstar Mortgage,318712.00,286423.32,8.391,2451.45,2019-03-26,2049-03-26,2019-11-04,2019-12-04,CURRENT,0,COMPLETE,SECOND
L000897,B7160,Jennifer Thompson,,FHA,CONSTRUCTION,KY,48537,Nationstar Mortgage,177154.00,77810.81,3.642,591.43,2020-01-14,2030-01-14,2030-02-11,2030-03-13,DELINQUENT,76,COMPLETE,FIRST
L007902,B2160,Jennifer Jones,,FHA,PURCHASE,NC,73331,Caliber Home Loans,461001.00,129301.99,7.967,3366.73,2018-07-05,2048-07-05,2020-02-27,2020-03-28,DELINQUENT,70,MISSING,FIRST
L005072,B2856,Charles Johnson,,ARM,PURCHASE,HI,61941,Freedom Mortgage,588416.00,0.00,8.391,4525.95,2016-11-16,2036-11-16,2025-01-16,2025-02-15,CLOSED,0,COMPLETE,SECOND
L004880,B9276,Jessica Thompson,,ARM,CASH_OUT_REFINANCE,WA,67345,PHH Mortgage,546881.00,355218.16,6.96,3489.10,2019-08-21,2034-08-21,2025-06-23,2025-07-23,DEFAULT,140,MISSING,SECOND
L005397,B5722,Patricia Thomas,,ARM,CASH_OUT_REFINANCE,SD,58709,Bank of America,283043.00,189763.60,4.6,1193.50,2012-06-03,2027-06-03,2016-10-13,2016-11-12,CURRENT,0,COMPLETE,SECOND
L008245,B9637,David Miller,Karen Lee,CONVENTIONAL,CASH_OUT_REFINANCE,LA,13927,Nationstar Mortgage,702821.00,0.00,4.076,2625.97,2010-05-17,2025-05-17,2017-10-23,2017-11-22,PAID_OFF,0,COMPLETE,FIRST
L005507,B8799,Joseph Jones,Karen Moore,FIXED,REFINANCE,KY,76011,PHH Mortgage,117833.00,92229.36,6.765,730.71,2011-08-01,2031-08-01,2020-02-22,2020-03-23,CURRENT,0,COMPLETE,SECOND
L001025,B4697,Lisa Garcia,Thomas Brown,USDA,HOME_EQUITY,CT,74072,PHH Mortgage,798362.00,697004.51,7.012,5131.60,2010-02-20,2025-02-20,2012-05-04,2012-06-03,CURRENT,0,COMPLETE,FIRST
L007128,B3677,Susan Williams,,FIXED,CONSTRUCTION,MN,98422,PHH Mortgage,144390.00,63954.04,3.487,461.53,2012-08-05,2022-08-05,2021-07-10,2021-08-09,CURRENT,0,MISSING,FIRST
L007007,B9722,Joseph Garcia,Karen Anderson,JUMBO,HOME_EQUITY,ME,46730,Bank of America,149791.00,134383.36,3.972,545.39,2018-09-02,2028-09-02,2024-11-06,2024-12-06,CURRENT,0,COMPLETE,FIRST
L001869,B1294,Robert Garcia,,USDA,REFINANCE,NH,25747,Green Tree Servicing,281924.00,203121.10,4.916,1270.44,2019-03-22,2039-03-22,2023-10-24,2023-11-23,CURRENT,0,COMPLETE,FIRST
L003973,B2044,Thomas Garcia,,VA,CASH_OUT_REFINANCE,IN,61973,US Bank,778584.00,0.00,5.729,4088.80,2010-04-11,2040-04-11,2015-11-28,2015-12-28,PAID_OFF,0,INCOMPLETE,SECOND
L005448,B1658,James Wilson,,USDA,CASH_OUT_REFINANCE,MI,84286,PNC Bank,183129.00,71130.15,7.832,1314.74,2015-09-24,2045-09-24,2016-07-15,2016-08-14,CURRENT,0,MISSING,FIRST
L000869,B7033,Richard Garcia,,FIXED,CASH_OUT_REFINANCE,AZ,48091,Green Tree Servicing,603984.00,194332.86,5.085,2815.32,2012-05-02,2032-05-02,2023-03-11,2023-04-10,DEFAULT,239,INCOMPLETE,FIRST
L006235,B1842,Patricia Moore,,JUMBO,CONSTRUCTION,MT,14638,US Bank,354822.00,123095.92,4.926,1602.20,2010-03-18,2040-03-18,2014-03-02,2014-04-01,DELINQUENT,56,COMPLETE,FIRST
L009540,B8586,Robert Wilson,Joseph Martin,VA,CASH_OUT_REFINANCE,IL,40164,Nationstar Mortgage,423185.00,173544.08,2.9,1124.97,2013-04-01,2023-04-01,2023-12-23,2024-01-22,CURRENT,0,INCOMPLETE,SECOND
L005660,B9589,William Davis,William Hernandez,VA,REFINANCE,GA,66479,SunTrust Mortgage,385687.00,0.00,8.374,2960.60,2012-10-26,2022-10-26,2015-09-11,2015-10-11,CLOSED,0,COMPLETE,SECOND
L001746,B5828,Jennifer Williams,John Moore,FHA,CONSTRUCTION,UT,54033,Nationstar Mortgage,232981.00,182772.99,6.003,1282.04,2020-03-21,2030-03-21,2025-09-14,2025-10-14,DELINQUENT,80,COMPLETE,FIRST
L009839,B7710,Robert White,,CONVENTIONAL,HOME_EQUITY,RI,95330,JPMorgan Chase Bank,440512.00,0.00,3.369,1360.41,2022-07-17,2042-07-17,2032-06-07,2032-07-07,CLOSED,0,MISSING,SECOND
L009133,B7364,Linda Martin,Charles Jackson,FHA,PURCHASE,CT,61422,Nationstar Mortgage,73507.00,46303.31,6.579,443.30,2020-10-22,2030-10-22,2025-10-30,2025-11-29,DEFAULT,154,COMPLETE,FIRST
L007809,B8600,William White,Charles Hernandez,USDA,PURCHASE,SC,89615,Flagstar Bank,236218.00,209584.20,3.07,664.76,2011-05-06,2041-05-06,2012-11-04,2012-12-04,CURRENT,0,COMPLETE,FIRST
L002745,B1750,Mary Anderson,William Jackson,FIXED,CONSTRUCTION,MI,17818,Flagstar Bank,259714.00,135591.40,6.069,1444.85,2011-05-03,2021-05-03,2016-05-21,2016-06-20,CURRENT,0,COMPLETE,FIRST
L000958,B2011,Richard Thompson,Lisa Thomas,CONVENTIONAL,PURCHASE,ID,30687,Nationstar Mortgage,76941.00,52221.57,4.057,286.14,2011-01-19,2041-01-19,2016-06-13,2016-07-13,CURRENT,0,INCOMPLETE,SECOND
L007233,B9802,Lisa Thomas,Sarah Garcia,JUMBO,REFINANCE,ME,14858,Freedom Mortgage,366261.00,271857.01,4.828,1620.95,2011-01-25,2031-01-25,2015-11-19,2015-12-19,CURRENT,0,INCOMPLETE,SECOND
L004907,B7128,Jessica White,,JUMBO,PURCHASE,RI,79687,Quicken Loans,407516.00,0.00,3.451,1289.14,2012-02-12,2022-02-12,2012-10-31,2012-11-30,PAID_OFF,0,MISSING,FIRST
L002408,B8081,Michael Jackson,,FIXED,CASH_OUT_REFINANCE,IL,30842,Nationstar Mortgage,763006.00,615625.77,5.096,3564.26,2015-09-11,2030-09-11,2018-03-17,2018-04-16,CURRENT,0,COMPLETE,SECOND
L004691,B2266,Richard Hernandez,Susan Wilson,VA,HOME_EQUITY,WY,11057,Flagstar Bank,604231.00,160845.11,5.686,3149.35,2013-02-01,2023-02-01,2020-04-15,2020-05-15,CURRENT,0,COMPLETE,SECOND
L004203,B9186,Richard Thomas,Thomas Garcia,USDA,REFINANCE,KS,33719,Freedom Mortgage,795575.00,565057.02,4.885,3562.52,2016-04-22,2046-04-22,2019-12-04,2020-01-03,DELINQUENT,52,INCOMPLETE,FIRST
L001461,B3275,James Anderson,,FIXED,PURCHASE,WV,94148,Citimortgage,322170.00,285641.94,6.71,1981.61,2022-11-17,2052-11-17,2027-01-13,2027-02-12,CURRENT,0,COMPLETE,SECOND
L000041,B5934,Thomas Thompson,Robert Martinez,JUMBO,PURCHASE,RI,90584,PNC Bank,,136172.62,2.786,453.99,2019-06-02,2049-06-02,2020-03-15,2020-04-14,CURRENT,0,COMPLETE,FIRST
L005756,B2794,Joseph Martinez,Patricia Wilson,JUMBO,CONSTRUCTION,SC,19366,Freedom Mortgage,620991.00,204964.94,4.345,2473.36,2021-05-15,2051-05-15,2023-03-30,2023-04-29,CURRENT,0,COMPLETE,FIRST
L005157,B8499,Linda Smith,,FIXED,HOME_EQUITY,NH,84837,PHH Mortgage,715380.00,412749.67,8.0,5246.12,2011-07-03,2031-07-03,2020-07-30,2020-08-29,CURRENT,0,COMPLETE,FIRST
L006587,B6180,Susan Jackson,,FIXED,HOME_EQUITY,KY,55723,PHH Mortgage,778568.00,274364.55,7.037,5022.22,2014-06-05,2029-06-05,2018-08-14,2018-09-13,CURRENT,0,COMPLETE,SECOND
L000119,B2083,Mary Martinez,,ARM,REFINANCE,NJ,25655,Wells Fargo Home Mortgage,375236.00,46226.96,6.692,2301.82,2015-05-09,2025-05-09,2018-03-05,2018-04-04,CLOSED,0,COMPLETE,FIRST
L001498,B2542,Jessica White,,JUMBO,REFINANCE,WI,73963,Nationstar Mortgage,226331.00,0.00,6.078,1261.00,2018-03-22,2038-03-22,2023-05-02,2023-06-01,PAID_OFF,0,COMPLETE,FIRST
L009890,B9593,Linda Smith,,FIXED,HOME_EQUITY,DE,29245,Green Tree Servicing,437970.00,250628.91,4.726,1897.36,2012-06-21,2032-06-21,2020-06-04,2020-07-04,CURRENT,0,COMPLETE,SECOND
L000779,B2359,Karen Moore,Jessica Brown,CONVENTIONAL,REFINANCE,NM,87781,Green Tree Servicing,-307309.00,135799.83,6.846,1928.52,2012-02-10,2042-02-10,2016-06-13,2016-07-13,DELINQUENT,49,COMPLETE,FIRST
L002697,B1457,David Martinez,Barbara Anderson,FHA,REFINANCE,WA,87366,Bank of America,453473.00,0.00,3.367,1399.61,2010-08-13,2030-08-13,2021-01-02,2021-02-01,CLOSED,0,COMPLETE,SECOND
L003731,B3922,Richard Wilson,,CONVENTIONAL,HOME_EQUITY,OR,34348,Flagstar Bank,343050.00,0.00,4.202,1321.37,2015-11-11,2035-11-11,2017-09-20,2017-10-20,PAID_OFF,0,COMPLETE,SECOND
L003697,B2229,Karen White,,ARM,REFINANCE,NC,71967,Nationstar Mortgage,129960.00,40851.52,5.546,660.69,2019-12-21,2049-12-21,2029-06-01,2029-07-01,DELINQUENT,87,COMPLETE,FIRST
L003184,B2547,David Thompson,,VA,REFINANCE,IN,32615,Wells Fargo Home Mortgage,591074.00,359253.45,6.616,3584.67,2012-09-10,2042-09-10,2016-05-11,2016-06-10,DELINQUENT,50,COMPLETE,SECOND
L001654,B5768,Charles Thompson,,JUMBO,CASH_OUT_REFINANCE,LA,45582,Caliber Home Loans,284253.00,255248.25,4.377,1140.49,2016-11-21,2031-11-21,2017-03-03,2017-04-02,CURRENT,0,COMPLETE,SECOND
L000843,B4132,Mary Davis,,ARM,PURCHASE,TX,19463,Flagstar Bank,315222.00,115225.04,0.0206,1920.96,2022-12-07,2037-12-07,2032-02-23,2032-03-24,DELINQUENT,75,COMPLETE,SECOND
L005509,B1469,Susan Smith,,VA,HOME_EQUITY,WV,13564,US Bank,287718.00,138950.82,3.157,832.63,2010-09-06,2030-09-06,2018-10-08,2018-11-07,DELINQUENT,89,COMPLETE,FIRST
L006656,B8258,Patricia Williams,Charles Johnson,ARM,CASH_OUT_REFINANCE,MN,17708,Caliber Home Loans,318748.00,191433.64,4.762,1391.39,2011-02-24,2026-02-24,2020-02-26,2020-03-27,DELINQUENT,82,COMPLETE,FIRST
L002773,B2088,Susan Thompson,,ARM,REFINANCE,OR,62156,Wells Fargo Home Mortgage,296355.00,268831.41,4.776,1297.44,2011-06-23,2041-06-23,2018-10-09,2018-11-08,CURRENT,0,COMPLETE,FIRST
L005420,B5499,Susan Moore,Jessica Smith,JUMBO,CONSTRUCTION,MI,75828,Wells Fargo Home Mortgage,161535.00,0.00,3.03,448.66,2017-02-21,2047-02-21,2021-05-09,2021-06-08,PAID_OFF,0,COMPLETE,FIRST
L001115,B6404,Karen Taylor,,FIXED,REFINANCE,WV,11909,Bank of America,555903.00,312175.56,4.331,2206.98,2022-02-17,2037-02-17,2029-02-24,2029-03-26,CURRENT,0,MISSING,SECOND
L002701,B1229,Thomas Martinez,,JUMBO,CASH_OUT_REFINANCE,RI,71129,PHH Mortgage,55953.00,0.00,5.392,276.56,2022-07-20,2052-07-20,2032-06-06,2032-07-06,PAID_OFF,0,INCOMPLETE,SECOND
L002833,B3419,Charles Miller,,FHA,HOME_EQUITY,MT,68011,US Bank,156858.00,116501.83,7.303,1050.07,2017-10-24,2032-10-24,2019-07-14,2019-08-13,CURRENT,0,COMPLETE,SECOND
L005880,B8243,Michael Smith,,CONVENTIONAL,REFINANCE,CT,71577,JPMorgan Chase Bank,362885.00,195276.06,3.349,1114.03,2010-10-16,2030-10-16,2020-04-17,2020-05-17,CURRENT,0,COMPLETE,FIRST
L008091,B4424,Thomas Thompson,,FHA,HOME_EQUITY,HI,91751,Bank of America,429192.00,247642.46,6.811,2679.62,2010-05-16,2025-05-16,2014-01-10,2014-02-09,DEFAULT,151,COMPLETE,FIRST
L008468,B1417,Jessica Martin,Susan Lee,JUMBO,REFINANCE,KY,59739,US Bank,297635.00,250718.45,3.056,833.77,2022-08-12,2052-08-12,2023-12-02,2024-01-01,DELINQUENT,62,INCOMPLETE,FIRST
L003849,B2829,William Brown,,VA,HOME_EQUITY,AK,11672,Caliber Home Loans,622280.00,265392.92,7.947,4533.15,2016-08-09,2036-08-09,2025-05-25,2025-06-24,CURRENT,0,COMPLETE,FIRST
L003865,B6799,John Jackson,,VA,CONSTRUCTION,WI,35093,Flagstar Bank,242098.00,183773.82,7.09,1573.44,2014-04-30,2034-04-30,2019-10-02,2019-11-01,CURRENT,0,INCOMPLETE,SECOND
L003898,B9226,Patricia Williams,,USDA,PURCHASE,ME,40451,PHH Mortgage,605147.00,328167.15,4.304,2387.51,2012-08-17,2032-08-17,2018-06-17,2018-07-17,CURRENT,0,COMPLETE,SECOND
L002175,B4451,James Taylor,Karen Wilson,ARM,REFINANCE,CT,56984,Flagstar Bank,162525.00,68261.96,5.946,885.84,2017-02-17,2047-02-17,2022-10-18,2022-11-17,CURRENT,0,COMPLETE,FIRST
L000308,B2820,Lisa Garcia,,USDA,REFINANCE,DC,21334,Caliber Home Loans,538148.00,0.00,5.251,2590.33,2013-11-03,2033-11-03,2025-06-30,2016-06-20,PAID_OFF,0,INCOMPLETE,SECOND
L005726,B2969,Mary Lee,David Hernandez,USDA,HOME_EQUITY,IN,90707,Wells Fargo Home Mortgage,309575.00,0.00,7.482,2123.22,2017-10-09,2047-10-09,2028-09-22,2028-10-22,PAID_OFF,0,COMPLETE,FIRST
L001863,B7490,David Davis,Patricia Smith,FIXED,CONSTRUCTION,CO,20698,US Bank,184631.00,140703.79,3.072,519.92,2010-10-10,2040-10-10,2020-04-16,2020-05-16,CURRENT,0,COMPLETE,SECOND
L007891,B5016,Patricia Taylor,,FIXED,HOME_EQUITY,KY,46097,PNC Bank,103800.00,33374.05,3.733,355.19,2011-11-08,2026-11-08,2016-12-22,2017-01-21,DELINQUENT,64,COMPLETE,SECOND
L000925,B8927,Joseph Thomas,,USDA,REFINANCE,WY,23402,Caliber Home Loans,192256.00,66117.74,4.773,841.17,2022-10-24,2032-10-24,2026-07-17,2026-08-16,CURRENT,0,INCOMPLETE,FIRST
L004376,B2830,Patricia Smith,James Williams,JUMBO,CASH_OUT_REFINANCE,MI,15487,PHH Mortgage,96557.00,83468.29,7.957,704.28,2012-03-25,2042-03-25,2016-10-09,2016-11-08,CURRENT,0,INCOMPLETE,SECOND
L007197,B5792,Charles Thomas,Jennifer Garcia,JUMBO,CASH_OUT_REFINANCE,MN,18936,Quicken Loans,385178.00,172454.43,7.397,2611.73,2022-12-03,2032-12-03,2024-06-23,2024-07-23,CURRENT,0,COMPLETE,SECOND
L006325,B5992,Sarah Williams,,FIXED,REFINANCE,NY,51238,Bank of America,572746.00,525341.73,4.414,2317.43,2021-11-10,2031-11-10,2026-05-28,2026-06-27,CURRENT,0,COMPLETE,FIRST
L004758,B1937,Jessica Taylor,,FIXED,CONSTRUCTION,UT,55590,PNC Bank,547181.00,495462.19,4.381,2197.43,2017-03-19,2032-03-19,2021-04-08,2021-05-08,DEFAULT,216,INCOMPLETE,SECOND
L007557,B6527,Lisa White,,USDA,CONSTRUCTION,IN,28643,Green Tree Servicing,455617.00,187333.14,4.691,1959.19,2010-10-23,2025-10-23,2015-10-21,2015-11-20,DEFAULT,273,COMPLETE,FIRST
L004564,B7438,Lisa Hernandez,,FHA,REFINANCE,RI,87088,SunTrust Mortgage,85219.00,39103.32,3.978,310.75,2020-03-12,2040-03-12,2030-02-09,2030-03-11,DELINQUENT,42,COMPLETE,FIRST
L006737,B3557,Joseph Hernandez,Jessica Williams,VA,PURCHASE,MT,37617,Citimortgage,353161.00,178145.10,3.86,1249.60,2016-04-03,2036-04-03,2024-04-21,2024-05-21,DELINQUENT,60,INCOMPLETE,FIRST
L002268,B6366,Robert Thomas,,FIXED,CASH_OUT_REFINANCE,NH,79734,Green Tree Servicing,293284.00,153836.91,8.167,2195.65,2020-05-23,2040-05-23,2028-01-18,2028-02-17,CURRENT,0,COMPLETE,SECOND
L008390,B2818,William Brown,,JUMBO,HOME_EQUITY,PA,11534,Quicken Loans,397770.00,256033.60,6.411,2337.59,2010-04-30,2020-04-30,2017-12-28,2018-01-27,DEFAULT,253,MISSING,SECOND
L006163,B8223,William Jackson,Richard Brown,CONVENTIONAL,CASH_OUT_REFINANCE,WA,10375,Nationstar Mortgage,119209.00,0.00,8.081,883.05,2012-11-26,2042-11-26,2016-10-10,2016-11-09,CLOSED,0,COMPLETE,SECOND
L009287,B5628,James Jones,Jennifer White,ARM,HOME_EQUITY,PA,81470,Citimortgage,791990.00,0.00,8.031,5830.43,2012-09-30,2027-09-30,2015-12-22,2016-01-21,CLOSED,0,COMPLETE,FIRST
L002790,B1825,Susan Anderson,,USDA,CASH_OUT_REFINANCE,WV,87719,PNC Bank,440784.00,0.00,5.998,2423.50,2017-11-05,2047-11-05,2028-01-29,2028-02-28,PAID_OFF,0,INCOMPLETE,SECOND
L008325,B1558,Jessica Taylor,,FIXED,CONSTRUCTION,MD,24167,Freedom Mortgage,61880.00,0.00,6.141,348.34,2013-04-08,2028-04-08,2021-11-11,2021-12-11,PAID_OFF,0,INCOMPLETE,FIRST
L000298,B4907,James Johnson,,VA,PURCHASE,NH,63150,JPMorgan Chase Bank,562997.00,455263.96,4.833,2494.22,2022-02-15,2042-02-15,2027-10-23,2027-11-22,CURRENT,42,MISSING,FIRST
L006173,B7687,Jennifer Miller,,JUMBO,REFINANCE,CO,81744,Nationstar Mortgage,508223.00,286934.81,6.707,3124.60,2017-08-27,2047-08-27,2025-09-03,2025-10-03,CURRENT,0,COMPLETE,FIRST
L003067,B6782,Richard Miller,,FIXED,CASH_OUT_REFINANCE,ID,64332,SunTrust Mortgage,684915.00,278942.37,3.103,1948.18,2014-01-03,2044-01-03,2020-02-09,2020-03-10,CURRENT,0,COMPLETE,FIRST
L004076,B8191,Barbara Lee,Susan Moore,VA,HOME_EQUITY,RI,13869,Nationstar Mortgage,586083.00,260209.68,2.651,1424.23,2016-05-17,2031-05-17,2017-08-19,2017-09-18,CURRENT,0,MISSING,SECOND
L009572,B9685,John Brown,Thomas Davis,FIXED,PURCHASE,CO,16489,Freedom Mortgage,589302.00,232326.17,4.984,2692.32,2019-11-08,2029-11-08,2026-03-06,2026-04-05,CURRENT,0,COMPLETE,SECOND
L002527,B2629,Thomas Anderson,,ARM,HOME_EQUITY,NE,47513,US Bank,346059.00,143809.16,6.075,1927.12,2013-11-29,2028-11-29,2021-11-20,2021-12-20,CURRENT,0,COMPLETE,SECOND
L009718,B6000,James Garcia,,CONVENTIONAL,HOME_EQUITY,OH,61443,Caliber Home Loans,69536.00,40604.13,7.528,479.84,2011-08-08,2021-08-08,2021-08-21,2021-09-20,CURRENT,0,INCOMPLETE,SECOND
L003255,B9895,Susan Martin,,CONVENTIONAL,CONSTRUCTION,PA,60331,Quicken Loans,298301.00,229984.46,3.927,1073.81,2016-06-14,2031-06-14,2017-10-10,2017-11-09,CURRENT,0,COMPLETE,FIRST
L006481,B8687,Susan Garcia,William Wilson,JUMBO,CONSTRUCTION,OK,73815,PNC Bank,112255.00,80174.80,6.316,649.92,2011-07-20,2021-07-20,2020-03-10,2020-04-09,DELINQUENT,46,COMPLETE,FIRST
L009766,B4021,Charles Williams,,USDA,HOME_EQUITY,ND,73937,Bank of America,215645.00,107604.00,6.786,1341.42,2014-02-02,2029-02-02,2021-04-10,2021-05-10,CURRENT,0,COMPLETE,SECOND
L001279,B1558,Susan Williams,Richard Miller,VA,PURCHASE,HI,89300,Green Tree Servicing,771484.00,638291.14,5.844,4132.84,2018-01-05,2028-01-05,2023-07-07,2023-08-06,DELINQUENT,67,INCOMPLETE,FIRST
L008524,B5979,Linda Wilson,,FHA,REFINANCE,OK,67749,Bank of America,588461.00,254191.99,7.609,4104.47,2019-05-14,2039-05-14,2028-02-25,2028-03-26,CURRENT,0,MISSING,SECOND
L002416,B2074,Sarah Davis,Patricia Moore,FHA,CONSTRUCTION,NE,37928,Quicken Loans,746339.00,0.00,6.658,4555.03,2016-03-04,2031-03-04,2017-04-15,2017-05-15,PAID_OFF,0,MISSING,SECOND
L003349,B7920,Michael Garcia,William Anderson,ARM,HOME_EQUITY,MD,37602,Nationstar Mortgage,341069.00,0.00,8.094,2530.56,2019-03-06,2029-03-06,2023-09-28,2023-10-28,CLOSED,0,COMPLETE,FIRST
L007696,B6542,John Taylor,,FHA,PURCHASE,CT,80619,Freedom Mortgage,107036.00,83276.50,2.696,264.52,2016-10-04,2036-10-04,2020-09-20,2020-10-20,CURRENT,0,COMPLETE,SECOND
L007001,B5726,William Taylor,,ARM,HOME_EQUITY,HI,71088,PNC Bank,194050.00,104378.82,2.71,482.05,2018-04-04,2038-04-04,2025-03-13,2025-04-12,CURRENT,0,COMPLETE,FIRST
L002978,B8151,Joseph Martinez,,CONVENTIONAL,REFINANCE,CO,52749,Bank of America,403365.00,138526.85,7.262,2685.13,2011-10-21,2041-10-21,2022-07-08,2022-08-07,CURRENT,0,INCOMPLETE,SECOND
L005772,B9102,Mary Taylor,,FHA,CONSTRUCTION,NV,65244,Freedom Mortgage,453315.00,294887.05,4.875,2025.75,2012-05-19,2042-05-19,2013-04-16,2013-05-16,DELINQUENT,71,INCOMPLETE,FIRST
L003613,B1760,Robert Jackson,Lisa Moore,ARM,REFINANCE,PA,46397,US Bank,282567.00,102172.60,7.629,1976.06,2021-07-12,2036-07-12,2029-07-05,2029-08-04,CURRENT,0,COMPLETE,SECOND
L002218,B7577,Sarah Anderson,,ARM,CASH_OUT_REFINANCE,DE,38125,Wells Fargo Home Mortgage,617735.00,0.00,7.924,4487.02,2012-03-02,2022-03-02,2018-01-25,2018-02-24,PAID_OFF,0,COMPLETE,SECOND
L001605,B5743,Patricia Brown,Sarah Thompson,JUMBO,CONSTRUCTION,NM,50196,Freedom Mortgage,220076.00,177002.43,5.402,1089.78,2020-03-16,2040-03-16,2029-06-16,2029-07-16,CURRENT,0,COMPLETE,SECOND
L000486,B1131,Linda Wilson,,FIXED,CASH_OUT_REFINANCE,GA,42421,Flagstar Bank,505426.00,-200090.79,5.381,2493.06,2016-04-30,2046-04-30,2017-05-03,2017-06-02,DEFAULT,185,COMPLETE,SECOND
L003708,B7325,David Garcia,,VA,CASH_OUT_REFINANCE,AR,48088,Caliber Home Loans,597837.00,377071.28,6.284,3443.74,2014-01-25,2044-01-25,2016-09-18,2016-10-18,CURRENT,0,COMPLETE,FIRST
L005675,B8124,Jessica Miller,,CONVENTIONAL,CONSTRUCTION,AZ,74092,Bank of America,471365.00,416064.75,4.491,1940.49,2022-09-11,2037-09-11,2032-02-02,2032-03-03,CURRENT,0,COMPLETE,FIRST
L009285,B3497,Lisa Miller,,FHA,CONSTRUCTION,MA,53110,Flagstar Bank,723871.00,231617.16,3.259,2162.50,2022-10-22,2037-10-22,2029-10-18,2029-11-17,CURRENT,0,COMPLETE,SECOND
L007068,B6845,Jessica Brown,,VA,PURCHASE,IA,56641,PNC Bank,137209.00,74378.64,3.355,421.97,2020-04-12,2050-04-12,2028-03-04,2028-04-03,CURRENT,0,COMPLETE,SECOND
L008855,B2991,John Garcia,,VA,CASH_OUT_REFINANCE,NJ,42525,Caliber Home Loans,62478.00,0.00,4.298,246.15,2011-09-05,2026-09-05,2013-02-01,2013-03-03,CLOSED,0,COMPLETE,FIRST
L008827,B3276,Sarah Martin,,CONVENTIONAL,HOME_EQUITY,FL,94374,PNC Bank,111698.00,60629.22,8.469,867.14,2013-03-01,2023-03-01,2016-07-11,2016-08-10,DELINQUENT,35,COMPLETE,FIRST
L008882,B2361,Lisa Miller,,VA,HOME_EQUITY,TN,14940,SunTrust Mortgage,91777.00,52045.97,7.284,612.80,2012-10-22,2027-10-22,2021-01-01,2021-01-31,CURRENT,0,COMPLETE,SECOND
L005340,B3087,Sarah Johnson,,ARM,CASH_OUT_REFINANCE,OH,64720,SunTrust Mortgage,220052.00,139662.36,6.375,1285.93,2019-06-15,2049-06-15,2029-01-02,2029-02-01,CURRENT,0,COMPLETE,SECOND
L004500,B2992,Barbara Garcia,Jessica Hernandez,FHA,CASH_OUT_REFINANCE,AZ,55767,Caliber Home Loans,694889.00,465161.17,6.12,3898.33,2018-08-07,2048-08-07,2028-07-31,2028-08-30,CURRENT,0,COMPLETE,SECOND
L009066,B8241,Barbara Smith,,JUMBO,CONSTRUCTION,IN,30387,Wells Fargo Home Mortgage,378448.00,243535.07,4.919,1706.45,2022-09-01,2032-09-01,2028-08-06,2028-09-05,CURRENT,0,COMPLETE,SECOND
L002449,B2698,James Wilson,Barbara Davis,FIXED,HOME_EQUITY,TX,67084,Caliber Home Loans,743543.00,551203.06,5.92,4034.96,2010-02-03,2025-02-03,2013-10-23,2013-11-22,CURRENT,0,COMPLETE,SECOND
L001005,B2419,Thomas Moore,,USDA,HOME_EQUITY,GA,37962,Green Tree Servicing,578671.00,465166.39,5.944,3152.99,2017-01-02,2037-01-02,2024-12-04,2025-01-03,CURRENT,0,INCOMPLETE,SECOND
L000699,B8993,Patricia Thompson,,ARM,PURCHASE,MO,85448,JPMorgan Chase Bank,637905.00,516907.62,6.14,3590.34,2022-09-08,2052-09-08,2029-07-27,2029-08-26,CURRENT,0,,FIRST
L000479,B9074,Patricia Thomas,Michael Smith,ARM,CONSTRUCTION,UT,80035,PHH Mortgage,61214.00,67591.25,8.273,464.22,2019-07-06,2034-07-06,2024-12-20,2025-01-19,CURRENT,0,INCOMPLETE,SECOND
L007841,B1304,Lisa Wilson,,CONVENTIONAL,HOME_EQUITY,ME,37070,PHH Mortgage,483384.00,351718.25,5.336,2364.39,2017-04-15,2037-04-15,2017-12-16,2018-01-15,CURRENT,0,COMPLETE,SECOND
L008751,B1107,Jessica Taylor,Joseph Jackson,USDA,CASH_OUT_REFINANCE,SD,68850,Wells Fargo Home Mortgage,87839.00,70830.03,7.887,635.05,2018-07-26,2033-07-26,2024-05-25,2024-06-24,DELINQUENT,76,COMPLETE,SECOND
L007048,B3147,Jennifer Anderson,,USDA,HOME_EQUITY,IA,70104,PHH Mortgage,347689.00,0.00,4.828,1538.76,2016-09-23,2031-09-23,2025-03-16,2025-04-15,PAID_OFF,0,COMPLETE,FIRST
L002060,B1147,Charles Johnson,,VA,CONSTRUCTION,MS,32481,Green Tree Servicing,246998.00,0.00,5.74,1299.62,2020-03-09,2035-03-09,2021-05-26,2021-06-25,PAID_OFF,0,COMPLETE,SECOND
L000148,B7484,Barbara Martinez,Sarah Brown,FIXED,REFINANCE,MI,27614,US Bank,397596.00,18880.93,6.643,2421.13,2011-02-08,2041-02-08,2021-07-06,2021-08-05,CLOSED,0,INCOMPLETE,SECOND
L006836,B4104,Sarah Anderson,,JUMBO,REFINANCE,NE,32587,Green Tree Servicing,730020.00,573499.93,7.546,5049.67,2016-10-03,2036-10-03,2024-02-11,2024-03-12,CURRENT,0,COMPLETE,FIRST
L001125,B1855,Sarah Davis,,ARM,REFINANCE,NJ,56743,Citimortgage,604794.00,252014.08,7.61,4218.94,2011-01-22,2031-01-22,2014-08-07,2014-09-06,CURRENT,0,COMPLETE,FIRST
L008477,B4533,Jessica Lee,,FIXED,CONSTRUCTION,CT,42223,Bank of America,696757.00,370504.84,8.325,5317.13,2020-12-21,2040-12-21,2023-01-29,2023-02-28,CURRENT,0,MISSING,FIRST
L002352,B6859,William Martinez,,FIXED,CONSTRUCTION,TN,17503,PHH Mortgage,492384.00,347499.71,4.057,1831.14,2010-09-09,2020-09-09,2017-02-27,2017-03-29,CURRENT,0,MISSING,SECOND
L000850,B6847,Karen Anderson,,JUMBO,HOME_EQUITY,NM,12153,PHH Mortgage,150757.00,74243.64,4.78,660.57,2014-05-27,2029-05-27,2018-02-15,2018-03-17,CURRENT,0,INCOMPLETE,FIRST
L006702,B5299,Thomas Lee,Susan Anderson,VA,CASH_OUT_REFINANCE,MS,22729,Quicken Loans,304854.00,206155.23,3.873,1082.31,2014-05-04,2034-05-04,2022-02-18,2022-03-20,CURRENT,0,COMPLETE,FIRST
L004587,B1238,Joseph Smith,,JUMBO,PURCHASE,TN,43350,PHH Mortgage,161693.00,48751.68,6.975,1033.82,2015-01-08,2025-01-08,2025-10-20,2025-11-19,CURRENT,0,COMPLETE,FIRST
L004827,B7215,Lisa Martinez,,USDA,REFINANCE,MT,47299,US Bank,139390.00,59330.99,8.46,1080.97,2020-07-25,2040-07-25,2026-02-18,2026-03-20,CURRENT,0,INCOMPLETE,SECOND
L006947,B9014,William Taylor,,FIXED,CONSTRUCTION,DC,27290,Freedom Mortgage,186762.00,0.00,7.161,1225.95,2016-02-04,2026-02-04,2023-06-11,2023-07-11,CLOSED,0,MISSING,SECOND
L008797,B9486,Mary Jones,,CONVENTIONAL,HOME_EQUITY,MD,97334,US Bank,154995.00,0.00,6.788,964.43,2014-08-04,2029-08-04,2019-11-08,2019-12-08,PAID_OFF,0,COMPLETE,FIRST
L000379,B8911,Karen Johnson,,VA,CASH_OUT_REFINANCE,NY,56798,Flagstar Bank,185367.00,164172.56,3.54,601.52,2013-07-04,2043-07-04,2014-09-20,2014-10-20,UNKNOWN,197,COMPLETE,FIRST
L009553,B2459,Jennifer Martinez,,USDA,REFINANCE,CT,63888,Nationstar Mortgage,192988.00,78806.25,4.403,778.92,2015-09-16,2030-09-16,2021-04-20,2021-05-20,CURRENT,0,COMPLETE,FIRST
L006082,B7977,Richard Jones,,VA,CONSTRUCTION,MI,96380,Wells Fargo Home Mortgage,766759.00,376956.55,3.618,2542.96,2017-12-11,2047-12-11,2019-12-09,2020-01-08,CURRENT,0,COMPLETE,FIRST
L005982,B7137,Robert Davis,,ARM,HOME_EQUITY,MO,35445,SunTrust Mortgage,81198.00,27645.57,6.447,479.86,2013-03-17,2043-03-17,2019-05-25,2019-06-24,CURRENT,0,COMPLETE,FIRST
L002372,B9852,Michael Moore,David Thompson,VA,CONSTRUCTION,DE,32157,US Bank,53264.00,22301.23,3.684,179.87,2016-03-29,2046-03-29,2026-04-12,2026-05-12,DELINQUENT,80,COMPLETE,SECOND
L004246,B4979,James Jones,,ARM,PURCHASE,MI,86197,PNC Bank,291512.00,114039.02,7.091,1894.85,2011-05-18,2021-05-18,2014-09-14,2014-10-14,DELINQUENT,42,COMPLETE,SECOND
L008687,B1137,James Garcia,,ARM,REFINANCE,MO,22244,SunTrust Mortgage,715390.00,443889.08,4.695,3078.86,2013-12-03,2033-12-03,2023-10-21,2023-11-20,CURRENT,0,COMPLETE,FIRST
L008078,B7062,Karen Garcia,,CONVENTIONAL,PURCHASE,WI,12732,Citimortgage,643187.00,495304.07,5.321,3137.20,2016-08-27,2046-08-27,2022-05-30,2022-06-29,CURRENT,0,COMPLETE,FIRST
L005841,B5699,John Brown,,VA,PURCHASE,MO,43169,PNC Bank,791306.00,694078.53,6.642,4817.87,2018-09-14,2048-09-14,2025-11-30,2025-12-30,CURRENT,0,COMPLETE,FIRST
L003605,B1991,Karen Williams,,JUMBO,CONSTRUCTION,AR,22017,US Bank,165859.00,86056.57,5.447,828.15,2021-05-20,2041-05-20,2025-02-02,2025-03-04,DELINQUENT,70,COMPLETE,FIRST
L003478,B1753,Jennifer Smith,Linda Hernandez,VA,REFINANCE,AZ,38465,Nationstar Mortgage,80131.00,71019.33,8.048,591.15,2020-01-18,2050-01-18,2025-05-25,2025-06-24,CURRENT,0,COMPLETE,FIRST
L005801,B1480,Sarah Jones,,VA,HOME_EQUITY,TN,17279,Caliber Home Loans,205430.00,0.00,7.454,1403.67,2019-01-09,2034-01-09,2022-05-28,2022-06-27,PAID_OFF,0,COMPLETE,SECOND
L002590,B7346,Michael Moore,,ARM,CASH_OUT_REFINANCE,MN,24307,Citimortgage,634073.00,543432.04,5.411,3145.05,2015-08-07,2025-08-07,2019-12-16,2020-01-15,DELINQUENT,63,COMPLETE,FIRST
L006187,B7210,Linda Wilson,,USDA,PURCHASE,NM,28596,Caliber Home Loans,724554.00,245967.71,6.859,4555.57,2021-11-24,2041-11-24,2025-02-04,2025-03-06,CURRENT,0,MISSING,FIRST
L007660,B7712,Richard Johnson,,JUMBO,CASH_OUT_REFINANCE,FL,25830,US Bank,241372.00,160851.39,3.084,682.36,2020-10-21,2040-10-21,2029-12-07,2030-01-06,CURRENT,0,COMPLETE,FIRST
L009144,B8233,Linda Johnson,,ARM,CASH_OUT_REFINANCE,CT,10291,Citimortgage,92728.00,60689.67,3.009,255.77,2016-03-24,2046-03-24,2019-01-17,2019-02-16,DELINQUENT,65,COMPLETE,SECOND
L007707,B8877,Jennifer White,,FIXED,CASH_OUT_REFINANCE,OH,92234,Freedom Mortgage,89444.00,0.00,3.758,308.12,2022-01-08,2052-01-08,2022-02-20,2022-03-22,PAID_OFF,0,COMPLETE,SECOND
L001729,B7693,Linda Johnson,,USDA,PURCHASE,SD,42116,Caliber Home Loans,126846.00,63491.69,7.245,842.42,2018-10-15,2028-10-15,2028-02-09,2028-03-10,CURRENT,0,COMPLETE,FIRST
L004536,B4674,Richard Wilson,,JUMBO,PURCHASE,MT,53482,SunTrust Mortgage,592873.00,266271.16,3.108,1689.10,2013-04-30,2033-04-30,2013-08-17,2013-09-16,CURRENT,0,COMPLETE,FIRST
L009550,B7548,Sarah Thompson,Joseph Smith,CONVENTIONAL,HOME_EQUITY,MA,18982,Citimortgage,339017.00,165507.89,5.287,1643.02,2015-02-10,2035-02-10,2021-03-04,2021-04-03,CURRENT,0,COMPLETE,SECOND
L006549,B3737,Patricia Johnson,,JUMBO,HOME_EQUITY,HI,35367,Wells Fargo Home Mortgage,479051.00,0.00,6.838,3002.77,2015-06-05,2030-06-05,2024-03-13,2024-04-12,PAID_OFF,0,COMPLETE,FIRST
L003095,B3583,Richard Thomas,Susan White,FHA,HOME_EQUITY,AL,34902,Bank of America,576100.00,186349.30,5.251,2773.01,2017-01-11,2047-01-11,2017-11-30,2017-12-30,CURRENT,0,COMPLETE,SECOND
L009559,B4628,Mary Martinez,,FIXED,HOME_EQUITY,ID,64755,Wells Fargo Home Mortgage,170854.00,0.00,7.56,1184.02,2022-08-05,2052-08-05,2023-02-24,2023-03-26,PAID_OFF,0,COMPLETE,FIRST
L004008,B8846,David Martinez,,FIXED,PURCHASE,AL,80623,Caliber Home Loans,338634.00,175071.76,8.419,2613.38,2013-10-28,2028-10-28,2021-11-30,2021-12-30,CURRENT,0,COMPLETE,SECOND
L008798,B6562,Jessica White,,JUMBO,PURCHASE,VT,45643,Caliber Home Loans,176933.00,120390.90,5.082,824.24,2022-05-31,2052-05-31,2028-06-27,2028-07-27,DELINQUENT,40,INCOMPLETE,FIRST
L005319,B2374,Thomas Hernandez,Joseph Johnson,CONVENTIONAL,REFINANCE,MS,97733,PHH Mortgage,693171.00,531399.71,7.896,5017.17,2015-05-24,2030-05-24,2018-02-02,2018-03-04,CURRENT,0,COMPLETE,FIRST
L003282,B5671,Thomas Martinez,,USDA,REFINANCE,GA,86017,Bank of America,435234.00,228894.08,2.582,1030.13,2021-09-23,2036-09-23,2029-12-18,2030-01-17,CURRENT,0,MISSING,SECOND
L002854,B8560,Susan Miller,,VA,PURCHASE,RI,65704,Flagstar Bank,171503.00,105973.71,8.29,1303.28,2019-10-22,2039-10-22,2029-07-18,2029-08-17,CURRENT,0,INCOMPLETE,SECOND
L007111,B1113,Thomas Williams,,FIXED,PURCHASE,DC,92549,Wells Fargo Home Mortgage,177347.00,55143.04,6.54,1063.20,2011-12-05,2026-12-05,2017-06-01,2017-07-01,CURRENT,0,COMPLETE,FIRST
L002341,B5632,John Martinez,,CONVENTIONAL,HOME_EQUITY,AK,98759,Quicken Loans,252318.00,132182.29,3.757,868.96,2012-06-20,2032-06-20,2020-02-06,2020-03-07,CURRENT,0,COMPLETE,FIRST
L008610,B5195,Joseph Smith,,VA,CASH_OUT_REFINANCE,NM,95107,US Bank,219794.00,0.00,7.504,1511.89,2011-06-14,2041-06-14,2018-03-18,2018-04-17,PAID_OFF,0,INCOMPLETE,FIRST
L003408,B1302,Susan Thompson,,VA,HOME_EQUITY,HI,75893,Freedom Mortgage,273268.00,189937.67,4.433,1110.45,2011-01-13,2041-01-13,2014-02-25,2014-03-27,CURRENT,0,COMPLETE,SECOND
L002378,B1450,Mary Jackson,Patricia Thomas,FHA,CASH_OUT_REFINANCE,MS,68820,PHH Mortgage,484287.00,147533.09,3.085,1369.52,2022-01-29,2037-01-29,2032-01-07,2032-02-06,CURRENT,0,COMPLETE,SECOND
L007240,B8975,Mary Anderson,,FHA,HOME_EQUITY,UT,32734,Flagstar Bank,179304.00,85008.04,3.611,593.51,2014-11-02,2034-11-02,2015-11-30,2015-12-30,CURRENT,0,COMPLETE,FIRST
L005815,B2887,Mary Thomas,Michael Garcia,ARM,HOME_EQUITY,ID,37051,SunTrust Mortgage,477208.00,0.00,6.88,3009.59,2014-06-08,2044-06-08,2019-11-17,2019-12-17,PAID_OFF,0,COMPLETE,SECOND
L003721,B6948,Barbara Garcia,,ARM,CONSTRUCTION,CA,22780,Nationstar Mortgage,109687.00,53324.46,8.264,830.92,2020-05-28,2040-05-28,2028-12-03,2029-01-02,DELINQUENT,34,COMPLETE,FIRST
L006002,B8012,Karen Lee,,FIXED,REFINANCE,MN,66962,Freedom Mortgage,476963.00,182331.84,7.013,3066.20,2019-04-29,2029-04-29,2029-02-01,2029-03-03,CURRENT,0,COMPLETE,FIRST
L002737,B7428,Jennifer Jackson,,FIXED,CASH_OUT_REFINANCE,HI,30587,Green Tree Servicing,276569.00,77116.65,3.128,793.02,2014-11-20,2034-11-20,2016-12-25,2017-01-24,DELINQUENT,67,COMPLETE,FIRST
L000611,B6114,Richard Martinez,,FHA,CONSTRUCTION,TN,83530,US Bank,389452.00,132883.81,5.051,1803.20,2010-07-11,2030-07-11,2013-09-05,2013-10-05,N/A,0,COMPLETE,SECOND
L009058,B9999,Sarah Davis,,JUMBO,HOME_EQUITY,MT,72582,Freedom Mortgage,413069.00,218242.52,6.419,2430.53,2011-02-23,2021-02-23,2021-10-07,2021-11-06,CURRENT,0,COMPLETE,SECOND
L007702,B1985,Patricia Moore,,FHA,PURCHASE,OR,94404,JPMorgan Chase Bank,408863.00,336647.76,7.23,2709.74,2015-05-14,2025-05-14,2021-07-01,2021-07-31,CURRENT,0,COMPLETE,SECOND
L002771,B5425,Jessica Smith,,JUMBO,CASH_OUT_REFINANCE,IN,35694,Bank of America,490432.00,0.00,5.625,2528.79,2011-10-12,2026-10-12,2013-03-10,2013-04-09,PAID_OFF,0,MISSING,FIRST
L003434,B1246,Joseph Martinez,,ARM,CASH_OUT_REFINANCE,AK,72044,Wells Fargo Home Mortgage,79460.00,38991.05,3.352,244.15,2014-10-24,2034-10-24,2020-12-23,2021-01-22,CURRENT,0,COMPLETE,FIRST
L001536,B7142,Jennifer Thompson,,JUMBO,CONSTRUCTION,IA,47456,Green Tree Servicing,67590.00,27741.59,5.661,350.74,2011-07-10,2031-07-10,2019-08-29,2019-09-28,CURRENT,0,COMPLETE,FIRST
L000428,B4345,Barbara Williams,Karen Garcia,CONVENTIONAL,HOME_EQUITY,NH,74043,Wells Fargo Home Mortgage,459611.00,297521.56,0.0259,1214.22,2018-09-01,2033-09-01,2024-01-27,2024-02-26,CURRENT,0,COMPLETE,FIRST
L007258,B1732,Robert Garcia,,CONVENTIONAL,CONSTRUCTION,ND,31907,SunTrust Mortgage,706474.00,0.00,6.357,4116.80,2018-12-04,2038-12-04,2021-03-09,2021-04-08,PAID_OFF,0,COMPLETE,FIRST
L002933,B1652,Sarah Smith,,CONVENTIONAL,HOME_EQUITY,KS,44665,Caliber Home Loans,124287.00,36525.70,8.262,941.29,2020-03-25,2030-03-25,2029-08-24,2029-09-23,CURRENT,0,MISSING,SECOND
L005162,B9474,David Williams,,JUMBO,CASH_OUT_REFINANCE,FL,63153,Freedom Mortgage,669858.00,473324.06,3.263,2003.60,2019-10-04,2049-10-04,2028-01-07,2028-02-06,CURRENT,0,COMPLETE,FIRST
L007328,B9296,Thomas Johnson,,FHA,HOME_EQUITY,GA,39474,Citimortgage,376884.00,293592.43,3.682,1272.05,2013-01-13,2028-01-13,2016-11-05,2016-12-05,DELINQUENT,89,COMPLETE,SECOND
L004987,B7250,Susan Smith,,JUMBO,CONSTRUCTION,TN,37501,Nationstar Mortgage,446113.00,347143.14,5.538,2264.69,2018-06-23,2048-06-23,2027-01-18,2027-02-17,CURRENT,0,MISSING,SECOND
L007893,B7392,Jessica Martin,,VA,CASH_OUT_REFINANCE,IA,86475,Bank of America,209566.00,0.00,7.986,1534.13,2017-07-14,2027-07-14,2018-06-29,2018-07-29,CLOSED,0,COMPLETE,SECOND
L000407,B1032,Joseph Jackson,,FIXED,PURCHASE,DE,39431,Wells Fargo Home Mortgage,497861.00,-0.00,6.346,2896.14,2011-03-01,2031-03-01,2016-02-04,2016-03-05,PAID_OFF,0,COMPLETE,SECOND
L000568,B6861,Robert Taylor,,USDA,CASH_OUT_REFINANCE,AB,70225,PHH Mortgage,574957.00,0.00,7.635,4023.98,2021-04-15,2036-04-15,2025-04-12,2025-05-12,PAID_OFF,0,COMPLETE,FIRST
L002394,B5067,Karen Thompson,,JUMBO,CONSTRUCTION,DE,69995,Caliber Home Loans,337504.00,196277.21,7.639,2363.34,2017-11-12,2027-11-12,2024-04-04,2024-05-04,CURRENT,0,COMPLETE,SECOND
L001913,B3537,Patricia Miller,Sarah Johnson,CONVENTIONAL,CASH_OUT_REFINANCE,ME,47082,PNC Bank,210477.00,61304.94,5.445,1050.54,2020-10-29,2050-10-29,2024-12-13,2025-01-12,CURRENT,0,INCOMPLETE,SECOND
L008514,B4173,Jessica Anderson,,VA,PURCHASE,DC,54377,Caliber Home Loans,588689.00,0.00,7.996,4314.89,2017-07-15,2037-07-15,2026-07-23,2026-08-22,PAID_OFF,0,COMPLETE,FIRST
L004705,B2441,David Miller,,VA,CONSTRUCTION,OH,32557,SunTrust Mortgage,162892.00,122697.06,6.357,949.21,2010-10-02,2025-10-02,2018-04-13,2018-05-13,CURRENT,0,COMPLETE,FIRST
L000851,B2690,John Brown,,USDA,CONSTRUCTION,OH,27789,Quicken Loans,642612.00,355609.23,7.876,4639.44,2015-03-10,2045-03-10,2024-12-26,2025-01-25,CURRENT,0,MISSING,FIRST
L005063,B6430,Lisa Miller,,CONVENTIONAL,PURCHASE,NY,29713,Citimortgage,374501.00,300155.59,3.649,1252.67,2019-02-14,2049-02-14,2029-09-08,2029-10-08,CURRENT,0,COMPLETE,FIRST
L003212,B4461,Linda Jones,,JUMBO,CASH_OUT_REFINANCE,MA,74172,PHH Mortgage,300751.00,0.00,5.899,1626.29,2013-05-25,2028-05-25,2022-08-27,2022-09-26,CLOSED,0,COMPLETE,FIRST
L004961,B8666,Jessica Thomas,,ARM,CASH_OUT_REFINANCE,NV,29665,Nationstar Mortgage,727095.00,615145.43,4.023,2681.34,2015-09-21,2035-09-21,2017-09-28,2017-10-28,CURRENT,0,COMPLETE,FIRST
L007317,B6040,Joseph Martin,Thomas Martinez,FHA,CONSTRUCTION,TX,89612,Freedom Mortgage,426986.00,211508.50,3.378,1322.16,2017-12-11,2047-12-11,2021-07-31,2021-08-30,CURRENT,0,COMPLETE,FIRST
L000694,B3230,Jessica Jones,Jennifer Davis,JUMBO,REFINANCE,CA,94683,Caliber Home Loans,364565.00,0.00,2.502,836.13,2015-08-21,2035-08-21,2025-07-23,2018-02-21,PAID_OFF,0,COMPLETE,SECOND
L009644,B1725,Charles Hernandez,Thomas Johnson,JUMBO,CONSTRUCTION,NC,25714,Quicken Loans,131024.00,38909.79,3.776,453.52,2019-02-12,2049-02-12,2022-10-24,2022-11-23,CURRENT,0,COMPLETE,SECOND
L009075,B3760,Joseph Martinez,Charles Thomas,VA,REFINANCE,PA,88131,Citimortgage,55076.00,41953.26,4.078,205.88,2014-09-25,2029-09-25,2018-04-06,2018-05-06,CURRENT,0,COMPLETE,SECOND
L004494,B8770,Susan Martin,,FIXED,REFINANCE,UT,95805,Citimortgage,156116.00,74899.27,7.497,1072.87,2020-02-21,2040-02-21,2029-12-09,2030-01-08,DELINQUENT,59,COMPLETE,FIRST
L004879,B4019,Barbara Wilson,,JUMBO,CASH_OUT_REFINANCE,IA,73477,SunTrust Mortgage,275019.00,223967.81,8.468,2134.79,2021-05-13,2041-05-13,2025-01-18,2025-02-17,CURRENT,0,COMPLETE,FIRST
L008123,B9790,Charles Smith,Mary Taylor,FIXED,PURCHASE,NC,41531,PHH Mortgage,389368.00,276210.85,5.792,2067.28,2011-09-24,2026-09-24,2014-09-09,2014-10-09,CURRENT,0,COMPLETE,SECOND
L008205,B7208,Patricia Thompson,,FHA,CONSTRUCTION,GA,31463,SunTrust Mortgage,257474.00,0.00,6.81,1607.28,2016-06-29,2036-06-29,2019-01-13,2019-02-12,PAID_OFF,0,MISSING,SECOND
L003355,B2893,David Thompson,William Smith,JUMBO,HOME_EQUITY,OK,36503,JPMorgan Chase Bank,509830.00,215347.78,5.266,2461.03,2016-08-02,2036-08-02,2021-02-10,2021-03-12,CURRENT,0,MISSING,FIRST
L006791,B7598,Thomas Thompson,,JUMBO,CASH_OUT_REFINANCE,MD,90934,Quicken Loans,658913.00,495178.37,4.384,2647.95,2014-12-21,2029-12-21,2020-05-15,2020-06-14,DELINQUENT,74,COMPLETE,FIRST
L002696,B8080,John Miller,,VA,REFINANCE,IL,31409,Quicken Loans,224248.00,0.00,6.064,1246.52,2013-09-19,2028-09-19,2015-08-07,2015-09-06,PAID_OFF,0,COMPLETE,SECOND
L003475,B9553,Charles Lee,,JUMBO,CASH_OUT_REFINANCE,CA,31952,Freedom Mortgage,327942.00,258012.12,2.652,797.23,2022-12-18,2032-12-18,2025-02-21,2025-03-23,DEFAULT,220,COMPLETE,FIRST
L002906,B4516,Patricia Garcia,,FIXED,PURCHASE,GA,36681,Green Tree Servicing,561365.00,288581.21,5.409,2783.39,2012-12-21,2042-12-21,2021-04-30,2021-05-30,CURRENT,0,COMPLETE,FIRST
L005469,B9559,Patricia Brown,,ARM,REFINANCE,TX,54454,Freedom Mortgage,432017.00,380561.72,5.394,2136.11,2012-03-28,2027-03-28,2013-09-09,2013-10-09,DELINQUENT,30,COMPLETE,FIRST
L000732,B7535,Susan Moore,,FIXED,CONSTRUCTION,WA,59127,Flagstar Bank,189580.00,110611.21,6.84,1188.67,2014-08-14,2014-03-28,2017-02-17,2017-03-19,DELINQUENT,69,COMPLETE,SECOND
L009242,B2408,Susan Wilson,,JUMBO,REFINANCE,SC,17648,Flagstar Bank,775669.00,645252.33,8.405,5976.21,2015-06-13,2025-06-13,2024-10-23,2024-11-22,CURRENT,0,COMPLETE,FIRST
L008705,B4745,Jennifer Smith,Charles Brown,FIXED,HOME_EQUITY,LA,13049,Flagstar Bank,159704.00,94122.64,4.352,637.11,2010-08-10,2020-08-10,2014-02-04,2014-03-06,CURRENT,0,COMPLETE,SECOND
L005432,B5112,Robert Miller,,USDA,CONSTRUCTION,MA,69624,Quicken Loans,349241.00,258399.69,5.889,1885.29,2022-03-31,2032-03-31,2031-07-18,2031-08-17,DELINQUENT,37,INCOMPLETE,SECOND
L003468,B8172,Michael Martinez,,JUMBO,HOME_EQUITY,SD,54981,Citimortgage,280557.00,0.00,4.47,1149.58,2012-08-17,2022-08-17,2016-09-01,2016-10-01,PAID_OFF,0,COMPLETE,FIRST
L004010,B5615,William Thompson,,FHA,CASH_OUT_REFINANCE,VA,38105,Flagstar Bank,242978.00,92408.51,5.301,1180.69,2014-11-21,2024-11-21,2021-08-25,2021-09-24,CURRENT,0,COMPLETE,FIRST
L001137,B2726,Linda Taylor,William Martin,USDA,PURCHASE,NV,70906,PHH Mortgage,516925.00,438665.20,5.308,2515.18,2011-01-20,2031-01-20,2014-09-03,2014-10-03,CURRENT,0,COMPLETE,FIRST
L003109,B9345,Linda Anderson,,FIXED,PURCHASE,DE,62312,Freedom Mortgage,220926.00,72348.74,5.561,1126.19,2010-05-01,2020-05-01,2019-03-18,2019-04-17,CURRENT,0,INCOMPLETE,SECOND
L003101,B6069,Joseph Jones,Charles Martin,CONVENTIONAL,PURCHASE,PA,37326,Wells Fargo Home Mortgage,758772.00,487341.87,6.557,4560.66,2022-06-30,2042-06-30,2031-08-27,2031-09-26,CURRENT,0,COMPLETE,FIRST
L001753,B8999,Thomas Anderson,,JUMBO,REFINANCE,MD,56352,Caliber Home Loans,615797.00,435429.44,7.05,3979.59,2011-01-25,2041-01-25,2015-10-25,2015-11-24,CURRENT,0,COMPLETE,SECOND
L008697,B1787,Linda Hernandez,,FHA,CASH_OUT_REFINANCE,MD,37107,Citimortgage,245435.00,193790.16,5.357,1205.23,2018-10-13,2033-10-13,2027-01-16,2027-02-15,DELINQUENT,73,INCOMPLETE,FIRST
L009207,B2526,Michael Johnson,,FIXED,CONSTRUCTION,NC,58893,PNC Bank,153490.00,52042.09,4.265,600.08,2010-05-02,2040-05-02,2011-08-18,2011-09-17,CURRENT,0,COMPLETE,FIRST
L000831,B5023,Michael Garcia,,FIXED,CASH_OUT_REFINANCE,NE,50565,Nationstar Mortgage,,382028.49,2.624,1330.57,2012-11-29,2032-11-29,2014-11-21,2014-12-21,DELINQUENT,57,COMPLETE,FIRST
L007792,B2185,David Jones,,CONVENTIONAL,PURCHASE,GA,93752,PNC Bank,603536.00,192421.68,6.368,3523.04,2021-11-18,2036-11-18,2023-07-14,2023-08-13,CURRENT,0,COMPLETE,FIRST
L007643,B8023,Mary Martinez,,JUMBO,PURCHASE,SC,74297,Bank of America,679381.00,0.00,6.439,4009.99,2012-01-22,2042-01-22,2019-02-01,2019-03-03,PAID_OFF,0,COMPLETE,FIRST
L002345,B7835,James Jones,,FIXED,HOME_EQUITY,ID,59331,Freedom Mortgage,286800.00,115712.31,4.689,1232.74,2018-04-12,2028-04-12,2023-08-26,2023-09-25,DEFAULT,212,COMPLETE,FIRST
L000921,B5968,Linda Hernandez,,ARM,CONSTRUCTION,NY,48360,Flagstar Bank,348176.00,302713.13,7.607,2427.86,2021-10-09,2051-10-09,2026-03-07,2026-04-06,CURRENT,0,COMPLETE,SECOND
L004998,B2138,Susan Jackson,John Jackson,CONVENTIONAL,REFINANCE,KY,88660,Freedom Mortgage,527538.00,0.00,5.921,2863.26,2016-03-02,2026-03-02,2017-05-30,2017-06-29,PAID_OFF,0,COMPLETE,FIRST
L002034,B7575,Barbara Brown,,ARM,CONSTRUCTION,IL,68868,US Bank,203340.00,87914.74,3.136,584.53,2018-08-29,2038-08-29,2026-03-03,2026-04-02,CURRENT,0,INCOMPLETE,FIRST
L006624,B5034,Karen Davis,Robert Martinez,FHA,HOME_EQUITY,KS,15182,SunTrust Mortgage,568873.00,209520.73,8.317,4337.04,2018-01-25,2033-01-25,2019-12-28,2020-01-27,CURRENT,0,COMPLETE,FIRST
L000945,B1436,Thomas Johnson,,USDA,PURCHASE,NY,97843,PNC Bank,482613.00,418185.66,5.823,2576.07,2012-04-02,2042-04-02,2016-10-20,2016-11-19,CURRENT,0,COMPLETE,SECOND
L009712,B9020,Karen Jones,John Smith,FHA,REFINANCE,VT,45305,Flagstar Bank,445001.00,253142.19,4.873,1987.78,2019-12-25,2039-12-25,2027-06-03,2027-07-03,CURRENT,0,COMPLETE,FIRST
L000380,B9248,Susan Johnson,,USDA,CASH_OUT_REFINANCE,IA,29815,Green Tree Servicing,83522.00,30193.37,7.341,562.04,2017-07-29,2047-07-29,2018-12-07,2019-01-06,CURRENT,4,COMPLETE,FIRST
L004618,B3120,Charles Lee,William Moore,FIXED,CONSTRUCTION,ID,86499,Bank of America,175923.00,118604.55,4.159,670.69,2017-07-19,2037-07-19,2025-12-01,2025-12-31,DELINQUENT,65,COMPLETE,FIRST
L002410,B8437,Jennifer Hernandez,,USDA,REFINANCE,MI,46427,Green Tree Servicing,653408.00,559479.41,3.726,2231.72,2011-09-04,2041-09-04,2013-07-13,2013-08-12,CURRENT,0,COMPLETE,SECOND
L007430,B3559,Michael Johnson,Susan Wilson,FIXED,REFINANCE,NE,39447,Quicken Loans,743422.00,521188.59,6.949,4735.54,2018-07-19,2028-07-19,2027-08-17,2027-09-16,CURRENT,0,COMPLETE,FIRST
L005312,B2416,Barbara Garcia,David Wilson,JUMBO,CASH_OUT_REFINANCE,NE,30242,Nationstar Mortgage,539186.00,148522.83,6.55,3237.36,2014-11-07,2024-11-07,2018-02-10,2018-03-12,CURRENT,0,COMPLETE,SECOND
L006568,B9489,Jennifer Anderson,Mary Garcia,FHA,CONSTRUCTION,MI,66142,JPMorgan Chase Bank,677084.00,0.00,8.046,4993.83,2013-05-18,2043-05-18,2017-04-26,2017-05-26,PAID_OFF,0,COMPLETE,FIRST
L009380,B2768,Michael Smith,,VA,HOME_EQUITY,AK,66301,PNC Bank,369286.00,226285.83,8.224,2783.92,2016-01-03,2046-01-03,2016-09-23,2016-10-23,DEFAULT,273,INCOMPLETE,FIRST
L002431,B4215,Mary Taylor,,FIXED,CASH_OUT_REFINANCE,UT,47561,PHH Mortgage,493363.00,424736.99,8.222,3718.39,2020-05-27,2040-05-27,2029-04-15,2029-05-15,DELINQUENT,40,COMPLETE,SECOND
L005172,B7953,John Jackson,,FHA,CONSTRUCTION,IA,10644,JPMorgan Chase Bank,289364.00,88572.24,4.177,1107.95,2012-05-17,2032-05-17,2019-11-03,2019-12-03,CURRENT,0,COMPLETE,FIRST
L007352,B5520,Susan Martinez,,FIXED,CONSTRUCTION,NC,25749,Wells Fargo Home Mortgage,466016.00,195212.26,6.325,2701.92,2010-03-28,2030-03-28,2014-02-15,2014-03-17,CURRENT,0,COMPLETE,FIRST
L005832,B5033,James Jones,,CONVENTIONAL,PURCHASE,MT,53145,Quicken Loans,607894.00,273475.67,5.153,2871.44,2022-05-09,2052-05-09,2023-07-19,2023-08-18,CURRENT,0,COMPLETE,FIRST
L002636,B7126,James Brown,James White,VA,PURCHASE,TN,98982,Freedom Mortgage,142733.00,113601.58,4.828,631.69,2018-08-27,2028-08-27,2021-04-02,2021-05-02,DELINQUENT,60,COMPLETE,FIRST
L009704,B7045,Patricia Moore,,JUMBO,REFINANCE,NV,49324,US Bank,181225.00,121850.86,8.086,1343.27,2018-10-20,2038-10-20,2026-02-24,2026-03-26,DELINQUENT,31,MISSING,FIRST
L003189,B9224,Mary Garcia,,VA,HOME_EQUITY,CO,87171,Wells Fargo Home Mortgage,335207.00,247961.28,6.333,1945.96,2010-02-17,2020-02-17,2019-02-05,2019-03-07,CURRENT,0,COMPLETE,SECOND
L008275,B5404,Karen Smith,,ARM,CASH_OUT_REFINANCE,MS,93115,US Bank,795405.00,411914.35,4.376,3190.63,2019-09-19,2034-09-19,2019-11-09,2019-12-09,DELINQUENT,68,COMPLETE,FIRST
L007152,B6699,John Brown,,ARM,CONSTRUCTION,SD,68712,Green Tree Servicing,649962.00,183730.89,3.669,2185.98,2018-03-02,2033-03-02,2024-12-04,2025-01-03,DELINQUENT,87,COMPLETE,SECOND
L005208,B6982,John Thompson,,FIXED,CASH_OUT_REFINANCE,WY,29029,Caliber Home Loans,457457.00,0.00,7.239,3035.57,2022-01-14,2032-01-14,2028-10-19,2028-11-18,PAID_OFF,0,COMPLETE,SECOND
L006308,B6986,Patricia Thompson,,VA,CONSTRUCTION,TX,38163,Citimortgage,308287.00,241313.05,8.34,2356.85,2015-08-15,2030-08-15,2024-05-24,2024-06-23,CURRENT,0,INCOMPLETE,SECOND
L008471,B5603,Karen Thompson,,FIXED,REFINANCE,WA,77691,PHH Mortgage,441009.00,242957.23,8.114,3280.15,2010-07-13,2020-07-13,2018-01-17,2018-02-16,CURRENT,0,MISSING,FIRST
L004029,B1604,Susan Taylor,,JUMBO,CONSTRUCTION,NM,41736,JPMorgan Chase Bank,115483.00,0.00,5.988,633.89,2013-04-26,2028-04-26,2016-07-09,2016-08-08,PAID_OFF,0,COMPLETE,SECOND
L009621,B5691,Michael Taylor,,JUMBO,PURCHASE,NM,68917,PNC Bank,781099.00,541125.99,7.276,5209.67,2012-10-21,2042-10-21,2020-05-12,2020-06-11,CURRENT,0,COMPLETE,SECOND
L004291,B2129,Thomas Martinez,Jennifer Wilson,FIXED,CASH_OUT_REFINANCE,CO,57455,Freedom Mortgage,694225.00,0.00,8.084,5144.44,2022-11-10,2042-11-10,2031-02-03,2031-03-05,PAID_OFF,0,COMPLETE,SECOND
L004082,B5736,Thomas Hernandez,,VA,HOME_EQUITY,MT,87944,Freedom Mortgage,289985.00,109279.35,2.998,796.93,2010-06-17,2030-06-17,2017-07-31,2017-08-30,CURRENT,0,COMPLETE,FIRST
L003281,B6685,Karen Anderson,,VA,CASH_OUT_REFINANCE,WV,10104,Bank of America,443193.00,361964.45,4.422,1796.48,2015-02-04,2030-02-04,2016-04-21,2016-05-21,CURRENT,0,COMPLETE,SECOND
L003656,B7035,Michael Thomas,,CONVENTIONAL,HOME_EQUITY,MT,21306,JPMorgan Chase Bank,648226.00,217596.96,7.152,4249.77,2016-01-05,2026-01-05,2022-11-27,2022-12-27,DELINQUENT,88,COMPLETE,SECOND
L000426,B8559,Susan Jones,,FHA,CASH_OUT_REFINANCE,IN,11268,Freedom Mortgage,407207.00,269455.57,7.251,2706.60,2017-01-08,2032-01-08,2021-11-29,2021-12-29,N/A,105,COMPLETE,SECOND
L007355,B7283,Karen Miller,,ARM,HOME_EQUITY,RI,98202,JPMorgan Chase Bank,264976.00,207966.75,7.762,1885.35,2021-02-11,2031-02-11,2030-04-17,2030-05-17,CURRENT,0,COMPLETE,FIRST
L002857,B6910,James Miller,,JUMBO,CONSTRUCTION,TX,59854,Green Tree Servicing,568650.00,201172.53,4.07,2121.54,2016-12-08,2026-12-08,2027-08-27,2027-09-26,DEFAULT,328,COMPLETE,FIRST
L006837,B4423,William Martin,,CONVENTIONAL,CONSTRUCTION,WI,46869,Citimortgage,549044.00,279199.63,4.702,2366.47,2013-11-04,2043-11-04,2024-09-22,2024-10-22,CURRENT,0,INCOMPLETE,SECOND
L002867,B4028,David White,Linda Williams,JUMBO,CASH_OUT_REFINANCE,HI,91663,JPMorgan Chase Bank,598793.00,171345.54,4.844,2658.84,2022-09-08,2052-09-08,2024-08-03,2024-09-02,CURRENT,0,COMPLETE,SECOND
L002081,B6067,William Thompson,Jessica Garcia,USDA,CONSTRUCTION,WA,34164,Caliber Home Loans,270580.00,133634.51,5.608,1390.96,2021-05-04,2036-05-04,2031-04-11,2031-05-11,DELINQUENT,50,COMPLETE,SECOND
L002894,B4828,Joseph Smith,,FIXED,PURCHASE,LA,28946,Freedom Mortgage,546241.00,234498.76,6.161,3084.94,2013-08-02,2028-08-02,2015-12-07,2016-01-06,CURRENT,0,COMPLETE,SECOND
L008211,B5719,Patricia Martinez,Linda Jones,FIXED,PURCHASE,ID,86582,PNC Bank,731216.00,216726.53,7.292,4887.69,2014-02-07,2029-02-07,2017-01-12,2017-02-11,CURRENT,0,INCOMPLETE,SECOND
L006285,B9732,Patricia Lee,,FIXED,PURCHASE,CA,10600,Citimortgage,200881.00,124704.58,6.802,1252.53,2017-10-22,2032-10-22,2019-11-27,2019-12-27,CURRENT,0,MISSING,FIRST
L005124,B6134,John Thompson,Robert Miller,ARM,CONSTRUCTION,NJ,26812,JPMorgan Chase Bank,638840.00,509907.90,6.663,3901.88,2014-10-01,2024-10-01,2020-08-26,2020-09-25,DELINQUENT,45,COMPLETE,FIRST
L008170,B8761,Joseph Jackson,,VA,CASH_OUT_REFINANCE,WI,39990,Flagstar Bank,306725.00,145488.92,3.755,1055.77,2010-08-10,2040-08-10,2011-12-22,2012-01-21,CURRENT,0,COMPLETE,FIRST
L002029,B3831,David Taylor,Lisa Anderson,USDA,CONSTRUCTION,ND,14954,Bank of America,78855.00,60292.03,5.865,423.94,2020-09-17,2030-09-17,2030-07-26,2030-08-25,CURRENT,0,COMPLETE,FIRST
L006131,B4108,James Lee,,FHA,HOME_EQUITY,IN,64676,US Bank,341353.00,0.00,5.774,1806.72,2019-10-18,2029-10-18,2020-07-26,2020-08-25,PAID_OFF,0,COMPLETE,FIRST
L002124,B6184,Robert Martin,,USDA,CONSTRUCTION,WV,91129,Flagstar Bank,54657.00,38790.83,7.131,357.28,2015-02-27,2025-02-27,2017-11-21,2017-12-21,CURRENT,0,COMPLETE,SECOND
L000561,B8240,Karen Smith,,JUMBO,PURCHASE,NE,28426,SunTrust Mortgage,777851.00,424253.72,4.38,3123.07,2018-01-08,2048-01-08,2025-06-03,2022-02-26,CURRENT,0,COMPLETE,SECOND
L000110,B7600,John Moore,,ARM,CASH_OUT_REFINANCE,WY,18300,Citimortgage,590659.00,350672.98,0.0274,3789.52,2018-04-12,2048-04-12,2029-01-06,2029-02-05,CURRENT,0,INCOMPLETE,SECOND
L007931,B2056,Jessica Anderson,Susan Hernandez,ARM,PURCHASE,NH,51995,PHH Mortgage,203055.00,143834.85,8.174,1521.46,2014-10-28,2029-10-28,2016-01-26,2016-02-25,CURRENT,0,COMPLETE,SECOND
L007567,B8540,Thomas Miller,David Williams,VA,PURCHASE,AZ,73245,Green Tree Servicing,462073.00,381118.80,6.509,2757.00,2014-11-13,2029-11-13,2021-06-06,2021-07-06,DEFAULT,157,INCOMPLETE,FIRST
L001390,B1126,Robert Lee,Jennifer Lee,FHA,CASH_OUT_REFINANCE,HI,11726,Nationstar Mortgage,544626.00,416854.92,4.946,2469.24,2014-04-24,2024-04-24,2015-10-04,2015-11-03,CURRENT,0,COMPLETE,SECOND
L007605,B3628,John Anderson,,JUMBO,REFINANCE,MD,69959,Wells Fargo Home Mortgage,724452.00,457891.35,2.736,1816.93,2015-08-28,2025-08-28,2015-11-01,2015-12-01,CURRENT,0,COMPLETE,SECOND
L007186,B6901,David Jones,,FIXED,PURCHASE,OK,38132,Freedom Mortgage,193830.00,66695.77,3.915,695.61,2020-06-11,2035-06-11,2029-05-23,2029-06-22,CURRENT,0,COMPLETE,FIRST
L003130,B9904,Charles Brown,,FHA,HOME_EQUITY,AK,70463,Wells Fargo Home Mortgage,612726.00,0.00,5.697,3199.81,2018-08-24,2048-08-24,2024-07-08,2024-08-07,CLOSED,0,COMPLETE,SECOND
L002909,B1010,Jennifer Hernandez,,FHA,PURCHASE,UT,79133,SunTrust Mortgage,606770.00,280689.46,4.549,2530.18,2021-11-16,2036-11-16,2032-10-22,2032-11-21,DELINQUENT,87,MISSING,SECOND
L002744,B9322,Susan Smith,,VA,REFINANCE,VA,78991,Green Tree Servicing,268874.00,205292.54,3.696,910.95,2021-02-16,2031-02-16,2024-08-15,2024-09-14,DELINQUENT,86,COMPLETE,FIRST
L009899,B5968,Jennifer Wilson,,FIXED,HOME_EQUITY,ME,46652,JPMorgan Chase Bank,192481.00,72856.87,4.584,808.81,2010-09-22,2020-09-22,2012-01-25,2012-02-24,DELINQUENT,44,COMPLETE,FIRST
L000637,B7350,Jessica White,,CONVENTIONAL,CASH_OUT_REFINANCE,UT,74003,Flagstar Bank,184744.00,15152.89,4.41,746.83,2012-12-29,2042-12-29,2021-09-30,2021-10-30,CLOSED,0,COMPLETE,FIRST
L000495,B4609,Robert Wilson,,VA,PURCHASE,ME,94202,Quicken Loans,360759.00,222927.23,0.0528,2232.20,2022-05-21,2032-05-21,2024-05-20,2024-06-19,CURRENT,0,COMPLETE,FIRST
L009537,B5657,Jessica Wilson,Richard Anderson,VA,REFINANCE,OH,83190,Nationstar Mortgage,104928.00,72079.89,3.568,343.18,2014-01-19,2034-01-19,2015-04-10,2015-05-10,CURRENT,0,COMPLETE,SECOND
L006306,B9423,Joseph Martinez,,USDA,PURCHASE,DE,74912,Quicken Loans,267925.00,162368.32,5.652,1388.12,2014-11-19,2044-11-19,2015-12-19,2016-01-18,CURRENT,0,COMPLETE,FIRST
L008858,B4291,Joseph Thompson,,ARM,REFINANCE,GA,96287,PHH Mortgage,799455.00,287764.88,8.471,6207.83,2019-08-26,2049-08-26,2030-01-09,2030-02-08,CURRENT,0,COMPLETE,SECOND
L005568,B9277,Joseph Jackson,Thomas Davis,FIXED,CASH_OUT_REFINANCE,AZ,55731,Quicken Loans,533448.00,300265.85,7.99,3907.06,2011-05-18,2026-05-18,2014-11-26,2014-12-26,CURRENT,0,INCOMPLETE,SECOND
L004300,B4813,Joseph Lee,,ARM,PURCHASE,DC,64571,Wells Fargo Home Mortgage,260758.00,0.00,6.618,1581.89,2015-09-02,2025-09-02,2024-09-30,2024-10-30,CLOSED,0,INCOMPLETE,FIRST
L001873,B5282,Barbara Lee,,FHA,CONSTRUCTION,WI,43085,Flagstar Bank,240123.00,83371.96,3.21,706.56,2018-09-21,2033-09-21,2024-01-18,2024-02-17,CURRENT,0,COMPLETE,FIRST
L009910,B5286,John Garcia,,USDA,CONSTRUCTION,PA,54032,Wells Fargo Home Mortgage,130056.00,64604.42,6.416,764.90,2012-09-23,2022-09-23,2020-06-20,2020-07-20,CURRENT,0,COMPLETE,FIRST
L003812,B1108,Linda Thompson,Charles Lee,FIXED,CASH_OUT_REFINANCE,NJ,59259,Freedom Mortgage,175783.00,130288.81,5.626,906.54,2019-07-19,2029-07-19,2029-11-01,2029-12-01,CURRENT,0,COMPLETE,SECOND
L002317,B6961,William Jackson,Jessica Johnson,VA,REFINANCE,IA,60155,Green Tree Servicing,88928.00,37237.08,5.832,475.41,2022-08-26,2052-08-26,2024-01-28,2024-02-27,CURRENT,0,COMPLETE,FIRST
L001680,B3282,Barbara Thomas,,USDA,PURCHASE,TN,99181,Flagstar Bank,141981.00,81408.84,7.632,993.30,2010-01-10,2020-01-10,2017-08-25,2017-09-24,DELINQUENT,63,INCOMPLETE,SECOND
L009847,B3088,Robert Brown,,CONVENTIONAL,PURCHASE,HI,30585,US Bank,65299.00,49464.65,2.911,174.24,2013-06-16,2033-06-16,2023-02-14,2023-03-16,CURRENT,0,COMPLETE,SECOND
L009494,B3024,Richard Martin,James Davis,CONVENTIONAL,REFINANCE,WY,36264,Freedom Mortgage,551426.00,243188.63,7.626,3854.74,2021-01-27,2041-01-27,2028-03-06,2028-04-05,CURRENT,0,COMPLETE,SECOND
L008228,B3406,Jessica Thomas,Charles Garcia,JUMBO,HOME_EQUITY,CA,68050,Caliber Home Loans,141641.00,40915.57,8.285,1075.70,2010-07-21,2025-07-21,2011-02-22,2011-03-24,CURRENT,0,COMPLETE,FIRST
L009220,B4775,Sarah Anderson,,ARM,PURCHASE,GA,69952,PNC Bank,297635.00,96764.78,5.653,1542.32,2019-12-12,2049-12-12,2020-04-26,2020-05-26,CURRENT,0,COMPLETE,FIRST
L002955,B7835,Lisa Martin,,FIXED,CONSTRUCTION,NJ,20275,US Bank,287320.00,219945.78,6.67,1756.72,2012-04-02,2022-04-02,2015-10-21,2015-11-20,CURRENT,0,COMPLETE,FIRST
L001549,B6830,Charles Williams,,CONVENTIONAL,CASH_OUT_REFINANCE,SD,84541,Quicken Loans,719029.00,402691.12,4.913,3238.21,2018-07-19,2048-07-19,2029-05-02,2029-06-01,CURRENT,0,COMPLETE,FIRST
L003457,B5344,David Thompson,Michael White,FIXED,CONSTRUCTION,AR,64274,PNC Bank,170143.00,153924.79,7.628,1189.70,2017-12-05,2047-12-05,2023-02-08,2023-03-10,DELINQUENT,88,COMPLETE,FIRST
L007914,B4654,John Hernandez,,ARM,CASH_OUT_REFINANCE,NJ,57669,Freedom Mortgage,193970.00,0.00,3.483,619.30,2016-02-12,2031-02-12,2026-12-21,2027-01-20,PAID_OFF,0,COMPLETE,FIRST
L009045,B9406,Jennifer Williams,,FIXED,CASH_OUT_REFINANCE,SC,73459,SunTrust Mortgage,287584.00,107256.88,2.757,726.80,2018-07-25,2038-07-25,2018-10-23,2018-11-22,DEFAULT,268,COMPLETE,SECOND
L004599,B1802,Barbara Jackson,William Moore,USDA,CONSTRUCTION,UT,17955,Quicken Loans,713709.00,0.00,7.007,4584.21,2022-01-23,2032-01-23,2031-10-26,2031-11-25,PAID_OFF,0,COMPLETE,SECOND
L005765,B1155,Joseph Brown,,VA,REFINANCE,NV,89201,Nationstar Mortgage,736285.00,404125.02,6.986,4715.05,2013-07-16,2023-07-16,2017-11-16,2017-12-16,CURRENT,0,MISSING,SECOND
L004537,B1446,Michael Brown,,CONVENTIONAL,REFINANCE,IL,76100,Green Tree Servicing,169565.00,90195.66,4.298,668.06,2013-10-11,2043-10-11,2021-03-20,2021-04-19,DEFAULT,230,COMPLETE,SECOND
L002293,B8178,David Martinez,,VA,CONSTRUCTION,CA,26473,Green Tree Servicing,291292.00,217831.78,4.779,1276.08,2022-05-07,2042-05-07,2025-08-13,2025-09-12,CURRENT,0,COMPLETE,SECOND
L005230,B8656,Joseph Lee,,USDA,CONSTRUCTION,NH,54995,Nationstar Mortgage,765076.00,324560.57,3.774,2646.78,2015-03-17,2035-03-17,2016-08-31,2016-09-30,CURRENT,0,INCOMPLETE,SECOND
L001789,B9913,Barbara Thomas,,FIXED,REFINANCE,MO,59158,JPMorgan Chase Bank,168216.00,86777.05,6.74,1039.29,2014-10-21,2044-10-21,2024-11-19,2024-12-19,CURRENT,0,COMPLETE,FIRST
L001976,B6094,Barbara Johnson,,ARM,CONSTRUCTION,VA,73805,Green Tree Servicing,191154.00,153665.88,6.214,1088.85,2014-06-10,2044-06-10,2021-09-11,2021-10-11,DELINQUENT,60,COMPLETE,FIRST
L003396,B4995,Thomas Garcia,Joseph Moore,CONVENTIONAL,CASH_OUT_REFINANCE,WA,98783,US Bank,363958.00,168946.37,3.609,1204.06,2021-06-27,2031-06-27,2028-05-01,2028-05-31,CURRENT,0,COMPLETE,FIRST
L004292,B4835,Charles Anderson,Linda Martin,FHA,PURCHASE,OK,16451,Caliber Home Loans,377131.00,335596.43,6.395,2210.77,2017-01-24,2037-01-24,2024-03-19,2024-04-18,CURRENT,0,COMPLETE,FIRST
L009440,B4037,Charles Jackson,,JUMBO,HOME_EQUITY,VT,75333,US Bank,567824.00,0.00,5.259,2737.34,2012-08-13,2027-08-13,2019-09-06,2019-10-06,PAID_OFF,0,COMPLETE,SECOND
L001314,B3647,Robert Miller,,ARM,HOME_EQUITY,ND,95056,Freedom Mortgage,407572.00,0.00,4.886,1825.45,2020-05-05,2050-05-05,2021-02-22,2021-03-24,PAID_OFF,0,COMPLETE,FIRST
L000903,B7634,Joseph White,,USDA,HOME_EQUITY,OR,80026,Citimortgage,647092.00,0.00,3.402,2017.96,2011-08-20,2026-08-20,2012-07-12,2012-08-11,CLOSED,0,COMPLETE,SECOND
L007923,B6257,David White,Joseph Smith,FIXED,CONSTRUCTION,NH,97269,Citimortgage,132849.00,37976.75,6.861,835.52,2018-02-19,2028-02-19,2026-02-04,2026-03-06,CURRENT,0,COMPLETE,FIRST
L006367,B7470,Barbara Martinez,Jennifer Garcia,CONVENTIONAL,PURCHASE,NM,99147,Wells Fargo Home Mortgage,245365.00,126338.52,4.745,1067.24,2010-08-28,2030-08-28,2011-06-14,2011-07-14,CURRENT,0,COMPLETE,FIRST
L002500,B9864,Michael Moore,,JUMBO,HOME_EQUITY,NC,61342,Nationstar Mortgage,592193.00,334802.32,4.366,2370.06,2020-07-09,2050-07-09,2030-02-16,2030-03-18,CURRENT,0,COMPLETE,SECOND
L006922,B8216,Sarah Johnson,,VA,PURCHASE,MI,79671,PNC Bank,798980.00,543374.30,2.62,1918.88,2019-02-01,2039-02-01,2026-06-13,2026-07-13,CURRENT,0,COMPLETE,SECOND
L005673,B4643,Michael Thompson,,VA,CASH_OUT_REFINANCE,NV,66914,Nationstar Mortgage,260159.00,99202.38,5.376,1282.06,2013-02-24,2033-02-24,2014-02-20,2014-03-22,CURRENT,0,MISSING,FIRST
L006439,B8149,Jessica Martin,William Martinez,FIXED,CASH_OUT_REFINANCE,DE,97325,US Bank,206793.00,155903.72,4.827,915.01,2010-11-21,2040-11-21,2020-11-25,2020-12-25,CURRENT,0,MISSING,SECOND
L007956,B1540,Karen Thompson,,FIXED,CONSTRUCTION,TN,21485,Bank of America,371881.00,0.00,4.089,1393.90,2018-03-21,2038-03-21,2023-05-06,2023-06-05,PAID_OFF,0,COMPLETE,SECOND
L003908,B3636,David White,,FIXED,PURCHASE,PA,89447,Bank of America,194037.00,126097.87,5.577,991.97,2021-05-26,2036-05-26,2023-02-25,2023-03-27,CURRENT,0,COMPLETE,FIRST
L009814,B7170,Richard Brown,,CONVENTIONAL,CONSTRUCTION,AZ,32352,Freedom Mortgage,539342.00,444783.36,2.846,1407.05,2016-04-02,2036-04-02,2018-11-15,2018-12-15,CURRENT,0,MISSING,FIRST
L002647,B5688,Patricia Thomas,,ARM,REFINANCE,WI,57787,Citimortgage,616921.00,489940.75,3.559,2012.65,2012-11-10,2032-11-10,2017-01-02,2017-02-01,CURRENT,0,COMPLETE,FIRST
L000785,B7092,Robert Anderson,,FIXED,CONSTRUCTION,QQ,37991,Quicken Loans,112908.00,73832.02,5.561,575.56,2010-04-10,2020-04-10,2016-03-27,2016-04-26,DELINQUENT,81,COMPLETE,SECOND
L005639,B2161,James White,,ARM,CASH_OUT_REFINANCE,OK,79330,Citimortgage,247769.00,197511.21,3.254,739.05,2016-02-13,2036-02-13,2021-08-22,2021-09-21,CURRENT,0,COMPLETE,SECOND
L008512,B3149,Thomas Garcia,,JUMBO,CASH_OUT_REFINANCE,DE,31686,PNC Bank,253463.00,0.00,5.791,1345.49,2022-01-02,2042-01-02,2023-05-29,2023-06-28,CLOSED,0,INCOMPLETE,FIRST
L002326,B2194,Jessica Martin,Lisa Smith,ARM,CASH_OUT_REFINANCE,WI,40134,Caliber Home Loans,261030.00,0.00,5.002,1196.87,2017-10-10,2047-10-10,2019-08-14,2019-09-13,CLOSED,0,INCOMPLETE,SECOND
L002186,B2109,Jessica Johnson,Barbara Taylor,JUMBO,REFINANCE,MA,41594,Green Tree Servicing,661207.00,451823.41,3.84,2327.45,2019-09-25,2039-09-25,2027-09-10,2027-10-10,CURRENT,0,COMPLETE,FIRST
L007405,B7872,William Wilson,,FIXED,CONSTRUCTION,VT,28060,Freedom Mortgage,261571.00,68563.32,6.532,1566.20,2018-12-11,2028-12-11,2026-01-02,2026-02-01,CURRENT,0,MISSING,FIRST
L004519,B2912,James Hernandez,,JUMBO,HOME_EQUITY,OH,76239,Citimortgage,269818.00,99952.96,5.585,1381.36,2021-02-04,2036-02-04,2022-06-13,2022-07-13,CURRENT,0,COMPLETE,SECOND
L008482,B5297,Patricia Miller,,CONVENTIONAL,PURCHASE,WY,27245,Quicken Loans,241625.00,107787.60,4.294,951.08,2017-06-03,2047-06-03,2021-01-12,2021-02-11,DELINQUENT,58,COMPLETE,FIRST
L002059,B4133,Lisa Johnson,,USDA,CASH_OUT_REFINANCE,NY,98617,Green Tree Servicing,505194.00,0.00,5.388,2495.15,2011-02-03,2021-02-03,2020-04-14,2020-05-14,PAID_OFF,0,INCOMPLETE,FIRST
L004410,B8935,James Lee,,CONVENTIONAL,REFINANCE,KS,26925,SunTrust Mortgage,729781.00,293050.97,5.72,3826.49,2019-11-05,2034-11-05,2026-09-19,2026-10-19,CURRENT,0,COMPLETE,SECOND
L000941,B8853,John Hernandez,,USDA,PURCHASE,WA,64046,Quicken Loans,292018.00,97804.18,5.845,1564.61,2016-03-26,2026-03-26,2018-03-07,2018-04-06,CURRENT,0,COMPLETE,FIRST
L005855,B9871,Susan Garcia,,FIXED,CASH_OUT_REFINANCE,CT,30598,Bank of America,429597.00,229577.72,4.518,1779.18,2022-08-22,2042-08-22,2031-03-28,2031-04-27,CURRENT,0,INCOMPLETE,FIRST
L000402,B8077,William Anderson,Lisa Anderson,CONVENTIONAL,REFINANCE,NH,94730,Wells Fargo Home Mortgage,271092.00,197625.07,6.163,1531.51,2017-02-20,2037-02-20,2024-05-05,2024-06-04,CURRENT,1,COMPLETE,SECOND
L005564,B9353,Thomas Brown,Mary Jackson,FHA,PURCHASE,ID,91591,JPMorgan Chase Bank,627830.00,504106.74,5.802,3339.11,2020-03-29,2040-03-29,2026-12-28,2027-01-27,CURRENT,0,COMPLETE,SECOND
L006293,B8568,Sarah Miller,Patricia Miller,ARM,REFINANCE,OH,56851,Freedom Mortgage,397442.00,286658.73,8.092,2948.09,2013-10-06,2023-10-06,2021-04-30,2021-05-30,DEFAULT,203,COMPLETE,SECOND
L009886,B8065,William Brown,Richard Anderson,USDA,HOME_EQUITY,FL,13420,Citimortgage,77771.00,68462.36,3.991,284.52,2020-06-10,2030-06-10,2025-09-29,2025-10-29,CURRENT,0,COMPLETE,SECOND
L001998,B3297,Charles Anderson,Jessica Davis,USDA,CASH_OUT_REFINANCE,ID,65112,Freedom Mortgage,84569.00,36269.18,4.67,362.03,2016-04-03,2036-04-03,2023-01-28,2023-02-27,CURRENT,0,COMPLETE,FIRST
L003278,B7195,Sarah Jackson,Barbara Thompson,ARM,CONSTRUCTION,RI,34285,PNC Bank,791856.00,0.00,4.953,3595.22,2016-06-29,2026-06-29,2024-03-29,2024-04-28,PAID_OFF,0,MISSING,SECOND
L007511,B2962,Jessica White,,ARM,HOME_EQUITY,CT,89586,Bank of America,542612.00,408253.45,3.902,1940.83,2010-09-09,2040-09-09,2013-03-01,2013-03-31,CURRENT,0,COMPLETE,SECOND
L000614,B1965,James Wilson,,FIXED,HOME_EQUITY,OR,74058,Nationstar Mortgage,567386.00,20339.74,4.012,2086.66,2016-12-26,2036-12-26,2026-06-04,2026-07-04,CLOSED,0,COMPLETE,SECOND
L008677,B1289,William Jones,,FHA,CONSTRUCTION,MT,69825,Nationstar Mortgage,682304.00,535391.83,2.701,1689.33,2021-10-15,2031-10-15,2024-12-12,2025-01-11,CURRENT,0,MISSING,FIRST
L004975,B7616,Sarah Wilson,Patricia Jones,USDA,CONSTRUCTION,CT,93908,Citimortgage,779191.00,611868.68,4.589,3277.73,2012-03-15,2032-03-15,2013-10-12,2013-11-11,CURRENT,0,COMPLETE,SECOND
L007839,B7734,James Wilson,Mary Moore,ARM,HOME_EQUITY,IN,41629,Caliber Home Loans,263937.00,211974.77,4.355,1053.66,2022-02-19,2042-02-19,2028-04-03,2028-05-03,CURRENT,0,COMPLETE,SECOND
L001182,B5807,Patricia Martin,,USDA,CONSTRUCTION,AL,49496,Bank of America,546296.00,233593.31,5.302,2655.09,2011-10-22,2026-10-22,2018-05-16,2018-06-15,CURRENT,0,COMPLETE,FIRST
L000684,B7868,Patricia Garcia,Michael Martinez,JUMBO,CASH_OUT_REFINANCE,MS,44757,SunTrust Mortgage,230795.00,230653.17,3.548,750.62,2021-08-19,2036-08-19,2030-01-13,2030-02-12,PAID_OFF,0,INCOMPLETE,SECOND
L002541,B3771,James White,Sarah Taylor,CONVENTIONAL,CONSTRUCTION,AL,55029,JPMorgan Chase Bank,52297.00,46690.32,3.07,147.17,2017-10-22,2027-10-22,2024-08-13,2024-09-12,CURRENT,0,COMPLETE,FIRST
L006016,B4505,David Martin,Linda Martinez,JUMBO,REFINANCE,FL,69135,Citimortgage,73083.00,39625.88,4.977,333.42,2022-10-08,2042-10-08,2028-12-17,2029-01-16,CURRENT,0,COMPLETE,SECOND
L008104,B9021,Karen Jackson,,VA,PURCHASE,MT,49522,Freedom Mortgage,593519.00,354388.43,4.303,2341.09,2022-09-16,2052-09-16,2029-01-03,2029-02-02,CURRENT,0,COMPLETE,FIRST
L001470,B5369,Charles Jackson,,FHA,HOME_EQUITY,WY,43180,Flagstar Bank,595812.00,420091.60,7.567,4132.80,2012-05-19,2042-05-19,2014-08-03,2014-09-02,CURRENT,0,COMPLETE,SECOND
L002623,B4158,Charles Johnson,Sarah Martinez,CONVENTIONAL,CONSTRUCTION,ID,59486,PHH Mortgage,61991.00,36599.55,6.409,364.19,2011-09-09,2041-09-09,2012-08-31,2012-09-30,DELINQUENT,40,COMPLETE,SECOND
L008560,B7958,James Smith,Jennifer Garcia,FHA,HOME_EQUITY,DC,21742,Citimortgage,502110.00,0.00,5.56,2559.09,2020-06-22,2050-06-22,2023-01-13,2023-02-12,PAID_OFF,0,COMPLETE,FIRST
L000175,B9260,Jennifer Thompson,Robert Brown,JUMBO,HOME_EQUITY,NM,89450,PNC Bank,191176.00,222310.46,8.283,1451.55,2010-02-05,2020-02-05,2016-05-20,2016-06-19,PAID_OFF,0,MISSING,SECOND
L002976,B2733,Joseph Taylor,,ARM,PURCHASE,ND,23440,Nationstar Mortgage,690000.00,234340.55,5.706,3609.05,2012-11-19,2022-11-19,2017-08-07,2017-09-06,CURRENT,0,MISSING,FIRST
L004824,B1655,Jennifer Johnson,,JUMBO,PURCHASE,NM,14921,Bank of America,147004.00,111857.78,5.759,776.05,2014-04-10,2044-04-10,2017-02-08,2017-03-10,CURRENT,0,INCOMPLETE,FIRST
L009552,B4379,Susan Williams,Charles Wilson,JUMBO,CONSTRUCTION,ME,89427,Nationstar Mortgage,453485.00,303850.50,3.501,1455.35,2021-10-21,2036-10-21,2031-11-05,2031-12-05,CURRENT,0,COMPLETE,SECOND
L007937,B6305,Mary Williams,Jessica White,VA,CONSTRUCTION,HI,67678,Quicken Loans,680039.00,0.00,2.951,1839.56,2018-02-04,2038-02-04,2025-07-28,2025-08-27,CLOSED,0,COMPLETE,SECOND
L002429,B7024,Robert Williams,,FHA,REFINANCE,NV,82513,Citimortgage,430202.00,344470.77,5.239,2066.01,2012-04-20,2042-04-20,2022-09-17,2022-10-17,CURRENT,0,COMPLETE,FIRST
L007904,B5302,Patricia Moore,Linda Davis,CONVENTIONAL,HOME_EQUITY,DE,14536,Caliber Home Loans,273158.00,81268.38,5.92,1482.34,2018-02-13,2048-02-13,2019-05-21,2019-06-20,DELINQUENT,32,COMPLETE,SECOND
L007005,B1081,Patricia Moore,Barbara Smith,CONVENTIONAL,CASH_OUT_REFINANCE,OR,75386,Bank of America,235481.00,93738.07,3.637,785.07,2012-11-10,2032-11-10,2022-04-26,2022-05-26,CURRENT,0,INCOMPLETE,FIRST
L000645,B7922,David Martinez,,USDA,REFINANCE,DC,16400,PNC Bank,470205.00,523422.16,2.634,1135.31,2015-10-06,2025-10-06,2025-03-24,2025-04-23,PAID_OFF,0,COMPLETE,SECOND
L008408,B3148,Patricia Martin,,CONVENTIONAL,CASH_OUT_REFINANCE,VT,60297,PNC Bank,526070.00,383243.70,7.701,3713.66,2012-12-30,2032-12-30,2017-09-17,2017-10-17,DELINQUENT,58,COMPLETE,SECOND
L002214,B8001,Linda Anderson,Richard Wilson,FHA,HOME_EQUITY,TN,77520,Quicken Loans,255833.00,117498.32,4.902,1149.59,2021-09-26,2031-09-26,2026-12-22,2027-01-21,CURRENT,0,COMPLETE,FIRST
L009753,B5416,John Thomas,,VA,CASH_OUT_REFINANCE,IL,28773,Freedom Mortgage,308161.00,173799.36,5.046,1425.40,2016-02-28,2031-02-28,2026-06-10,2026-07-10,CURRENT,0,MISSING,SECOND
L003201,B9867,Linda Wilson,Susan Johnson,USDA,CASH_OUT_REFINANCE,ND,23679,Caliber Home Loans,466284.00,223531.57,5.428,2320.07,2012-07-04,2042-07-04,2021-01-18,2021-02-17,DEFAULT,283,COMPLETE,FIRST
L004116,B6443,Sarah Garcia,Charles Miller,CONVENTIONAL,CASH_OUT_REFINANCE,AL,22041,Nationstar Mortgage,361212.00,192032.51,7.745,2564.45,2016-06-24,2026-06-24,2022-10-29,2022-11-28,CURRENT,0,COMPLETE,FIRST
L008958,B1761,John Thomas,,VA,CONSTRUCTION,CO,76314,Flagstar Bank,628537.00,0.00,3.035,1748.64,2015-10-11,2025-10-11,2020-05-30,2020-06-29,CLOSED,0,INCOMPLETE,SECOND
L002651,B1471,Lisa Thomas,,ARM,CASH_OUT_REFINANCE,KY,14317,Bank of America,613987.00,498226.78,6.071,3416.89,2013-08-03,2028-08-03,2020-01-08,2020-02-07,DELINQUENT,68,INCOMPLETE,FIRST
L009805,B6755,Sarah Martinez,Michael Lee,FHA,REFINANCE,KY,46233,SunTrust Mortgage,358785.00,275422.75,5.422,1783.22,2020-06-25,2030-06-25,2031-03-21,2031-04-20,CURRENT,0,COMPLETE,SECOND
L004402,B4669,David Anderson,Jessica Anderson,JUMBO,PURCHASE,VT,28023,Caliber Home Loans,192356.00,79277.54,3.473,612.38,2013-07-30,2028-07-30,2017-08-21,2017-09-20,DELINQUENT,88,COMPLETE,SECOND
L009884,B9775,Sarah Jones,,ARM,PURCHASE,IL,66542,JPMorgan Chase Bank,678335.00,276503.65,4.478,2784.45,2013-02-28,2043-02-28,2021-09-19,2021-10-19,CURRENT,0,COMPLETE,FIRST
L000246,B2823,Karen Jackson,,FHA,PURCHASE,OH,59362,SunTrust Mortgage,369939.00,156575.85,5.2,1763.38,,2030-07-06,2012-12-08,2013-01-07,DELINQUENT,46,COMPLETE,FIRST
L004358,B6403,Sarah Hernandez,,FIXED,CONSTRUCTION,SD,45359,US Bank,342695.00,137603.09,5.022,1577.60,2010-05-07,2040-05-07,2016-12-11,2017-01-10,CURRENT,0,INCOMPLETE,FIRST
L004167,B3371,Mary Hernandez,,ARM,CONSTRUCTION,ID,75031,Bank of America,167663.00,89169.59,6.536,1004.52,2021-01-21,2041-01-21,2026-06-07,2026-07-07,CURRENT,0,COMPLETE,SECOND
L009583,B1039,Richard Brown,,FIXED,REFINANCE,MI,54293,Flagstar Bank,547807.00,222032.66,3.211,1612.42,2021-07-27,2031-07-27,2025-07-22,2025-08-21,CURRENT,0,INCOMPLETE,FIRST
L001773,B8834,David Williams,Linda Jones,VA,CASH_OUT_REFINANCE,NM,63298,Wells Fargo Home Mortgage,649443.00,499406.47,4.402,2620.61,2022-09-29,2032-09-29,2030-10-04,2030-11-03,CURRENT,0,COMPLETE,FIRST
L005802,B4485,Thomas Taylor,Michael Moore,USDA,CONSTRUCTION,IA,11382,Quicken Loans,61693.00,28772.79,3.347,189.28,2014-11-04,2029-11-04,2015-08-26,2015-09-25,DELINQUENT,42,COMPLETE,SECOND
L001332,B5251,Karen Lee,,CONVENTIONAL,CONSTRUCTION,ND,37542,Freedom Mortgage,124030.00,47362.62,6.263,712.07,2019-12-26,2049-12-26,2025-08-19,2025-09-18,CURRENT,0,COMPLETE,FIRST
L002531,B4558,James Martinez,Linda Jones,JUMBO,CASH_OUT_REFINANCE,NH,78928,Nationstar Mortgage,110043.00,63705.10,3.287,331.57,2014-10-07,2024-10-07,2016-05-03,2016-06-02,CURRENT,0,INCOMPLETE,FIRST
L003455,B5367,John Miller,,FHA,CASH_OUT_REFINANCE,OH,15005,Caliber Home Loans,656292.00,603626.79,2.777,1670.65,2022-11-09,2042-11-09,2030-04-20,2030-05-20,CURRENT,0,INCOMPLETE,FIRST
L000060,B1637,Jennifer Thomas,,ARM,CASH_OUT_REFINANCE,99,87820,PNC Bank,193693.00,106855.43,6.782,1204.16,2020-08-16,2050-08-16,2022-05-18,2022-06-17,DELINQUENT,50,MISSING,SECOND
L006272,B1746,Richard Williams,,USDA,PURCHASE,MD,30698,Bank of America,176981.00,102301.12,5.149,835.34,2021-07-08,2036-07-08,2027-01-16,2027-02-15,CURRENT,0,COMPLETE,SECOND
L001069,B6712,Barbara Wilson,,FIXED,CASH_OUT_REFINANCE,ME,90214,JPMorgan Chase Bank,345376.00,0.00,4.984,1577.91,2019-10-01,2034-10-01,2023-03-06,2023-04-05,CLOSED,0,COMPLETE,SECOND
L002063,B3615,Lisa Miller,,FHA,REFINANCE,NY,77566,Wells Fargo Home Mortgage,114265.00,57625.16,3.347,350.57,2016-05-08,2036-05-08,2018-07-23,2018-08-22,DEFAULT,97,COMPLETE,SECOND
L002263,B3833,Robert Thomas,,USDA,HOME_EQUITY,NY,59685,Green Tree Servicing,290812.00,165497.40,8.217,2190.47,2017-06-14,2027-06-14,2018-07-06,2018-08-05,DELINQUENT,57,COMPLETE,SECOND
L002846,B8034,Linda Thomas,,FHA,CONSTRUCTION,TX,44034,Freedom Mortgage,61374.00,36439.36,4.412,248.22,2015-05-29,2030-05-29,2020-07-25,2020-08-24,DELINQUENT,83,INCOMPLETE,FIRST
L002683,B8710,Linda Johnson,,CONVENTIONAL,PURCHASE,MS,39581,SunTrust Mortgage,211234.00,159961.31,7.763,1503.16,2015-10-03,2025-10-03,2025-10-31,2025-11-30,CURRENT,0,INCOMPLETE,FIRST
L001412,B4250,Thomas Martinez,,VA,CONSTRUCTION,MO,38923,Freedom Mortgage,767179.00,641986.07,5.418,3810.19,2022-02-03,2042-02-03,2028-09-28,2028-10-28,CURRENT,0,INCOMPLETE,FIRST
L005393,B4568,Linda Jackson,John Jackson,USDA,HOME_EQUITY,IA,48379,US Bank,336810.00,280403.69,6.471,1997.87,2012-10-01,2042-10-01,2017-04-20,2017-05-20,CURRENT,0,COMPLETE,FIRST
L004376,B4760,Susan Jackson,,CONVENTIONAL,CONSTRUCTION,PA,20156,US Bank,64191.00,36318.84,2.95,173.58,2021-05-16,2041-05-16,2027-10-17,2027-11-16,CURRENT,0,COMPLETE,SECOND
L000635,B6458,Robert Miller,,VA,CASH_OUT_REFINANCE,NJ,20534,Bank of America,106413.00,58178.13,0.0786,811.77,2016-12-08,2031-12-08,2026-01-02,2026-02-01,CURRENT,0,COMPLETE,FIRST
L007420,B9777,Susan Jackson,,FIXED,CASH_OUT_REFINANCE,WA,34034,US Bank,239821.00,152177.48,4.646,1021.36,2013-12-19,2033-12-19,2015-01-05,2015-02-04,CURRENT,0,MISSING,SECOND
L000178,B7839,Richard Jones,Mary Miller,VA,REFINANCE,ND,47567,Flagstar Bank,756995.00,0.00,6.987,4848.36,2021-12-22,2041-12-22,2031-11-24,2031-12-24,PAID_OFF,0,,SECOND
L001474,B8069,Mary Anderson,,FIXED,HOME_EQUITY,AR,80759,Bank of America,302181.00,215832.40,2.621,726.02,2015-04-09,2035-04-09,2026-01-01,2026-01-31,CURRENT,0,COMPLETE,FIRST
L009793,B1639,Susan Anderson,,VA,CASH_OUT_REFINANCE,FL,57869,JPMorgan Chase Bank,506136.00,182820.86,5.947,2759.16,2019-08-28,2029-08-28,2023-06-09,2023-07-09,CURRENT,0,MISSING,SECOND
L000962,B3505,Jessica Wilson,,FHA,PURCHASE,WI,75867,SunTrust Mortgage,638076.00,0.00,4.528,2648.44,2018-08-28,2033-08-28,2020-07-12,2020-08-11,CLOSED,0,COMPLETE,FIRST
L002014,B5595,David Thompson,Barbara Hernandez,VA,PURCHASE,LA,16397,Caliber Home Loans,787929.00,553014.23,6.707,4844.25,2021-01-16,2051-01-16,2026-07-15,2026-08-14,CURRENT,0,COMPLETE,FIRST
L009384,B7967,John Anderson,,FIXED,CONSTRUCTION,WY,70460,Green Tree Servicing,643350.00,496857.49,5.51,3249.45,2017-01-11,2032-01-11,2024-05-20,2024-06-19,CURRENT,0,COMPLETE,FIRST
L001986,B3200,Jennifer Miller,,USDA,PURCHASE,VA,28340,Nationstar Mortgage,490201.00,0.00,7.697,3458.65,2020-12-02,2050-12-02,2030-09-27,2030-10-27,CLOSED,0,COMPLETE,FIRST
L004812,B1494,Thomas Martin,,FIXED,PURCHASE,VT,14639,SunTrust Mortgage,498698.00,254694.06,5.125,2342.84,2018-02-04,2048-02-04,2025-07-23,2025-08-22,CURRENT,0,COMPLETE,SECOND
L009277,B3204,Karen Thompson,,USDA,HOME_EQUITY,OR,34537,Freedom Mortgage,113761.00,50055.46,8.296,865.11,2013-12-04,2033-12-04,2018-04-22,2018-05-22,DELINQUENT,38,COMPLETE,FIRST
L002997,B3030,Lisa Martinez,,ARM,HOME_EQUITY,DC,33285,JPMorgan Chase Bank,587474.00,0.00,5.934,3195.56,2020-10-26,2050-10-26,2022-09-21,2022-10-21,PAID_OFF,0,INCOMPLETE,FIRST
L009875,B2726,David White,Lisa Martinez,FHA,REFINANCE,AL,89769,Freedom Mortgage,321599.00,86500.42,4.661,1374.06,2021-01-21,2051-01-21,2031-07-05,2031-08-04,CURRENT,0,COMPLETE,SECOND
L001844,B4205,Patricia Martinez,,VA,HOME_EQUITY,NV,66423,Nationstar Mortgage,112167.00,40584.22,3.593,369.43,2018-01-04,2048-01-04,2024-08-08,2024-09-07,DELINQUENT,44,INCOMPLETE,FIRST
L002489,B6700,Michael Brown,,ARM,CASH_OUT_REFINANCE,MA,42911,Flagstar Bank,221461.00,0.00,6.51,1321.57,2014-08-18,2044-08-18,2016-03-18,2016-04-17,PAID_OFF,0,COMPLETE,SECOND
L004617,B4398,Jessica Johnson,,VA,HOME_EQUITY,AK,48621,Freedom Mortgage,279352.00,0.00,8.39,2148.45,2016-06-22,2026-06-22,2023-11-07,2023-12-07,PAID_OFF,0,COMPLETE,SECOND
L009611,B5023,David Thomas,,JUMBO,CASH_OUT_REFINANCE,OK,13917,US Bank,331117.00,291398.21,2.843,862.92,2021-01-23,2036-01-23,2024-03-23,2024-04-22,CURRENT,0,COMPLETE,FIRST
L007709,B6069,Jessica Jackson,Sarah Williams,VA,CASH_OUT_REFINANCE,IN,98692,SunTrust Mortgage,222959.00,152075.84,4.441,907.65,2020-02-25,2030-02-25,2021-09-20,2021-10-20,DEFAULT,285,COMPLETE,FIRST
L000543,B1771,James Davis,James Jones,CONVENTIONAL,CASH_OUT_REFINANCE,MS,67105,Quicken Loans,462433.00,388388.59,0.017,1818.94,2020-03-12,2050-03-12,2029-10-17,2029-11-16,DELINQUENT,36,MISSING,FIRST
L006179,B6603,Charles Smith,Lisa Williams,FHA,CASH_OUT_REFINANCE,IN,67036,Nationstar Mortgage,619005.00,215284.19,7.173,4070.11,2022-09-09,2037-09-09,2031-08-09,2031-09-08,DEFAULT,106,MISSING,FIRST
L007014,B3456,Robert White,David Smith,ARM,CONSTRUCTION,MD,24202,US Bank,502144.00,152002.07,8.271,3807.13,2022-01-19,2037-01-19,2024-06-03,2024-07-03,CURRENT,0,COMPLETE,FIRST
L001276,B2200,Mary Jones,,FIXED,HOME_EQUITY,WI,86523,SunTrust Mortgage,570438.00,387939.40,8.443,4414.86,2017-11-04,2027-11-04,2020-06-15,2020-07-15,CURRENT,0,COMPLETE,FIRST
L004448,B3883,Jennifer Johnson,David Thomas,ARM,HOME_EQUITY,WI,47259,Flagstar Bank,673816.00,341464.26,5.417,3345.89,2014-04-02,2034-04-02,2017-11-09,2017-12-09,CURRENT,0,COMPLETE,FIRST
L009401,B4035,Richard Williams,,FHA,CASH_OUT_REFINANCE,WA,71210,Wells Fargo Home Mortgage,70797.00,37808.75,6.906,448.18,2019-02-13,2034-02-13,2019-12-22,2020-01-21,DELINQUENT,38,INCOMPLETE,SECOND
L007083,B4211,William Anderson,,USDA,CONSTRUCTION,UT,54807,Flagstar Bank,278678.00,231198.66,5.729,1463.50,2015-10-02,2035-10-02,2022-04-15,2022-05-15,DELINQUENT,69,COMPLETE,FIRST
L000300,B1235,Patricia Jackson,,USDA,REFINANCE,CA,18271,Citimortgage,230616.00,27971.17,6.296,1330.96,2016-11-22,2026-11-22,2022-02-02,2022-03-04,CLOSED,36,INCOMPLETE,FIRST
L007953,B6428,Sarah White,,VA,REFINANCE,MS,92073,Quicken Loans,344128.00,0.00,6.833,2155.47,2018-09-04,2028-09-04,2028-06-21,2028-07-21,CLOSED,0,COMPLETE,SECOND
L004934,B8700,Thomas Lee,Patricia Martinez,FHA,CASH_OUT_REFINANCE,CA,40241,Flagstar Bank,259011.00,157530.93,5.491,1303.71,2014-02-04,2044-02-04,2019-11-01,2019-12-01,DEFAULT,160,MISSING,FIRST
L001277,B4248,Barbara Wilson,,VA,HOME_EQUITY,ME,89814,Wells Fargo Home Mortgage,590683.00,393043.40,5.406,2927.13,2014-09-17,2044-09-17,2015-03-31,2015-04-30,CURRENT,0,INCOMPLETE,SECOND
L006641,B9490,Patricia Lee,,VA,CONSTRUCTION,WI,21450,Caliber Home Loans,548991.00,250986.22,6.769,3406.44,2014-11-07,2034-11-07,2018-03-23,2018-04-22,CURRENT,0,INCOMPLETE,SECOND
L001866,B7772,Robert Brown,,USDA,REFINANCE,AR,75423,SunTrust Mortgage,707351.00,0.00,2.913,1888.80,2021-11-26,2031-11-26,2031-05-19,2031-06-18,PAID_OFF,0,MISSING,SECOND
L004143,B2017,Sarah Martin,,FIXED,PURCHASE,NV,90464,Nationstar Mortgage,423789.00,362321.27,7.586,2946.96,2012-01-17,2027-01-17,2015-02-03,2015-03-05,CURRENT,0,COMPLETE,SECOND
L001248,B9978,John White,Thomas Moore,USDA,HOME_EQUITY,OR,66479,PNC Bank,192228.00,0.00,3.598,634.00,2014-02-11,2044-02-11,2018-10-18,2018-11-17,PAID_OFF,0,COMPLETE,FIRST
L008111,B4046,Karen Williams,,USDA,HOME_EQUITY,GA,93087,Nationstar Mortgage,706871.00,560096.98,3.666,2375.44,2019-11-18,2039-11-18,2025-01-03,2025-02-02,CURRENT,0,INCOMPLETE,SECOND
L007843,B4757,Susan Brown,Sarah Jones,VA,REFINANCE,ID,55649,Quicken Loans,566584.00,0.00,8.089,4201.17,2015-11-23,2025-11-23,2023-08-03,2023-09-02,PAID_OFF,0,COMPLETE,SECOND
L009634,B4042,Sarah Anderson,Barbara Hernandez,FIXED,CONSTRUCTION,MA,58549,SunTrust Mortgage,132276.00,110990.70,8.321,1008.95,2012-10-27,2027-10-27,2021-02-14,2021-03-16,DELINQUENT,82,INCOMPLETE,FIRST
L006045,B4353,Sarah Lee,Mary Brown,JUMBO,HOME_EQUITY,CT,75900,PHH Mortgage,687366.00,542314.60,4.533,2856.18,2018-12-28,2033-12-28,2021-08-03,2021-09-02,DEFAULT,330,INCOMPLETE,SECOND
L006335,B8455,James Davis,,FHA,PURCHASE,RI,51545,Bank of America,418462.00,353367.02,6.723,2578.88,2016-09-13,2031-09-13,2019-02-08,2019-03-10,CURRENT,0,COMPLETE,SECOND
L008137,B5104,Joseph Jones,Richard White,ARM,HOME_EQUITY,ID,96116,PHH Mortgage,249963.00,119650.25,5.793,1327.37,2011-03-11,2041-03-11,2013-01-04,2013-02-03,CURRENT,0,COMPLETE,FIRST
L001590,B3365,Barbara Brown,,VA,CONSTRUCTION,WA,20521,US Bank,110753.00,57873.02,3.736,379.29,2022-02-09,2032-02-09,2029-12-05,2030-01-04,CURRENT,0,COMPLETE,SECOND
L004807,B9183,Jennifer Garcia,,CONVENTIONAL,PURCHASE,SC,28099,JPMorgan Chase Bank,106072.00,91733.38,7.265,706.40,2021-01-17,2036-01-17,2021-05-16,2021-06-15,CURRENT,0,COMPLETE,SECOND
L009132,B2390,David Martin,,USDA,CONSTRUCTION,OH,79738,Flagstar Bank,350100.00,0.00,5.705,1830.88,2015-02-02,2045-02-02,2018-05-06,2018-06-05,PAID_OFF,0,COMPLETE,FIRST
L001994,B3137,Charles Lee,,USDA,CONSTRUCTION,WI,74370,Caliber Home Loans,738847.00,532138.03,3.011,2039.28,2018-06-22,2028-06-22,2026-07-11,2026-08-10,CURRENT,0,COMPLETE,SECOND
L007061,B7753,Jessica Moore,,JUMBO,CONSTRUCTION,RI,76259,JPMorgan Chase Bank,525670.00,361738.74,5.726,2759.15,2020-08-19,2050-08-19,2025-10-31,2025-11-30,CURRENT,0,INCOMPLETE,SECOND
L006669,B6516,Karen Miller,,VA,REFINANCE,DE,92413,Green Tree Servicing,253829.00,201094.38,3.186,741.31,2015-09-09,2025-09-09,2017-04-13,2017-05-13,DELINQUENT,43,COMPLETE,SECOND
L003459,B3460,Michael Taylor,,FHA,CONSTRUCTION,IA,24711,Bank of America,439477.00,321889.21,2.607,1050.24,2019-08-19,2034-08-19,2022-04-04,2022-05-04,CURRENT,0,COMPLETE,FIRST
L001445,B9160,James Lee,,CONVENTIONAL,PURCHASE,UT,49871,Flagstar Bank,752347.00,604953.49,3.271,2255.85,2010-01-22,2020-01-22,2019-03-27,2019-04-26,CURRENT,0,COMPLETE,SECOND
L000112,B8009,David Williams,,ARM,REFINANCE,CO,16787,Caliber Home Loans,262146.00,0.00,8.474,2036.31,2012-12-16,2032-12-16,2014-10-28,2014-11-27,CURRENT,45,COMPLETE,SECOND
L005614,B1680,Linda Williams,,JUMBO,CASH_OUT_REFINANCE,AZ,93436,Flagstar Bank,220546.00,190787.45,2.905,587.30,2014-12-02,2044-12-02,2015-07-18,2015-08-17,CURRENT,0,COMPLETE,FIRST
L004359,B6129,Jessica Lee,Robert Garcia,CONVENTIONAL,HOME_EQUITY,OR,68099,Caliber Home Loans,406311.00,234019.73,8.308,3094.33,2015-03-06,2030-03-06,2018-02-05,2018-03-07,CURRENT,0,COMPLETE,SECOND
L002999,B5496,Jennifer Jackson,Susan Jackson,CONVENTIONAL,CONSTRUCTION,CO,51473,PHH Mortgage,665285.00,456373.35,4.837,2949.82,2011-10-20,2041-10-20,2019-09-21,2019-10-21,DELINQUENT,55,COMPLETE,SECOND
L002041,B9841,Michael Smith,David Williams,FIXED,REFINANCE,RI,93476,Caliber Home Loans,50880.00,26072.66,7.753,361.60,2017-06-26,2047-06-26,2026-08-30,2026-09-29,CURRENT,0,COMPLETE,SECOND
L005225,B6507,Karen Martinez,Jessica Taylor,ARM,PURCHASE,NE,20798,Caliber Home Loans,593677.00,431366.02,2.735,1488.40,2010-04-09,2030-04-09,2016-07-10,2016-08-09,DELINQUENT,52,COMPLETE,FIRST
L005558,B2061,Robert Smith,,JUMBO,HOME_EQUITY,MN,23740,Flagstar Bank,765368.00,0.00,4.801,3368.32,2021-07-02,2041-07-02,2022-07-07,2022-08-06,PAID_OFF,0,COMPLETE,FIRST
L006192,B7724,Mary Williams,,FIXED,HOME_EQUITY,MD,37471,Caliber Home Loans,411890.00,156960.07,5.899,2227.26,2019-01-16,2039-01-16,2026-11-24,2026-12-24,CURRENT,0,INCOMPLETE,FIRST
L003049,B9482,James Jackson,Susan Jackson,ARM,PURCHASE,CA,96112,US Bank,333250.00,179901.63,2.543,776.83,2011-12-28,2026-12-28,2015-01-25,2015-02-24,CURRENT,0,COMPLETE,SECOND
L004940,B8688,John Brown,,CONVENTIONAL,CONSTRUCTION,ID,47512,Quicken Loans,698632.00,441836.25,5.971,3823.90,2018-05-19,2033-05-19,2021-03-22,2021-04-21,CURRENT,0,INCOMPLETE,SECOND
L002487,B1924,Michael Brown,,CONVENTIONAL,CASH_OUT_REFINANCE,TN,38280,Freedom Mortgage,55241.00,34773.59,4.606,233.24,2012-10-22,2032-10-22,2015-06-10,2015-07-10,CURRENT,0,INCOMPLETE,SECOND
L006490,B2255,Barbara Jones,,JUMBO,HOME_EQUITY,TX,10331,Quicken Loans,524977.00,0.00,6.576,3164.56,2017-03-12,2027-03-12,2022-02-23,2022-03-25,PAID_OFF,0,COMPLETE,SECOND
L008007,B6506,Susan Jones,,JUMBO,PURCHASE,AK,23560,Freedom Mortgage,440931.00,137660.74,6.927,2799.80,2012-10-31,2027-10-31,2019-05-19,2019-06-18,CURRENT,0,COMPLETE,SECOND
L004944,B8733,Jennifer Thompson,,JUMBO,HOME_EQUITY,MD,98460,SunTrust Mortgage,589091.00,388461.54,5.1,2754.00,2022-11-28,2032-11-28,2030-02-21,2030-03-23,CURRENT,0,COMPLETE,FIRST
L006217,B4037,James Martin,,USDA,PURCHASE,AK,10268,Nationstar Mortgage,753098.00,378856.55,4.269,2947.06,2012-11-28,2042-11-28,2022-07-06,2022-08-05,DELINQUENT,51,COMPLETE,FIRST
L006917,B5467,Jessica Thomas,,JUMBO,CONSTRUCTION,MN,45853,Green Tree Servicing,468584.00,0.00,7.231,3105.97,2011-01-31,2031-01-31,2019-03-01,2019-03-31,PAID_OFF,0,COMPLETE,FIRST
L001035,B2394,Robert Davis,,USDA,CASH_OUT_REFINANCE,NJ,55314,Caliber Home Loans,797995.00,0.00,7.857,5747.36,2010-05-17,2020-05-17,2018-03-30,2018-04-29,PAID_OFF,0,COMPLETE,SECOND
L009824,B5354,John Martin,,FIXED,PURCHASE,NE,11926,Green Tree Servicing,523032.00,0.00,2.641,1266.22,2018-05-03,2033-05-03,2019-08-23,2019-09-22,PAID_OFF,0,COMPLETE,FIRST
L007096,B6233,James Lee,,JUMBO,CONSTRUCTION,DC,99373,Bank of America,307969.00,186930.21,8.101,2286.95,2011-05-14,2026-05-14,2013-11-12,2013-12-12,CURRENT,0,COMPLETE,SECOND
L000104,B7852,Jennifer Lee,Barbara Jones,FHA,CASH_OUT_REFINANCE,TN,69113,SunTrust Mortgage,675397.00,385514.98,3.327,2059.79,2018-08-10,2048-08-10,2025-02-04,2020-11-07,CURRENT,0,MISSING,FIRST
L003570,B9667,Susan Brown,Linda Williams,ARM,CONSTRUCTION,MI,88329,PNC Bank,552578.00,490283.60,4.616,2338.14,2017-08-18,2032-08-18,2019-07-12,2019-08-11,DELINQUENT,89,COMPLETE,SECOND
L001917,B1400,Jennifer Thomas,Mary White,ARM,REFINANCE,IN,99911,Flagstar Bank,142269.00,46773.32,2.7,352.12,2018-05-04,2033-05-04,2025-02-12,2025-03-14,CURRENT,0,COMPLETE,FIRST
L001344,B4715,David Lee,Jessica Thomas,CONVENTIONAL,CONSTRUCTION,OK,37171,US Bank,287648.00,0.00,3.55,936.05,2012-01-12,2042-01-12,2021-09-11,2021-10-11,CLOSED,0,COMPLETE,SECOND
L008572,B9057,Joseph White,,FIXED,CONSTRUCTION,WA,72374,PNC Bank,704866.00,560444.85,6.185,3996.30,2018-12-09,2038-12-09,2028-06-01,2028-07-01,DELINQUENT,45,INCOMPLETE,FIRST
L008098,B7360,Michael Brown,,VA,HOME_EQUITY,CO,92680,Freedom Mortgage,703315.00,0.00,3.413,2200.38,2021-09-03,2031-09-03,2027-08-16,2027-09-15,PAID_OFF,0,COMPLETE,FIRST
L008314,B8957,David Martin,Richard White,FIXED,CASH_OUT_REFINANCE,WI,31647,PHH Mortgage,454993.00,386488.31,4.511,1881.43,2015-05-24,2030-05-24,2025-06-29,2025-07-29,CURRENT,0,COMPLETE,FIRST
L003896,B6279,Mary Lee,Karen Garcia,VA,REFINANCE,CO,42143,SunTrust Mortgage,794460.00,450268.75,4.127,3005.51,2020-07-12,2030-07-12,2022-06-18,2022-07-18,CURRENT,0,COMPLETE,SECOND
L004927,B2855,David White,,USDA,CASH_OUT_REFINANCE,IA,11549,Quicken Loans,449570.00,330827.93,5.658,2331.69,2018-07-05,2028-07-05,2022-06-23,2022-07-23,CURRENT,0,COMPLETE,FIRST
L004608,B3763,William Martinez,Michael Wilson,FHA,CONSTRUCTION,RI,76921,Flagstar Bank,675629.00,215975.63,3.237,2004.76,2012-04-27,2027-04-27,2015-03-15,2015-04-14,DELINQUENT,50,MISSING,SECOND
L005708,B2778,Jessica Taylor,Mary Garcia,USDA,REFINANCE,WV,61475,Caliber Home Loans,577939.00,0.00,3.312,1754.62,2018-03-08,2028-03-08,2026-08-02,2026-09-01,PAID_OFF,0,INCOMPLETE,SECOND
L001337,B4974,Linda Miller,,ARM,CONSTRUCTION,ND,11739,Citimortgage,798524.00,521806.09,4.397,3218.52,2019-06-09,2049-06-09,2023-03-13,2023-04-12,CURRENT,0,INCOMPLETE,SECOND
L005341,B1607,James Johnson,Susan Brown,VA,HOME_EQUITY,MN,33112,PHH Mortgage,344641.00,222327.82,4.455,1407.43,2022-04-07,2042-04-07,2027-11-11,2027-12-11,CURRENT,0,COMPLETE,SECOND
L002659,B4407,Lisa Martinez,Joseph Thompson,VA,REFINANCE,TX,95469,Wells Fargo Home Mortgage,69451.00,44165.12,6.689,425.84,2013-05-10,2043-05-10,2014-05-28,2014-06-27,CURRENT,0,INCOMPLETE,FIRST
L005859,B5994,Robert Davis,,FIXED,PURCHASE,TN,73699,Green Tree Servicing,329001.00,197052.69,7.223,2178.34,2014-07-18,2024-07-18,2016-07-30,2016-08-29,CURRENT,0,MISSING,FIRST
L001357,B9656,Charles Williams,,CONVENTIONAL,CASH_OUT_REFINANCE,KS,39994,Caliber Home Loans,442142.00,253586.94,5.512,2234.00,2011-05-05,2021-05-05,2019-07-13,2019-08-12,DELINQUENT,43,COMPLETE,SECOND
L007215,B3381,Linda Martinez,,FHA,HOME_EQUITY,NV,55588,US Bank,365932.00,285757.96,4.83,1620.16,2014-10-21,2029-10-21,2020-10-01,2020-10-31,DELINQUENT,75,COMPLETE,FIRST
L008347,B4178,Joseph Smith,,FIXED,HOME_EQUITY,MT,46276,Caliber Home Loans,394522.00,276890.47,3.929,1420.90,2012-01-12,2042-01-12,2016-03-06,2016-04-05,CURRENT,0,COMPLETE,SECOND
L005672,B9732,William Moore,,FIXED,CASH_OUT_REFINANCE,VT,23961,SunTrust Mortgage,541765.00,0.00,4.925,2445.84,2011-07-20,2026-07-20,2019-12-18,2020-01-17,CLOSED,0,COMPLETE,SECOND
L002415,B4432,Richard Moore,,CONVENTIONAL,REFINANCE,NC,72540,Wells Fargo Home Mortgage,438006.00,0.00,3.754,1507.25,2011-06-01,2021-06-01,2011-11-02,2011-12-02,PAID_OFF,0,COMPLETE,FIRST
L006438,B8522,Jessica Miller,Linda Moore,FHA,HOME_EQUITY,HI,18701,Bank of America,417636.00,291082.51,5.939,2273.65,2021-03-13,2051-03-13,2021-04-17,2021-05-17,CURRENT,0,COMPLETE,SECOND
L003874,B7793,James Hernandez,,CONVENTIONAL,REFINANCE,AL,57628,PHH Mortgage,246060.00,160285.40,6.3,1421.00,2010-08-01,2030-08-01,2015-03-30,2015-04-29,DELINQUENT,88,COMPLETE,SECOND
L009136,B9973,Jennifer Thomas,Barbara Davis,JUMBO,PURCHASE,ND,36392,Bank of America,86709.00,0.00,6.528,518.87,2011-01-25,2021-01-25,2017-08-11,2017-09-10,CLOSED,0,COMPLETE,SECOND
L004794,B7494,Patricia Lee,,JUMBO,CASH_OUT_REFINANCE,LA,89131,Citimortgage,132810.00,61369.33,6.964,847.81,2020-02-17,2030-02-17,2030-10-09,2030-11-08,CURRENT,0,COMPLETE,FIRST
L004480,B5986,Barbara Miller,,VA,PURCHASE,KS,80309,Flagstar Bank,379144.00,0.00,4.826,1677.27,2017-09-25,2027-09-25,2024-01-14,2024-02-13,PAID_OFF,0,INCOMPLETE,SECOND
L002596,B1997,John White,Patricia Wilson,JUMBO,PURCHASE,NJ,41356,Freedom Mortgage,680791.00,570413.55,4.504,2810.76,2020-04-26,2035-04-26,2026-07-25,2026-08-24,CURRENT,0,COMPLETE,FIRST
L007173,B8625,Thomas Hernandez,Linda Anderson,JUMBO,REFINANCE,OK,15805,Flagstar Bank,765100.00,241151.11,6.931,4861.00,2012-11-10,2022-11-10,2018-01-10,2018-02-09,CURRENT,0,COMPLETE,SECOND
L006762,B7609,Robert Anderson,,ARM,PURCHASE,DC,14261,Citimortgage,539239.00,0.00,8.06,3984.08,2013-11-19,2033-11-19,2020-06-29,2020-07-29,PAID_OFF,0,COMPLETE,FIRST
L003718,B4302,William Martinez,,FIXED,PURCHASE,AL,81776,Caliber Home Loans,528933.00,148499.21,6.953,3371.20,2021-12-06,2051-12-06,2030-04-24,2030-05-24,DELINQUENT,76,COMPLETE,SECOND
L006369,B9657,Joseph Garcia,,ARM,PURCHASE,NH,92127,Caliber Home Loans,258592.00,216458.88,4.339,1028.53,2020-08-05,2050-08-05,2022-01-13,2022-02-12,CURRENT,0,COMPLETE,SECOND
L001563,B7953,Barbara Brown,,JUMBO,HOME_EQUITY,MN,88492,Caliber Home Loans,319664.00,109499.80,4.508,1320.96,2016-01-07,2046-01-07,2020-02-01,2020-03-02,DEFAULT,313,INCOMPLETE,FIRST
L005247,B2245,Sarah Martinez,Robert Jackson,VA,HOME_EQUITY,CA,89702,Green Tree Servicing,162016.00,57352.24,4.495,667.57,2015-08-31,2030-08-31,2025-05-30,2025-06-29,DELINQUENT,65,COMPLETE,FIRST
L008964,B8106,John Hernandez,,VA,HOME_EQUITY,UT,77757,Nationstar Mortgage,279346.00,120470.65,8.487,2173.24,2015-06-04,2025-06-04,2021-10-25,2021-11-24,CURRENT,0,MISSING,FIRST
L008530,B1688,Lisa Davis,,ARM,REFINANCE,AR,16128,Nationstar Mortgage,141403.00,48569.77,5.374,696.57,2014-01-14,2044-01-14,2021-11-13,2021-12-13,CURRENT,0,COMPLETE,FIRST
L004383,B7254,William Davis,Patricia Jones,FHA,CONSTRUCTION,WV,52530,PHH Mortgage,751787.00,266513.58,8.047,5545.49,2019-06-23,2039-06-23,2030-03-02,2030-04-01,CURRENT,0,COMPLETE,SECOND
L001603,B4820,Joseph Anderson,,JUMBO,CASH_OUT_REFINANCE,PA,54601,JPMorgan Chase Bank,133916.00,49908.15,6.334,777.54,2020-08-06,2035-08-06,2021-03-06,2021-04-05,CURRENT,0,INCOMPLETE,FIRST
L005891,B8718,Mary Garcia,,CONVENTIONAL,CONSTRUCTION,NE,81756,Wells Fargo Home Mortgage,510989.00,412850.88,4.716,2209.01,2013-02-15,2028-02-15,2014-05-06,2014-06-05,CURRENT,0,COMPLETE,SECOND
L001657,B5299,Patricia Garcia,Robert Jackson,USDA,HOME_EQUITY,AZ,48523,Citimortgage,157257.00,75978.23,8.038,1158.70,2013-09-21,2023-09-21,2017-07-31,2017-08-30,CURRENT,0,COMPLETE,SECOND
L005493,B1576,Thomas Brown,,CONVENTIONAL,HOME_EQUITY,AZ,47904,Caliber Home Loans,470774.00,0.00,3.068,1323.97,2021-12-15,2041-12-15,2032-09-16,2032-10-16,PAID_OFF,0,INCOMPLETE,SECOND
L002911,B9141,Charles Anderson,,FIXED,CASH_OUT_REFINANCE,IL,35620,Quicken Loans,795306.00,433136.39,5.862,4273.58,2016-05-26,2031-05-26,2025-03-24,2025-04-23,DELINQUENT,88,COMPLETE,SECOND
L003703,B2448,Charles Davis,Karen Anderson,CONVENTIONAL,CASH_OUT_REFINANCE,TX,97450,JPMorgan Chase Bank,152140.00,0.00,2.556,356.46,2013-10-24,2033-10-24,2021-08-20,2021-09-19,PAID_OFF,0,COMPLETE,SECOND
L005964,B9524,Barbara Thomas,,ARM,REFINANCE,WV,35836,US Bank,777109.00,0.00,5.63,4010.53,2019-02-23,2039-02-23,2020-09-19,2020-10-19,PAID_OFF,0,MISSING,SECOND
L000382,B9165,James Davis,,JUMBO,CASH_OUT_REFINANCE,NH,47585,Nationstar Mortgage,154117.00,116085.74,3.426,484.00,2018-02-27,2038-02-27,2027-06-05,2027-07-05,CURRENT,0,,FIRST
L007354,B2336,Thomas Taylor,,JUMBO,CASH_OUT_REFINANCE,NE,88531,Quicken Loans,293941.00,235177.19,5.473,1474.68,2011-06-23,2026-06-23,2022-05-08,2022-06-07,CURRENT,0,COMPLETE,FIRST
L008981,B3293,Susan Lee,William Jackson,JUMBO,PURCHASE,DE,15285,Citimortgage,117549.00,100652.11,5.517,594.47,2018-11-09,2048-11-09,2026-11-27,2026-12-27,CURRENT,0,COMPLETE,SECOND
L008277,B2798,Thomas Thomas,,CONVENTIONAL,REFINANCE,VA,26736,PNC Bank,616742.00,200599.86,5.762,3257.53,2021-09-16,2041-09-16,2027-11-26,2027-12-26,CURRENT,0,COMPLETE,SECOND
L007580,B8218,Robert Thompson,,JUMBO,REFINANCE,HI,45110,PNC Bank,391740.00,160395.39,7.013,2518.33,2014-07-16,2029-07-16,2017-12-13,2018-01-12,CURRENT,0,COMPLETE,FIRST
L000654,B3870,Joseph Davis,,JUMBO,REFINANCE,IN,33183,Freedom Mortgage,545104.00,453570.59,0.0743,4058.89,2014-06-25,2034-06-25,2016-01-19,2016-02-18,CURRENT,0,COMPLETE,FIRST
L009416,B7193,Jennifer Moore,,JUMBO,PURCHASE,NE,76288,PHH Mortgage,521225.00,149855.46,5.008,2392.77,2014-06-05,2034-06-05,2015-08-04,2015-09-03,CURRENT,0,COMPLETE,SECOND
L007712,B5108,Jessica Davis,,FHA,PURCHASE,VA,92898,Flagstar Bank,385161.00,188823.74,7.287,2572.78,2016-08-08,2031-08-08,2022-01-07,2022-02-06,CURRENT,0,COMPLETE,SECOND
L008661,B6727,Joseph Martin,,JUMBO,CASH_OUT_REFINANCE,AL,78746,Green Tree Servicing,363050.00,215062.33,3.621,1205.05,2013-03-28,2023-03-28,2015-06-16,2015-07-16,CURRENT,0,COMPLETE,SECOND
L001208,B8029,Thomas White,,JUMBO,CASH_OUT_REFINANCE,NH,55123,US Bank,319874.00,157530.10,7.159,2099.15,2017-01-18,2032-01-18,2024-10-10,2024-11-09,DELINQUENT,60,COMPLETE,FIRST
L002597,B1507,Sarah Jackson,,ARM,CONSTRUCTION,TN,56953,Wells Fargo Home Mortgage,289481.00,0.00,4.385,1163.59,2021-09-26,2031-09-26,2029-05-25,2029-06-24,PAID_OFF,0,COMPLETE,FIRST
L005386,B1256,Mary Thompson,,USDA,CASH_OUT_REFINANCE,CA,44679,Citimortgage,224066.00,87901.80,6.1,1252.90,2014-10-31,2024-10-31,2018-10-27,2018-11-26,DELINQUENT,34,COMPLETE,SECOND
L000033,B7108,Richard Martinez,Lisa Jones,VA,PURCHASE,MI,86380,Flagstar Bank,346635.00,166775.29,4.824,1532.82,2017-08-03,2027-08-03,2026-07-09,2026-08-08,CURRENT,23,COMPLETE,FIRST
L003563,B5278,Michael Wilson,Jennifer Taylor,ARM,HOME_EQUITY,HI,95534,Nationstar Mortgage,312422.00,132108.29,5.723,1638.99,2017-07-08,2027-07-08,2026-07-07,2026-08-06,CURRENT,0,COMPLETE,SECOND
L004732,B1745,David Thompson,,FHA,CASH_OUT_REFINANCE,AR,44197,Wells Fargo Home Mortgage,241184.00,84876.16,5.206,1150.97,2021-12-14,2036-12-14,2030-10-07,2030-11-06,CURRENT,0,COMPLETE,FIRST
L003091,B4293,David Anderson,,FHA,CONSTRUCTION,MT,73759,Caliber Home Loans,483493.00,145780.86,8.106,3592.59,2013-10-01,2043-10-01,2024-04-15,2024-05-15,CURRENT,0,MISSING,SECOND
L002515,B5114,Jennifer Lee,Michael Davis,VA,PURCHASE,NV,11614,Caliber Home Loans,782607.00,600653.67,3.368,2416.17,2014-08-03,2034-08-03,2023-08-13,2023-09-12,DELINQUENT,57,COMPLETE,SECOND
L001355,B8681,Susan Jackson,Michael Jones,VA,PURCHASE,WV,25002,US Bank,302916.00,157100.10,8.24,2288.03,2011-06-26,2031-06-26,2021-12-09,2022-01-08,CURRENT,0,COMPLETE,SECOND
L008131,B3057,Karen Jones,Patricia Jackson,FHA,CONSTRUCTION,TN,54257,Quicken Loans,665377.00,563326.17,6.107,3724.84,2011-10-28,2031-10-28,2013-12-27,2014-01-26,CURRENT,0,COMPLETE,FIRST
L008421,B9376,David White,,ARM,CONSTRUCTION,DC,18447,Nationstar Mortgage,431212.00,0.00,6.995,2764.97,2015-08-09,2025-08-09,2019-04-14,2019-05-14,PAID_OFF,0,COMPLETE,FIRST
L008086,B2834,Susan Martin,,FHA,CONSTRUCTION,NV,38105,Wells Fargo Home Mortgage,504913.00,406384.23,4.228,1956.87,2013-07-15,2033-07-15,2018-06-02,2018-07-02,DELINQUENT,42,COMPLETE,SECOND
L005943,B9414,Charles Garcia,,ARM,HOME_EQUITY,NH,91226,Citimortgage,790181.00,530418.88,6.996,5067.43,2018-02-04,2028-02-04,2025-09-17,2025-10-17,CURRENT,0,COMPLETE,FIRST
L000767,B5071,Barbara Moore,,USDA,REFINANCE,LA,22744,Wells Fargo Home Mortgage,131447.00,36466.38,6.198,746.82,2010-01-03,2020-01-03,2017-01-12,2017-02-11,UNKNOWN,0,MISSING,SECOND
L005686,B1689,Jessica Garcia,,VA,CASH_OUT_REFINANCE,IL,95974,SunTrust Mortgage,752708.00,366162.79,5.126,3536.85,2021-01-06,2036-01-06,2029-06-21,2029-07-21,CURRENT,0,COMPLETE,FIRST
L001099,B4566,Jennifer Smith,,CONVENTIONAL,PURCHASE,ID,47266,Bank of America,360582.00,0.00,6.451,2132.27,2012-07-04,2027-07-04,2020-08-09,2020-09-08,PAID_OFF,0,COMPLETE,SECOND
L009212,B9508,James Jackson,Lisa Moore,ARM,HOME_EQUITY,AK,17248,Wells Fargo Home Mortgage,276399.00,121145.65,4.017,1017.77,2016-03-27,2036-03-27,2016-11-08,2016-12-08,DEFAULT,203,COMPLETE,FIRST
L003161,B9215,Robert Anderson,,ARM,CONSTRUCTION,DE,69052,Wells Fargo Home Mortgage,576196.00,307748.99,6.181,3264.68,2014-05-21,2029-05-21,2022-03-13,2022-04-12,CURRENT,0,COMPLETE,SECOND
L003421,B4908,Joseph Miller,,JUMBO,PURCHASE,KS,49213,PHH Mortgage,625475.00,230047.70,2.583,1480.97,2010-06-07,2025-06-07,2021-01-18,2021-02-17,CURRENT,0,MISSING,FIRST
L006441,B7433,Charles Jones,,CONVENTIONAL,PURCHASE,KY,39906,Bank of America,443181.00,313023.52,7.314,2971.31,2019-07-19,2039-07-19,2022-03-12,2022-04-11,CURRENT,0,INCOMPLETE,SECOND
L009250,B5140,William White,,JUMBO,PURCHASE,OH,63862,Quicken Loans,583421.00,466144.34,4.858,2598.07,2022-02-20,2032-02-20,2023-10-25,2023-11-24,DELINQUENT,50,COMPLETE,FIRST
L005149,B9113,William White,,USDA,REFINANCE,UT,19421,Green Tree Servicing,372917.00,0.00,7.863,2687.89,2010-09-11,2020-09-11,2018-04-30,2018-05-30,PAID_OFF,0,COMPLETE,SECOND
L005947,B4917,Charles Thomas,,ARM,PURCHASE,MO,38356,Caliber Home Loans,720517.00,491174.88,7.505,4956.86,2017-01-08,2037-01-08,2019-07-29,2019-08-28,CURRENT,0,COMPLETE,FIRST
L000644,B6658,Patricia Thomas,,ARM,PURCHASE,GA,54272,Flagstar Bank,530280.00,250471.87,6.634,3224.72,2015-06-23,2045-06-23,2016-01-05,2016-02-04,CURRENT,0,,SECOND
L000746,B4083,Barbara Miller,,FIXED,CASH_OUT_REFINANCE,RI,41558,Nationstar Mortgage,246134.00,37830.15,7.592,1712.93,2015-02-09,2030-02-09,2019-08-13,2019-09-12,CLOSED,70,COMPLETE,FIRST
L009660,B6006,Patricia Martin,,JUMBO,PURCHASE,MT,50972,PNC Bank,177525.00,149193.40,7.543,1227.48,2010-11-25,2030-11-25,2019-08-21,2019-09-20,DEFAULT,248,COMPLETE,SECOND
L007663,B8720,Linda Davis,,ARM,CASH_OUT_REFINANCE,NC,84198,PHH Mortgage,175127.00,135354.34,3.28,526.55,2019-04-20,2029-04-20,2028-11-30,2028-12-30,CURRENT,0,COMPLETE,FIRST
L001287,B3404,Sarah Johnson,,ARM,REFINANCE,VA,93961,Quicken Loans,68968.00,28863.32,4.381,276.97,2020-07-20,2030-07-20,2025-12-20,2026-01-19,CURRENT,0,COMPLETE,FIRST
L004892,B9893,James Martinez,Thomas Taylor,FHA,CASH_OUT_REFINANCE,OR,65547,US Bank,455629.00,290664.21,7.36,3073.98,2010-02-17,2030-02-17,2012-12-18,2013-01-17,CURRENT,0,COMPLETE,FIRST
L000225,B5454,Joseph White,,ARM,HOME_EQUITY,FL,74486,Quicken Loans,348505.00,106293.14,6.391,2041.69,2021-12-06,2021-10-28,2026-08-23,2026-09-22,CURRENT,0,COMPLETE,SECOND
L000472,B1601,Lisa Hernandez,David Wilson,JUMBO,REFINANCE,LA,62436,Freedom Mortgage,247209.00,165343.41,3.35,759.14,2014-10-30,2029-10-30,2021-08-30,2021-09-29,CURRENT,0,,FIRST
L005442,B5252,John Anderson,,FHA,CASH_OUT_REFINANCE,NY,79218,US Bank,441531.00,242204.53,6.213,2514.63,2011-03-27,2021-03-27,2018-08-12,2018-09-11,DELINQUENT,32,COMPLETE,FIRST
L006282,B3733,William Jackson,,JUMBO,CONSTRUCTION,IA,29384,Caliber Home Loans,291790.00,0.00,3.657,978.15,2020-02-25,2030-02-25,2025-03-30,2025-04-29,PAID_OFF,0,MISSING,SECOND
L004891,B8597,Charles Lee,Michael Brown,CONVENTIONAL,REFINANCE,NJ,47621,Flagstar Bank,419213.00,0.00,6.344,2437.86,2022-02-04,2052-02-04,2024-10-03,2024-11-02,PAID_OFF,0,COMPLETE,FIRST
L009194,B3609,Sarah Thomas,William Anderson,CONVENTIONAL,CONSTRUCTION,MD,21950,PHH Mortgage,144388.00,70674.45,4.676,618.90,2012-12-31,2022-12-31,2023-08-03,2023-09-02,CURRENT,0,MISSING,SECOND
L005227,B6732,Susan Hernandez,,ARM,CASH_OUT_REFINANCE,NE,88649,Freedom Mortgage,799239.00,328324.98,7.793,5709.43,2012-09-24,2032-09-24,2014-10-08,2014-11-07,CURRENT,0,INCOMPLETE,SECOND
L002031,B1049,Linda Smith,Thomas Lee,JUMBO,CONSTRUCTION,WA,95147,PNC Bank,684397.00,579955.41,4.198,2633.67,2011-07-04,2041-07-04,2015-05-11,2015-06-10,CURRENT,0,COMPLETE,SECOND
L008576,B6043,Joseph Hernandez,,ARM,CONSTRUCTION,IA,98658,Quicken Loans,419923.00,174656.56,2.868,1103.98,2015-08-13,2035-08-13,2022-09-16,2022-10-16,DELINQUENT,86,COMPLETE,FIRST
L000381,B8173,Thomas Brown,Patricia Miller,VA,REFINANCE,CT,48289,PHH Mortgage,529341.00,645769.33,8.276,4015.76,2012-06-27,2022-06-27,2021-05-02,2021-06-01,DELINQUENT,32,INCOMPLETE,SECOND
L003464,B7709,Robert Brown,,ARM,CONSTRUCTION,NH,95096,Citimortgage,550827.00,270627.87,2.869,1448.63,2014-09-05,2044-09-05,2015-06-29,2015-07-29,CURRENT,0,COMPLETE,SECOND
L009200,B3468,Patricia Taylor,,VA,CONSTRUCTION,WA,75288,Freedom Mortgage,348314.00,254011.56,4.454,1422.11,2015-03-03,2030-03-03,2020-01-20,2020-02-19,CURRENT,0,INCOMPLETE,SECOND
L008128,B4619,Thomas Martin,,FIXED,CASH_OUT_REFINANCE,NY,43598,Freedom Mortgage,399945.00,0.00,4.717,1729.33,2018-04-14,2048-04-14,2025-08-05,2025-09-04,PAID_OFF,0,INCOMPLETE,FIRST
L002139,B5102,Patricia Martinez,,USDA,CONSTRUCTION,MA,67275,Bank of America,68207.00,51714.92,5.093,318.43,2019-06-24,2029-06-24,2023-11-19,2023-12-19,CURRENT,0,COMPLETE,FIRST
L002337,B3833,Linda Lee,,FIXED,CASH_OUT_REFINANCE,TX,74133,Citimortgage,191750.00,92194.49,5.949,1045.66,2013-12-01,2033-12-01,2016-11-13,2016-12-13,CURRENT,0,INCOMPLETE,SECOND
L006390,B2039,Sarah Williams,,FIXED,HOME_EQUITY,SC,45633,SunTrust Mortgage,428513.00,215179.64,4.734,1859.53,2013-10-24,2043-10-24,2018-12-18,2019-01-17,CURRENT,0,COMPLETE,SECOND
L003104,B5320,Jennifer Wilson,,USDA,HOME_EQUITY,UT,53312,Green Tree Servicing,166890.00,63269.02,7.277,1113.25,2019-03-08,2029-03-08,2026-10-28,2026-11-27,CURRENT,0,MISSING,FIRST
L009612,B3268,Linda Jones,,FHA,CASH_OUT_REFINANCE,NJ,40655,SunTrust Mortgage,553011.00,454658.40,6.427,3258.02,2022-12-10,2042-12-10,2026-07-28,2026-08-27,CURRENT,0,MISSING,FIRST
L009702,B6798,Robert Brown,,JUMBO,HOME_EQUITY,NV,47562,SunTrust Mortgage,58054.00,40609.63,6.391,340.10,2012-07-20,2032-07-20,2016-04-28,2016-05-28,CURRENT,0,COMPLETE,FIRST
L009978,B8760,Richard Brown,,USDA,HOME_EQUITY,DC,95377,JPMorgan Chase Bank,700969.00,346164.17,7.868,5055.62,2016-08-19,2026-08-19,2019-09-10,2019-10-10,CURRENT,0,COMPLETE,SECOND
L004478,B9944,Jessica Anderson,,JUMBO,PURCHASE,OR,19564,PNC Bank,657688.00,381992.65,5.157,3109.06,2015-02-21,2025-02-21,2019-06-19,2019-07-19,CURRENT,0,COMPLETE,FIRST
L005619,B4749,Lisa Johnson,,CONVENTIONAL,CASH_OUT_REFINANCE,ME,74639,Caliber Home Loans,382648.00,0.00,6.365,2232.59,2020-09-30,2035-09-30,2028-04-09,2028-05-09,PAID_OFF,0,COMPLETE,SECOND
L001698,B1023,Joseph Smith,Karen Martinez,VA,CASH_OUT_REFINANCE,MT,82393,Wells Fargo Home Mortgage,316589.00,107523.88,4.743,1376.45,2015-09-02,2025-09-02,2026-04-28,2026-05-28,CURRENT,0,COMPLETE,FIRST
L009263,B4336,Mary Martinez,,FIXED,HOME_EQUITY,ME,42172,Flagstar Bank,157021.00,61719.79,5.188,746.74,2017-12-05,2027-12-05,2020-07-01,2020-07-31,CURRENT,0,COMPLETE,SECOND
L006007,B9262,John Brown,James Johnson,USDA,CASH_OUT_REFINANCE,UT,71026,Nationstar Mortgage,407815.00,183810.92,7.396,2764.85,2021-07-17,2031-07-17,2028-12-13,2029-01-12,CURRENT,0,MISSING,FIRST
L000698,B5519,Sarah Davis,,FHA,HOME_EQUITY,CO,66854,Flagstar Bank,313895.00,7310.80,6.342,1824.83,2017-05-17,2047-05-17,2024-12-07,2025-01-06,CLOSED,0,COMPLETE,SECOND
L004768,B5506,Michael Brown,,VA,HOME_EQUITY,IL,23715,PHH Mortgage,608235.00,446994.41,6.562,3658.63,2020-05-12,2030-05-12,2030-07-09,2030-08-08,CURRENT,0,COMPLETE,SECOND
L002284,B6243,Jessica Williams,,JUMBO,HOME_EQUITY,KY,81834,Caliber Home Loans,605514.00,431193.78,2.563,1422.60,2010-01-13,2040-01-13,2015-07-28,2015-08-27,CURRENT,0,COMPLETE,SECOND
L000321,B6549,Linda Moore,,VA,PURCHASE,AK,89711,Flagstar Bank,772622.00,257100.62,3.174,2247.94,2020-09-28,2030-09-28,2024-06-19,2022-06-21,DELINQUENT,83,COMPLETE,FIRST
L000815,B6349,Jessica Jackson,Thomas Martinez,JUMBO,CONSTRUCTION,IA,16722,SunTrust Mortgage,602294.00,473903.95,3.434,1895.92,2021-08-31,2041-08-31,2025-05-19,2030-11-14,CURRENT,0,INCOMPLETE,SECOND
L008012,B9827,Susan Smith,,FHA,CONSTRUCTION,CO,93620,Flagstar Bank,92705.00,76999.34,4.46,379.01,2022-02-22,2037-02-22,2026-02-20,2026-03-22,CURRENT,0,COMPLETE,FIRST
L000980,B5396,Michael Williams,Michael Jones,ARM,CONSTRUCTION,NJ,47416,Citimortgage,99439.00,44197.97,2.689,245.11,2019-08-18,2039-08-18,2023-02-19,2023-03-21,DELINQUENT,39,COMPLETE,SECOND
L009370,B5735,Mary Moore,,FHA,HOME_EQUITY,RI,14527,Green Tree Servicing,187665.00,139144.24,7.304,1256.48,2016-09-07,2036-09-07,2024-07-11,2024-08-10,DELINQUENT,86,COMPLETE,FIRST
L002281,B3479,Thomas White,,VA,REFINANCE,OH,55973,Citimortgage,205023.00,183178.92,5.782,1086.66,2013-12-23,2028-12-23,2023-01-01,2023-01-31,CURRENT,0,INCOMPLETE,SECOND
L004445,B7423,Susan Taylor,Susan Lee,FIXED,HOME_EQUITY,CO,53016,Wells Fargo Home Mortgage,176572.00,77483.78,5.371,869.34,2015-10-29,2030-10-29,2017-06-17,2017-07-17,DEFAULT,184,COMPLETE,FIRST
L004562,B7457,Linda Martinez,Jessica Thomas,ARM,CONSTRUCTION,WI,47023,Freedom Mortgage,469963.00,277331.27,4.71,2029.07,2012-05-14,2032-05-14,2013-03-26,2013-04-25,CURRENT,0,INCOMPLETE,SECOND
L002816,B8461,Michael Thomas,,VA,REFINANCE,MI,80875,PHH Mortgage,529632.00,417430.71,3.51,1704.09,2013-03-20,2043-03-20,2016-02-22,2016-03-23,DELINQUENT,66,MISSING,SECOND
L005033,B5529,Jennifer Martinez,,FIXED,CASH_OUT_REFINANCE,IA,36671,JPMorgan Chase Bank,234785.00,140413.81,2.616,563.01,2013-03-07,2043-03-07,2022-09-09,2022-10-09,CURRENT,0,COMPLETE,SECOND
L002662,B9081,Charles Jackson,Michael Anderson,JUMBO,CASH_OUT_REFINANCE,NJ,99864,Bank of America,738690.00,226370.45,3.612,2445.80,2010-06-25,2020-06-25,2016-10-24,2016-11-23,DELINQUENT,35,INCOMPLETE,FIRST
L001181,B9345,John White,,JUMBO,HOME_EQUITY,GA,67933,Nationstar Mortgage,461025.00,228218.62,7.584,3205.05,2018-09-09,2038-09-09,2029-03-21,2029-04-20,DELINQUENT,47,INCOMPLETE,SECOND
L007742,B6759,Robert Hernandez,,VA,HOME_EQUITY,MA,33999,Caliber Home Loans,281389.00,0.00,4.947,1276.03,2021-07-17,2051-07-17,2025-12-12,2026-01-11,PAID_OFF,0,COMPLETE,SECOND
L003593,B7982,Richard Thompson,Sarah Anderson,ARM,CONSTRUCTION,VT,85231,Flagstar Bank,325926.00,252589.45,6.402,1912.70,2016-09-10,2036-09-10,2025-01-19,2025-02-18,CURRENT,0,COMPLETE,FIRST
L003202,B7419,Linda Jones,,VA,CONSTRUCTION,CO,65554,Freedom Mortgage,527263.00,313123.90,3.571,1725.95,2010-03-30,2040-03-30,2012-02-29,2012-03-30,CURRENT,0,INCOMPLETE,FIRST
L001665,B5403,Lisa Thompson,,USDA,CONSTRUCTION,NH,10486,SunTrust Mortgage,107307.00,96187.58,5.23,514.45,2016-01-03,2026-01-03,2018-08-01,2018-08-31,CURRENT,0,COMPLETE,FIRST
L005839,B7553,James Williams,,CONVENTIONAL,PURCHASE,KY,53407,Bank of America,304592.00,144701.26,6.589,1839.71,2022-05-18,2037-05-18,2028-12-30,2029-01-29,CURRENT,0,COMPLETE,SECOND
L008265,B6316,John Smith,,FHA,CASH_OUT_REFINANCE,NJ,86995,JPMorgan Chase Bank,226794.00,119908.92,5.131,1066.71,2012-09-06,2032-09-06,2019-09-01,2019-10-01,CURRENT,0,INCOMPLETE,FIRST
L004216,B3636,Charles Miller,John Thomas,FHA,CONSTRUCTION,NC,75838,US Bank,127637.00,94410.82,5.234,612.38,2010-03-15,2040-03-15,2014-11-16,2014-12-16,CURRENT,0,COMPLETE,FIRST
L006327,B2720,Mary Brown,,CONVENTIONAL,CASH_OUT_REFINANCE,FL,75709,Citimortgage,211415.00,158291.99,4.01,777.13,2013-10-13,2028-10-13,2021-11-21,2021-12-21,CURRENT,0,MISSING,FIRST
L003598,B7730,William Jackson,,FHA,HOME_EQUITY,AR,15232,US Bank,508250.00,254376.14,7.971,3713.66,2014-06-05,2034-06-05,2021-04-10,2021-05-10,CURRENT,0,COMPLETE,SECOND
L007087,B2106,James Anderson,,FIXED,CASH_OUT_REFINANCE,VA,50143,Bank of America,711786.00,456843.83,5.434,3545.52,2014-01-21,2024-01-21,2022-09-13,2022-10-13,CURRENT,0,MISSING,FIRST
L004538,B6311,Linda Anderson,,ARM,HOME_EQUITY,CT,90863,Freedom Mortgage,57427.00,30819.51,7.945,418.24,2014-04-14,2024-04-14,2021-07-03,2021-08-02,CURRENT,0,MISSING,FIRST
L005359,B8084,Jessica Williams,,USDA,CONSTRUCTION,MD,32403,Bank of America,519892.00,446391.28,3.285,1565.52,2022-04-25,2037-04-25,2030-07-02,2030-08-01,CURRENT,0,COMPLETE,SECOND
L005775,B6650,Thomas Lee,,ARM,CASH_OUT_REFINANCE,CO,31281,Wells Fargo Home Mortgage,491052.00,437238.30,7.095,3193.68,2020-10-03,2035-10-03,2026-01-26,2026-02-25,CURRENT,0,INCOMPLETE,SECOND
L007562,B5107,Sarah Miller,,USDA,REFINANCE,KY,97440,Bank of America,593354.00,0.00,6.215,3380.39,2021-05-02,2036-05-02,2029-06-02,2029-07-02,PAID_OFF,0,COMPLETE,SECOND
L006253,B8347,James Martin,,VA,PURCHASE,NV,11157,JPMorgan Chase Bank,92848.00,59911.09,8.025,683.01,2010-06-06,2040-06-06,2017-06-06,2017-07-06,DEFAULT,267,COMPLETE,SECOND
L002342,B6355,John Thomas,,FHA,CONSTRUCTION,UT,62246,Green Tree Servicing,244607.00,0.00,2.543,570.20,2019-10-02,2034-10-02,2021-10-14,2021-11-13,PAID_OFF,0,COMPLETE,FIRST
L003424,B9484,Sarah Martinez,,JUMBO,HOME_EQUITY,GA,41065,Citimortgage,771867.00,568799.41,2.95,2087.26,2010-02-28,2040-02-28,2012-01-07,2012-02-06,CURRENT,0,COMPLETE,FIRST
L006003,B8471,Barbara Williams,,USDA,PURCHASE,TN,95982,Green Tree Servicing,458528.00,231248.38,4.411,1854.02,2016-02-04,2046-02-04,2018-09-24,2018-10-24,CURRENT,0,COMPLETE,SECOND
L001349,B7178,Richard Davis,Mary Jones,FIXED,REFINANCE,FL,27516,Flagstar Bank,524396.00,170737.84,5.258,2527.50,2018-06-20,2048-06-20,2023-03-11,2023-04-10,CURRENT,0,MISSING,FIRST
L007749,B1083,David Garcia,,VA,PURCHASE,OH,80207,SunTrust Mortgage,347045.00,0.00,4.883,1553.40,2020-05-30,2050-05-30,2025-05-05,2025-06-04,CLOSED,0,INCOMPLETE,FIRST
L007002,B3499,Robert Smith,,ARM,CONSTRUCTION,OR,31361,PNC Bank,369992.00,0.00,6.909,2343.25,2013-09-18,2033-09-18,2022-09-16,2022-10-16,PAID_OFF,0,MISSING,SECOND
L002110,B7734,Michael Wilson,,VA,REFINANCE,CO,64473,Quicken Loans,494729.00,389430.15,3.667,1662.99,2016-01-23,2026-01-23,2017-06-13,2017-07-13,CURRENT,0,COMPLETE,SECOND
L000287,B3860,Thomas Johnson,,CONVENTIONAL,REFINANCE,KS,88059,Green Tree Servicing,670515.00,515177.98,0.077,4261.91,2020-01-07,2040-01-07,2029-02-26,2029-03-28,CURRENT,0,COMPLETE,FIRST
L009341,B3309,Thomas Williams,Patricia Brown,FHA,CONSTRUCTION,AZ,44781,Freedom Mortgage,597033.00,361300.09,7.235,3959.57,2018-03-25,2033-03-25,2018-07-24,2018-08-23,CURRENT,0,MISSING,SECOND
L007013,B1893,Patricia Anderson,,JUMBO,CONSTRUCTION,NY,42046,Green Tree Servicing,150416.00,0.00,5.469,754.07,2022-04-07,2042-04-07,2022-05-14,2022-06-13,PAID_OFF,0,COMPLETE,SECOND
L007687,B2585,Joseph Anderson,James Jackson,VA,REFINANCE,VA,39067,JPMorgan Chase Bank,130033.00,44287.40,5.555,662.14,2011-10-22,2041-10-22,2016-01-22,2016-02-21,CURRENT,0,COMPLETE,FIRST
L002905,B4903,Jessica White,,JUMBO,CASH_OUT_REFINANCE,CT,44161,Nationstar Mortgage,136207.00,106237.81,5.354,668.48,2022-07-08,2042-07-08,2024-05-03,2024-06-02,CURRENT,0,COMPLETE,FIRST
L006176,B2436,Lisa Thomas,Richard Johnson,ARM,CASH_OUT_REFINANCE,RI,95296,PNC Bank,718402.00,590339.56,8.429,5550.79,2021-03-02,2041-03-02,2029-10-06,2029-11-05,CURRENT,0,COMPLETE,SECOND
L009288,B4752,Richard Martinez,Jennifer Martin,FIXED,CASH_OUT_REFINANCE,CT,66102,Quicken Loans,331476.00,256103.51,5.361,1628.96,2017-09-11,2032-09-11,2028-07-31,2028-08-30,DELINQUENT,51,COMPLETE,FIRST
L008237,B2096,Richard Jackson,Jessica Brown,ARM,CASH_OUT_REFINANCE,MI,30289,PHH Mortgage,330760.00,154632.63,5.868,1779.16,2011-03-04,2026-03-04,2011-12-04,2012-01-03,CURRENT,0,COMPLETE,SECOND
L007320,B8722,Karen Smith,,JUMBO,CASH_OUT_REFINANCE,MO,18732,Wells Fargo Home Mortgage,622451.00,331668.74,2.522,1439.00,2022-09-28,2052-09-28,2028-09-10,2028-10-10,CURRENT,0,INCOMPLETE,FIRST
L002714,B7058,David Jackson,William Taylor,FHA,PURCHASE,MA,14722,Freedom Mortgage,696276.00,521353.01,3.657,2334.09,2012-07-05,2022-07-05,2016-12-30,2017-01-29,CURRENT,0,COMPLETE,FIRST
L008617,B3606,Jessica Jackson,Jennifer Wilson,FIXED,REFINANCE,AL,36893,Caliber Home Loans,672445.00,476813.58,7.109,4382.04,2010-03-16,2040-03-16,2011-02-19,2011-03-21,DELINQUENT,79,COMPLETE,FIRST
L008853,B8360,Thomas Davis,,VA,CONSTRUCTION,OK,36137,SunTrust Mortgage,419839.00,135293.11,8.113,3122.31,2021-09-02,2031-09-02,2026-05-25,2026-06-24,CURRENT,0,COMPLETE,FIRST
L001700,B7683,William Taylor,Linda Garcia,FHA,HOME_EQUITY,MI,16290,PNC Bank,695161.00,277137.35,5.939,3784.51,2019-04-29,2029-04-29,2027-08-08,2027-09-07,DELINQUENT,75,INCOMPLETE,FIRST
L007768,B7670,Richard Williams,,USDA,PURCHASE,IL,75555,Quicken Loans,709658.00,445226.76,4.167,2710.72,2022-08-15,2037-08-15,2026-05-09,2026-06-08,CURRENT,0,COMPLETE,SECOND
L007730,B3355,Robert White,,CONVENTIONAL,CASH_OUT_REFINANCE,HI,20103,Flagstar Bank,193985.00,121460.00,3.258,579.34,2015-06-05,2035-06-05,2020-07-18,2020-08-17,CURRENT,0,COMPLETE,SECOND
L004363,B3437,Barbara Hernandez,,ARM,CONSTRUCTION,DC,39737,SunTrust Mortgage,404560.00,307921.84,3.205,1188.56,2017-04-16,2047-04-16,2020-10-15,2020-11-14,CURRENT,0,COMPLETE,FIRST
L001465,B4992,Jessica White,,FIXED,HOME_EQUITY,KS,14151,PNC Bank,216794.00,0.00,7.139,1418.72,2019-03-01,2034-03-01,2026-08-11,2026-09-10,PAID_OFF,0,INCOMPLETE,FIRST
L004704,B8066,Charles Moore,Michael Williams,FIXED,REFINANCE,WA,97693,Green Tree Servicing,796404.00,0.00,7.039,5138.73,2010-12-29,2030-12-29,2020-09-07,2020-10-07,PAID_OFF,0,COMPLETE,FIRST
L006346,B5425,William Taylor,Sarah Jones,ARM,HOME_EQUITY,OR,89728,Bank of America,442091.00,176197.52,7.47,3027.22,2015-11-03,2045-11-03,2025-11-07,2025-12-07,CURRENT,0,COMPLETE,SECOND
L001232,B4091,David Williams,Charles Garcia,USDA,PURCHASE,HI,11762,SunTrust Mortgage,667592.00,0.00,7.063,4322.27,2014-01-16,2024-01-16,2015-02-21,2015-03-23,PAID_OFF,0,COMPLETE,SECOND
L008775,B7852,Jessica Brown,David Brown,USDA,REFINANCE,HI,81078,PNC Bank,127219.00,61698.59,4.304,501.92,2011-11-16,2031-11-16,2017-06-08,2017-07-08,CURRENT,0,COMPLETE,FIRST
L009273,B8296,Susan Thompson,Sarah Thompson,ARM,CASH_OUT_REFINANCE,WI,73653,PNC Bank,143978.00,0.00,3.261,430.39,2018-06-16,2038-06-16,2028-11-23,2028-12-23,PAID_OFF,0,COMPLETE,FIRST
L004974,B1897,Patricia Hernandez,,USDA,REFINANCE,WA,88493,Nationstar Mortgage,529068.00,317159.83,5.014,2431.68,2013-07-24,2028-07-24,2021-12-12,2022-01-11,CURRENT,0,COMPLETE,FIRST
L000158,B5888,Jennifer Williams,,ARM,REFINANCE,NJ,51079,Flagstar Bank,483174.00,414638.09,2.824,1250.78,2013-05-20,2028-05-20,2015-09-17,2015-10-17,CURRENT,1,COMPLETE,FIRST
L003538,B2067,Mary Johnson,,USDA,HOME_EQUITY,CA,68817,Bank of America,641909.00,395011.09,4.978,2929.14,2021-08-03,2036-08-03,2025-01-31,2025-03-02,CURRENT,0,INCOMPLETE,SECOND
L007836,B3663,Susan Jones,,FHA,CONSTRUCTION,AL,49049,Freedom Mortgage,360796.00,210077.55,4.334,1433.38,2013-05-03,2043-05-03,2022-05-01,2022-05-31,CURRENT,0,INCOMPLETE,SECOND
L005620,B5177,Linda Johnson,,USDA,PURCHASE,NJ,85147,Flagstar Bank,381469.00,259091.31,6.113,2137.59,2013-07-07,2043-07-07,2019-03-30,2019-04-29,CURRENT,0,INCOMPLETE,SECOND
L007442,B2454,Jennifer Smith,William Jones,FHA,CONSTRUCTION,LA,74715,Nationstar Mortgage,332830.00,0.00,2.865,874.09,2011-05-19,2031-05-19,2017-01-24,2017-02-23,PAID_OFF,0,COMPLETE,FIRST
L005921,B1439,Karen Martin,,FHA,CASH_OUT_REFINANCE,NE,38778,Citimortgage,370373.00,249343.37,5.173,1756.28,2020-02-18,2040-02-18,2021-03-19,2021-04-18,CURRENT,0,COMPLETE,FIRST
L007969,B4913,Charles Hernandez,Patricia Thomas,FIXED,CONSTRUCTION,WI,20205,Nationstar Mortgage,346125.00,119155.34,8.365,2654.06,2017-08-25,2032-08-25,2018-11-22,2018-12-22,CURRENT,0,COMPLETE,FIRST
L006786,B5190,Mary Brown,,VA,CONSTRUCTION,ND,24621,Flagstar Bank,796046.00,454608.68,2.94,2145.34,2015-07-19,2035-07-19,2024-12-13,2025-01-12,CURRENT,0,COMPLETE,SECOND
L008385,B8343,Barbara Hernandez,,FIXED,PURCHASE,AL,90764,Bank of America,529365.00,393833.71,3.882,1883.75,2015-10-31,2030-10-31,2017-02-18,2017-03-20,CURRENT,0,COMPLETE,SECOND
L000395,B6060,Charles Martin,Sarah Martin,CONVENTIONAL,PURCHASE,WI,96278,Nationstar Mortgage,638297.00,0.00,6.371,3727.71,2022-07-19,2032-07-19,2024-10-14,2024-11-13,PENDING,0,COMPLETE,FIRST
L007549,B1215,Linda Brown,,JUMBO,CASH_OUT_REFINANCE,MS,10280,Nationstar Mortgage,208721.00,140868.09,2.882,551.41,2014-07-16,2024-07-16,2025-01-22,2025-02-21,CURRENT,0,MISSING,FIRST
L003536,B2764,Barbara Wilson,Mary Jones,CONVENTIONAL,PURCHASE,NE,87113,JPMorgan Chase Bank,714382.00,415345.03,5.946,3893.74,2019-11-24,2039-11-24,2021-04-01,2021-05-01,CURRENT,0,MISSING,SECOND
L002446,B2418,Michael Hernandez,Jessica Taylor,ARM,REFINANCE,PA,21015,Flagstar Bank,193553.00,105896.17,6.371,1130.37,2022-01-02,2032-01-02,2028-06-13,2028-07-13,CURRENT,0,COMPLETE,SECOND
L009711,B1756,Robert Wilson,,USDA,CONSTRUCTION,IL,83253,PHH Mortgage,70670.00,36506.73,6.452,417.97,2014-04-04,2029-04-04,2016-04-19,2016-05-19,CURRENT,0,COMPLETE,FIRST
L009859,B1618,Patricia Moore,,FIXED,PURCHASE,AL,44531,Flagstar Bank,518955.00,426781.17,6.865,3265.74,2019-04-04,2039-04-04,2028-01-28,2028-02-27,DELINQUENT,78,COMPLETE,SECOND
L007080,B1845,Barbara Davis,Richard Jackson,CONVENTIONAL,PURCHASE,ME,23614,SunTrust Mortgage,774392.00,403152.68,8.427,5981.98,2013-03-04,2028-03-04,2015-01-02,2015-02-01,CURRENT,0,INCOMPLETE,SECOND
L002086,B7472,Michael Jackson,,USDA,REFINANCE,TN,92790,SunTrust Mortgage,657442.00,502131.24,6.947,4186.65,2016-01-04,2046-01-04,2020-10-22,2020-11-21,CURRENT,0,INCOMPLETE,FIRST
L003061,B5288,Barbara Thompson,,ARM,REFINANCE,WY,91059,Caliber Home Loans,237227.00,102268.01,2.942,639.76,2016-06-11,2031-06-11,2025-10-09,2025-11-08,DEFAULT,322,INCOMPLETE,FIRST
L006934,B1359,Lisa Thomas,,USDA,HOME_EQUITY,MI,32433,Citimortgage,518292.00,0.00,3.947,1875.22,2018-12-04,2038-12-04,2025-07-30,2025-08-29,PAID_OFF,0,MISSING,SECOND
L002165,B5317,John Davis,,USDA,CONSTRUCTION,NE,54991,Flagstar Bank,658594.00,0.00,7.172,4329.82,2014-04-04,2034-04-04,2022-08-22,2022-09-21,PAID_OFF,0,INCOMPLETE,SECOND
L007312,B4888,Joseph Wilson,,JUMBO,PURCHASE,MS,90865,JPMorgan Chase Bank,332876.00,159037.45,7.322,2234.21,2012-11-03,2032-11-03,2022-12-25,2023-01-24,DELINQUENT,41,MISSING,SECOND
L004700,B5437,Karen Davis,,CONVENTIONAL,CASH_OUT_REFINANCE,OR,28128,Flagstar Bank,622580.00,203929.99,5.785,3301.49,2022-05-06,2037-05-06,2024-11-28,2024-12-28,DELINQUENT,57,COMPLETE,SECOND
L005824,B9330,Richard Wilson,Linda Williams,VA,CASH_OUT_REFINANCE,OR,86106,Green Tree Servicing,483661.00,219878.59,3.943,1748.15,2020-05-07,2040-05-07,2022-11-16,2022-12-16,CURRENT,0,COMPLETE,FIRST
L006149,B7358,Jessica Lee,Jessica Lee,JUMBO,PURCHASE,KY,96085,Flagstar Bank,636415.00,277345.88,3.267,1905.90,2019-11-27,2034-11-27,2024-01-10,2024-02-09,CURRENT,0,INCOMPLETE,FIRST
L002492,B6727,James Jackson,,CONVENTIONAL,CASH_OUT_REFINANCE,NV,46414,Green Tree Servicing,142980.00,94281.86,6.378,835.93,2012-08-29,2022-08-29,2023-04-04,2023-05-04,CURRENT,0,COMPLETE,SECOND
L004727,B2976,Jessica Lee,,ARM,CASH_OUT_REFINANCE,KY,80996,PNC Bank,147632.00,100587.28,5.402,731.05,2015-02-15,2035-02-15,2022-02-04,2022-03-06,CURRENT,0,COMPLETE,FIRST
L005873,B5973,Jessica Martinez,Susan Jackson,ARM,CONSTRUCTION,MS,29604,Wells Fargo Home Mortgage,308262.00,142328.89,8.385,2369.38,2011-09-18,2031-09-18,2012-10-16,2012-11-15,CURRENT,0,COMPLETE,FIRST
L007358,B9699,John Williams,,CONVENTIONAL,REFINANCE,NH,55221,Green Tree Servicing,374324.00,140476.09,3.342,1146.74,2015-09-26,2045-09-26,2025-05-14,2025-06-13,CURRENT,0,COMPLETE,SECOND
L008871,B2100,Susan Anderson,,JUMBO,CASH_OUT_REFINANCE,NM,94426,Caliber Home Loans,522700.00,345021.98,7.467,3577.75,2021-05-08,2036-05-08,2031-06-24,2031-07-24,CURRENT,0,COMPLETE,SECOND
L003544,B3405,Karen Smith,,ARM,PURCHASE,MS,63263,Flagstar Bank,296637.00,229108.12,2.744,746.14,2018-09-27,2038-09-27,2024-07-05,2024-08-04,CURRENT,0,COMPLETE,SECOND
L000935,B7517,Jessica Moore,,FHA,PURCHASE,VT,25095,SunTrust Mortgage,100768.00,83297.01,6.3,581.94,2013-05-28,2023-05-28,2015-10-23,2015-11-22,CURRENT,0,MISSING,FIRST
L000724,B2888,Richard Martinez,,VA,HOME_EQUITY,WV,44275,JPMorgan Chase Bank,216643.00,86963.08,7.913,1571.44,2027-04-14,2030-12-16,2023-02-05,2023-03-07,CURRENT,0,COMPLETE,FIRST
L007995,B1343,David Williams,Charles Jones,USDA,REFINANCE,VA,85425,Bank of America,115793.00,102944.67,4.479,475.42,2012-04-08,2032-04-08,2020-08-30,2020-09-29,CURRENT,0,INCOMPLETE,FIRST
L004770,B5816,Lisa Brown,,ARM,CASH_OUT_REFINANCE,MO,46244,JPMorgan Chase Bank,780668.00,0.00,7.579,5423.63,2019-07-15,2039-07-15,2024-10-15,2024-11-14,PAID_OFF,0,COMPLETE,SECOND
L002525,B1937,Jennifer Anderson,,ARM,HOME_EQUITY,TN,60242,SunTrust Mortgage,307390.00,146432.54,5.029,1417.04,2014-04-11,2024-04-11,2018-05-25,2018-06-24,CURRENT,0,INCOMPLETE,SECOND
L009654,B9191,Charles Taylor,Patricia Martinez,FHA,CASH_OUT_REFINANCE,MA,52130,Flagstar Bank,742950.00,288254.11,6.365,4334.80,2015-11-13,2045-11-13,2020-07-31,2020-08-30,CURRENT,0,COMPLETE,SECOND
L003741,B8976,James Jones,,CONVENTIONAL,PURCHASE,KS,26036,PNC Bank,783623.00,425697.60,4.232,3039.93,2019-06-23,2034-06-23,2020-08-21,2020-09-20,CURRENT,0,COMPLETE,SECOND
L006706,B6941,Linda Jackson,,USDA,CASH_OUT_REFINANCE,OH,59666,Wells Fargo Home Mortgage,421341.00,164444.27,3.15,1216.62,2016-07-10,2031-07-10,2024-08-18,2024-09-17,CURRENT,0,INCOMPLETE,FIRST
L000214,B2972,David Garcia,,FHA,CASH_OUT_REFINANCE,CT,71780,SunTrust Mortgage,782162.00,416261.37,5.609,4021.55,2017-01-29,2027-01-29,2017-04-17,2017-05-17,DELINQUENT,69,,SECOND
L000408,B7882,Linda Hernandez,,FHA,REFINANCE,AK,31558,PNC Bank,608272.00,633897.66,5.193,2895.53,2010-02-12,2040-02-12,2012-05-19,2012-06-18,CURRENT,0,MISSING,SECOND
L007316,B1158,Michael Miller,Thomas Martin,ARM,REFINANCE,IA,84716,Quicken Loans,622046.00,314064.96,6.3,3592.32,2011-03-12,2026-03-12,2021-12-30,2022-01-29,DELINQUENT,55,COMPLETE,SECOND
L009226,B9682,Joseph Jackson,Lisa Jones,CONVENTIONAL,CASH_OUT_REFINANCE,OH,83966,PHH Mortgage,413882.00,0.00,3.12,1183.70,2019-07-22,2029-07-22,2028-02-27,2028-03-28,PAID_OFF,0,MISSING,SECOND
L001282,B3919,Mary Davis,,FIXED,HOME_EQUITY,WY,82703,Caliber Home Loans,135390.00,102613.36,7.326,909.21,2010-07-17,2025-07-17,2017-03-22,2017-04-21,CURRENT,0,MISSING,SECOND
L006968,B2241,Michael Miller,,JUMBO,HOME_EQUITY,KY,97981,Flagstar Bank,788396.00,217642.83,4.511,3260.08,2012-07-22,2042-07-22,2019-08-28,2019-09-27,CURRENT,0,COMPLETE,SECOND
L006099,B2866,Thomas Brown,,JUMBO,CONSTRUCTION,TN,57332,Wells Fargo Home Mortgage,653794.00,357087.33,7.926,4750.14,2018-08-26,2028-08-26,2026-08-05,2026-09-04,CURRENT,0,COMPLETE,SECOND
L004787,B8738,William Wilson,,JUMBO,PURCHASE,ID,74958,PNC Bank,54479.00,19825.96,3.644,181.98,2016-01-04,2046-01-04,2024-05-15,2024-06-14,CURRENT,0,INCOMPLETE,FIRST
L006046,B3363,Karen Moore,Barbara Lee,JUMBO,CONSTRUCTION,HI,27215,JPMorgan Chase Bank,769402.00,368357.90,7.184,5066.77,2016-12-12,2036-12-12,2021-04-19,2021-05-19,CURRENT,0,COMPLETE,FIRST
L007473,B3470,Jessica Garcia,,CONVENTIONAL,HOME_EQUITY,MD,53066,Freedom Mortgage,433057.00,191489.24,2.62,1040.06,2016-11-13,2036-11-13,2027-02-08,2027-03-10,CURRENT,0,COMPLETE,SECOND
L009845,B2252,Barbara Martin,Charles Jackson,JUMBO,CONSTRUCTION,MA,35322,Nationstar Mortgage,537589.00,298037.89,5.518,2719.21,2012-08-12,2022-08-12,2012-10-07,2012-11-06,CURRENT,0,COMPLETE,FIRST
L004658,B6189,William White,,USDA,REFINANCE,MT,62998,JPMorgan Chase Bank,543181.00,384357.62,2.636,1312.51,2018-05-27,2033-05-27,2028-02-26,2028-03-27,CURRENT,0,INCOMPLETE,FIRST
L006348,B8112,Linda Garcia,,FHA,REFINANCE,OK,19191,PHH Mortgage,400110.00,139043.56,6.274,2301.10,2010-09-25,2020-09-25,2017-11-25,2017-12-25,CURRENT,0,MISSING,SECOND
L006948,B2407,Thomas Davis,,JUMBO,HOME_EQUITY,PA,54408,US Bank,672365.00,506153.57,3.557,2192.30,2012-11-12,2032-11-12,2015-11-23,2015-12-23,CURRENT,0,MISSING,SECOND
L004847,B4600,Robert White,,JUMBO,PURCHASE,ME,32849,Bank of America,780044.00,299345.68,7.516,5374.24,2013-01-26,2028-01-26,2016-01-09,2016-02-08,CURRENT,0,COMPLETE,FIRST
L003506,B3916,William Hernandez,,ARM,REFINANCE,CA,95982,Citimortgage,757766.00,0.00,7.232,5023.48,2010-03-16,2030-03-16,2013-09-08,2013-10-08,PAID_OFF,0,COMPLETE,SECOND
L008840,B1456,Linda Martin,Joseph Johnson,JUMBO,CASH_OUT_REFINANCE,ID,66513,Freedom Mortgage,281605.00,0.00,5.441,1404.53,2022-11-13,2037-11-13,2032-01-12,2032-02-11,PAID_OFF,0,INCOMPLETE,FIRST
L004566,B8288,Mary Williams,,FIXED,PURCHASE,NM,63932,Caliber Home Loans,799956.00,438119.38,7.567,5548.83,2020-06-22,2030-06-22,2024-12-31,2025-01-30,CURRENT,0,INCOMPLETE,FIRST
L003024,B8327,William Thompson,,JUMBO,PURCHASE,MA,55773,PHH Mortgage,471555.00,304633.10,5.884,2543.41,2014-06-19,2029-06-19,2025-01-23,2025-02-22,CURRENT,0,COMPLETE,SECOND
L009298,B6582,Lisa Wilson,,USDA,HOME_EQUITY,AK,32708,Freedom Mortgage,553315.00,200346.62,5.432,2755.14,2011-06-08,2031-06-08,2021-04-07,2021-05-07,CURRENT,0,COMPLETE,FIRST
L001523,B7166,Karen Johnson,,FHA,CASH_OUT_REFINANCE,ME,77128,PNC Bank,365468.00,219969.14,5.585,1871.04,2011-08-08,2041-08-08,2020-03-18,2020-04-17,DEFAULT,298,COMPLETE,FIRST
L005085,B7143,Patricia Martinez,,CONVENTIONAL,HOME_EQUITY,MT,80648,PHH Mortgage,449066.00,314033.60,2.607,1073.16,2010-07-09,2020-07-09,2015-09-08,2015-10-08,DELINQUENT,48,COMPLETE,FIRST
L004512,B8950,Charles Martin,,JUMBO,HOME_EQUITY,HI,15766,Freedom Mortgage,370091.00,142140.82,7.911,2683.81,2021-10-20,2036-10-20,2026-09-07,2026-10-07,CURRENT,0,COMPLETE,FIRST
L001406,B5949,Patricia Thompson,Linda Miller,VA,HOME_EQUITY,TX,39582,Freedom Mortgage,607463.00,334199.82,7.181,3998.68,2018-01-14,2028-01-14,2020-03-11,2020-04-10,CURRENT,0,COMPLETE,SECOND
L007773,B6650,James Jackson,,VA,HOME_EQUITY,CA,91736,US Bank,451567.00,267066.24,4.892,2024.98,2021-04-19,2041-04-19,2031-06-17,2031-07-17,CURRENT,0,COMPLETE,SECOND
L000573,B6891,Michael Miller,,JUMBO,HOME_EQUITY,WA,56151,PNC Bank,477847.00,413130.02,5.91,2588.74,2011-08-13,2031-08-13,2025-11-30,2013-11-09,DELINQUENT,61,COMPLETE,FIRST
L003398,B6840,Barbara White,,FIXED,CASH_OUT_REFINANCE,OR,24233,PNC Bank,286606.00,0.00,4.591,1206.16,2014-06-29,2029-06-29,2017-06-30,2017-07-30,PAID_OFF,0,COMPLETE,FIRST
L009998,B1304,Barbara Martin,,FIXED,REFINANCE,IN,12273,Wells Fargo Home Mortgage,238652.00,181331.27,5.94,1299.46,2012-09-26,2022-09-26,2021-08-19,2021-09-18,DELINQUENT,32,COMPLETE,FIRST
L001404,B8251,Joseph Lee,,FHA,PURCHASE,MD,57078,Flagstar Bank,215603.00,71413.26,3.095,611.68,2016-08-17,2031-08-17,2023-06-10,2023-07-10,CURRENT,0,COMPLETE,FIRST
L006731,B4953,Barbara Davis,James Anderson,ARM,REFINANCE,TN,60134,Nationstar Mortgage,598401.00,366001.73,6.827,3744.84,2014-07-13,2044-07-13,2024-03-24,2024-04-23,CURRENT,0,COMPLETE,SECOND
L001632,B6782,Linda Thomas,,CONVENTIONAL,REFINANCE,WV,28776,SunTrust Mortgage,311301.00,256897.74,7.678,2190.99,2010-06-12,2025-06-12,2012-05-22,2012-06-21,CURRENT,0,COMPLETE,FIRST
L009175,B4379,Charles Miller,Lisa Garcia,JUMBO,REFINANCE,VA,48895,Caliber Home Loans,568922.00,0.00,5.312,2770.27,2018-09-23,2038-09-23,2027-09-15,2027-10-15,CLOSED,0,COMPLETE,FIRST
L006740,B3484,Jessica White,,USDA,CASH_OUT_REFINANCE,TX,13387,PHH Mortgage,606710.00,407453.21,8.449,4698.92,2010-03-03,2020-03-03,2010-07-28,2010-08-27,CURRENT,0,COMPLETE,FIRST
L003322,B1998,Thomas Jackson,Barbara Thomas,FIXED,REFINANCE,NV,90510,Bank of America,693568.00,411728.09,4.786,3042.80,2022-01-27,2037-01-27,2025-01-24,2025-02-23,DELINQUENT,68,INCOMPLETE,FIRST
L007145,B4999,Susan Moore,Jessica Wilson,JUMBO,CONSTRUCTION,DC,21056,PNC Bank,694540.00,403230.69,5.507,3506.10,2010-04-03,2025-04-03,2013-07-20,2013-08-19,CURRENT,0,COMPLETE,FIRST
L001417,B7426,Jennifer Garcia,Charles Martinez,ARM,CASH_OUT_REFINANCE,ME,25769,Wells Fargo Home Mortgage,379268.00,195043.77,8.082,2809.81,2018-08-28,2048-08-28,2023-05-06,2023-06-05,CURRENT,0,COMPLETE,SECOND
L002327,B8194,Michael Brown,,USDA,PURCHASE,VA,54766,Quicken Loans,727555.00,257878.76,5.508,3673.43,2014-03-10,2024-03-10,2016-05-31,2016-06-30,CURRENT,0,COMPLETE,SECOND
L008770,B2852,William Martinez,,ARM,PURCHASE,NV,97925,Green Tree Servicing,704618.00,570908.47,6.474,4181.56,2017-10-06,2037-10-06,2023-05-24,2023-06-23,CURRENT,0,COMPLETE,FIRST
L002811,B7871,Jennifer Brown,,VA,CONSTRUCTION,OR,91543,Quicken Loans,99387.00,29269.71,6.237,568.22,2020-02-15,2035-02-15,2025-02-16,2025-03-18,CURRENT,0,COMPLETE,FIRST
L003326,B9498,Joseph Martinez,Richard Lee,JUMBO,CONSTRUCTION,WA,84508,Citimortgage,568299.00,462480.73,6.754,3518.43,2013-12-02,2033-12-02,2017-03-03,2017-04-02,DEFAULT,128,COMPLETE,SECOND
L005291,B9966,Mary Johnson,Richard Davis,CONVENTIONAL,CASH_OUT_REFINANCE,NV,37768,Freedom Mortgage,424740.00,0.00,4.086,1590.86,2011-09-30,2026-09-30,2022-03-30,2022-04-29,PAID_OFF,0,COMPLETE,SECOND
L004490,B5729,Jennifer Lee,,FHA,CASH_OUT_REFINANCE,MO,73655,Caliber Home Loans,179703.00,94238.68,6.25,1029.55,2020-08-08,2030-08-08,2026-01-05,2026-02-04,CURRENT,0,COMPLETE,SECOND
L007445,B5268,Thomas Miller,,ARM,CONSTRUCTION,MA,90969,Nationstar Mortgage,547402.00,0.00,4.294,2154.67,2022-02-06,2032-02-06,2027-03-21,2027-04-20,CLOSED,0,COMPLETE,FIRST
L003603,B4771,Michael Jackson,Susan Martin,CONVENTIONAL,PURCHASE,ME,54073,Citimortgage,342977.00,187875.53,4.76,1496.52,2021-08-03,2041-08-03,2027-01-13,2027-02-12,DELINQUENT,50,COMPLETE,FIRST
L005865,B5082,Linda Miller,,ARM,PURCHASE,KS,45097,Nationstar Mortgage,530175.00,389077.47,7.138,3469.02,2018-11-28,2028-11-28,2020-01-06,2020-02-05,CURRENT,0,COMPLETE,FIRST
L006586,B5741,Robert Thompson,Sarah Wilson,JUMBO,CONSTRUCTION,RI,44168,Nationstar Mortgage,663617.00,274910.10,6.703,4077.54,2012-12-21,2032-12-21,2016-01-12,2016-02-11,CURRENT,0,COMPLETE,SECOND
L008435,B9466,Linda Hernandez,,USDA,HOME_EQUITY,KS,59233,Caliber Home Loans,488119.00,352146.08,4.526,2025.12,2015-04-23,2030-04-23,2023-04-24,2023-05-24,CURRENT,0,MISSING,FIRST
L003160,B9978,Karen Jones,Michael Williams,FHA,PURCHASE,RI,29563,PNC Bank,409508.00,316328.02,5.728,2150.19,2011-09-25,2041-09-25,2021-09-28,2021-10-28,DELINQUENT,56,MISSING,SECOND
L003414,B3062,Robert Miller,,USDA,REFINANCE,TN,68906,PHH Mortgage,446437.00,297074.43,6.889,2819.21,2015-07-24,2045-07-24,2016-11-22,2016-12-22,DELINQUENT,48,INCOMPLETE,FIRST
L001215,B6731,Jennifer Jackson,John Garcia,USDA,PURCHASE,RI,60805,Quicken Loans,695694.00,296188.53,6.871,4381.77,2022-05-03,2042-05-03,2023-08-21,2023-09-20,DELINQUENT,59,COMPLETE,SECOND
L001551,B8587,Thomas Smith,,FHA,HOME_EQUITY,AZ,62354,Wells Fargo Home Mortgage,178027.00,152803.99,3.368,549.63,2017-11-04,2027-11-04,2021-03-27,2021-04-26,CURRENT,0,COMPLETE,SECOND
L001154,B5342,Michael Martinez,,JUMBO,PURCHASE,SC,60001,Quicken Loans,777603.00,478051.30,6.374,4543.40,2014-10-19,2029-10-19,2019-08-01,2019-08-31,CURRENT,0,COMPLETE,FIRST
L000245,B5994,Robert Williams,Mary Davis,USDA,REFINANCE,IL,47707,Wells Fargo Home Mortgage,227477.00,44151.02,8.426,1756.99,2019-12-02,2034-12-02,2024-12-09,2025-01-08,CLOSED,0,COMPLETE,SECOND
L002924,B9722,Michael Martinez,,FIXED,HOME_EQUITY,TN,91574,Freedom Mortgage,105153.00,91438.99,4.753,458.14,2015-02-23,2045-02-23,2016-02-28,2016-03-29,DELINQUENT,32,MISSING,FIRST
L007774,B7508,Sarah Smith,,ARM,CONSTRUCTION,MO,62148,Caliber Home Loans,218997.00,78141.49,7.475,1500.59,2019-11-10,2039-11-10,2027-04-28,2027-05-28,CURRENT,0,COMPLETE,SECOND
L009239,B2110,Joseph Thomas,Susan Davis,ARM,CASH_OUT_REFINANCE,SC,40615,SunTrust Mortgage,345251.00,0.00,7.139,2259.35,2020-10-31,2040-10-31,2027-01-30,2027-03-01,PAID_OFF,0,COMPLETE,FIRST
L001231,B7115,Patricia Lee,Richard Garcia,FIXED,CASH_OUT_REFINANCE,MN,68618,Bank of America,134046.00,53410.01,7.214,886.42,2018-10-15,2033-10-15,2025-02-05,2025-03-07,CURRENT,0,COMPLETE,SECOND
L001184,B5141,David Martinez,,CONVENTIONAL,PURCHASE,AK,23248,Flagstar Bank,683970.00,517641.52,6.93,4344.92,2017-12-28,2032-12-28,2022-01-27,2022-02-26,CURRENT,0,MISSING,SECOND
L003689,B6773,Sarah Williams,,FIXED,REFINANCE,OK,73994,Green Tree Servicing,183605.00,55131.37,3.381,569.04,2014-08-08,2034-08-08,2018-05-10,2018-06-09,DEFAULT,104,COMPLETE,SECOND
L001058,B3859,Susan Thomas,David Jackson,CONVENTIONAL,CASH_OUT_REFINANCE,WA,51736,US Bank,470785.00,279073.18,6.467,2790.85,2021-05-30,2041-05-30,2028-12-08,2029-01-07,CURRENT,0,COMPLETE,FIRST
L007160,B6809,Karen Martinez,,FHA,REFINANCE,PA,18101,Citimortgage,703117.00,243519.03,3.788,2441.46,2016-02-15,2036-02-15,2016-08-18,2016-09-17,CURRENT,0,COMPLETE,FIRST
L001134,B3255,Thomas Martinez,,VA,CASH_OUT_REFINANCE,MI,22960,Citimortgage,363775.00,103935.33,5.673,1891.72,2014-03-17,2044-03-17,2024-05-14,2024-06-13,CURRENT,0,INCOMPLETE,SECOND
L008070,B7986,Joseph Hernandez,,VA,CASH_OUT_REFINANCE,WY,78978,JPMorgan Chase Bank,525792.00,0.00,4.777,2302.40,2020-01-02,2050-01-02,2023-05-30,2023-06-29,CLOSED,0,COMPLETE,SECOND
L009651,B1060,Jessica Moore,,FIXED,CASH_OUT_REFINANCE,NE,89106,Freedom Mortgage,715566.00,595559.10,6.729,4413.79,2020-02-19,2050-02-19,2026-09-10,2026-10-10,CURRENT,0,COMPLETE,SECOND
L003559,B4383,David Williams,,FIXED,REFINANCE,OR,21847,Flagstar Bank,245711.00,161363.77,2.612,588.31,2022-12-24,2032-12-24,2026-06-20,2026-07-20,DELINQUENT,81,COMPLETE,FIRST
L005902,B4519,John Taylor,,CONVENTIONAL,CONSTRUCTION,AK,67139,Wells Fargo Home Mortgage,361453.00,157733.13,3.825,1267.34,2017-08-15,2027-08-15,2025-09-29,2025-10-29,CURRENT,0,COMPLETE,SECOND
L007211,B6402,William Martin,,FHA,REFINANCE,MS,57020,Green Tree Servicing,160987.00,108363.33,3.037,448.17,2013-03-06,2028-03-06,2017-03-08,2017-04-07,CURRENT,0,COMPLETE,FIRST
L001606,B5750,Richard Thompson,Thomas Anderson,VA,PURCHASE,NJ,36636,SunTrust Mortgage,756332.00,491914.93,6.959,4824.70,2019-05-20,2039-05-20,2024-08-20,2024-09-19,CURRENT,0,COMPLETE,FIRST
L004109,B7053,Michael Garcia,Robert Smith,ARM,CASH_OUT_REFINANCE,MN,30935,Bank of America,298189.00,146137.61,2.558,699.20,2010-02-25,2020-02-25,2014-12-25,2015-01-24,CURRENT,0,COMPLETE,SECOND
L005134,B6067,John Johnson,,USDA,REFINANCE,VA,73808,Nationstar Mortgage,518318.00,471521.25,6.776,3219.45,2018-10-01,2033-10-01,2019-02-12,2019-03-14,CURRENT,0,COMPLETE,SECOND
L003662,B5509,Barbara Martin,Michael Miller,VA,REFINANCE,AR,37671,PHH Mortgage,674916.00,262134.07,5.847,3617.38,2015-10-13,2045-10-13,2020-01-14,2020-02-13,CURRENT,0,COMPLETE,FIRST
L003205,B8760,William Williams,,FHA,REFINANCE,MN,37058,PNC Bank,299479.00,154198.51,4.272,1172.76,2020-10-27,2040-10-27,2031-02-14,2031-03-16,CURRENT,0,COMPLETE,SECOND
L001451,B9986,Thomas Martinez,,CONVENTIONAL,HOME_EQUITY,IL,86615,JPMorgan Chase Bank,272393.00,165889.22,6.546,1634.49,2015-06-27,2025-06-27,2025-03-26,2025-04-25,DELINQUENT,69,COMPLETE,SECOND
L003401,B7088,Jennifer White,Linda Williams,FIXED,PURCHASE,IN,61221,PHH Mortgage,754900.00,664579.37,3.49,2415.05,2012-04-06,2032-04-06,2019-07-21,2019-08-20,CURRENT,0,INCOMPLETE,SECOND
L003796,B7510,James Martinez,,FIXED,PURCHASE,SD,77500,Nationstar Mortgage,260722.00,127637.26,4.467,1067.59,2021-10-20,2041-10-20,2024-01-21,2024-02-20,CURRENT,0,INCOMPLETE,FIRST
L006634,B3415,Linda Johnson,William Anderson,FHA,REFINANCE,MO,74594,Bank of America,54618.00,0.00,4.598,230.21,2021-01-11,2051-01-11,2027-01-22,2027-02-21,PAID_OFF,0,COMPLETE,FIRST
L005290,B2938,Lisa Thomas,,VA,PURCHASE,DE,49220,PNC Bank,381953.00,308139.45,7.814,2735.87,2013-11-19,2028-11-19,2020-05-07,2020-06-06,CURRENT,0,COMPLETE,FIRST
L005258,B9408,Michael Hernandez,,USDA,PURCHASE,WY,52622,Quicken Loans,448481.00,179810.01,5.282,2171.47,2017-05-09,2027-05-09,2018-10-01,2018-10-31,DELINQUENT,49,INCOMPLETE,FIRST
L000391,B9408,Patricia White,,CONVENTIONAL,PURCHASE,OK,58442,SunTrust Mortgage,604844.00,583062.38,3.208,1778.64,2014-10-08,2044-10-08,2020-02-27,2020-03-28,CURRENT,0,COMPLETE,SECOND
L000739,B6254,Jessica Garcia,,VA,REFINANCE,SC,77295,US Bank,356550.00,0.00,6.768,2212.04,,2031-11-12,2018-09-15,2018-10-15,CLOSED,0,INCOMPLETE,FIRST
L006333,B4439,Richard Jackson,,ARM,REFINANCE,IL,52463,Bank of America,580126.00,287685.63,4.954,2634.45,2019-07-11,2034-07-11,2027-07-10,2027-08-09,CURRENT,0,INCOMPLETE,FIRST
L004995,B9998,Linda Martin,Thomas Smith,ARM,CASH_OUT_REFINANCE,MS,87975,Flagstar Bank,50347.00,29272.84,7.336,338.57,2015-08-21,2030-08-21,2018-07-28,2018-08-27,DELINQUENT,32,COMPLETE,FIRST
L009313,B4045,Susan Hernandez,,JUMBO,CASH_OUT_REFINANCE,NH,70389,Freedom Mortgage,52736.00,37355.70,6.089,294.35,2022-09-26,2052-09-26,2026-10-06,2026-11-05,CURRENT,0,COMPLETE,FIRST
L001073,B1610,Lisa Davis,,FIXED,PURCHASE,CA,28538,PHH Mortgage,306307.00,145175.55,2.561,719.08,2016-10-08,2036-10-08,2023-03-17,2023-04-16,CURRENT,0,COMPLETE,SECOND
L009408,B5024,Jennifer Hernandez,Thomas Jones,FHA,HOME_EQUITY,KS,23660,PHH Mortgage,543841.00,372637.68,6.301,3141.18,2012-09-02,2027-09-02,2017-08-29,2017-09-28,DELINQUENT,88,COMPLETE,SECOND
L001800,B0004,Michael Jackson,Karen Jackson,ARM,CASH_OUT_REFINANCE,OH,63134,Flagstar Bank,705898.00,271248.73,6.734,4357.39,2015-07-02,2035-07-02,2023-08-02,2023-09-01,CURRENT,0,COMPLETE,SECOND
L004559,B1509,Robert Moore,Jennifer Johnson,USDA,HOME_EQUITY,WA,58312,Nationstar Mortgage,546931.00,322485.28,6.576,3296.90,2011-06-01,2021-06-01,2012-09-20,2012-10-20,CURRENT,0,COMPLETE,FIRST
L005903,B3930,Linda Hernandez,,VA,PURCHASE,PA,64408,PNC Bank,614778.00,239393.23,7.982,4498.23,2022-01-13,2052-01-13,2025-10-06,2025-11-05,CURRENT,0,COMPLETE,FIRST
L005421,B2527,Jennifer Thompson,,VA,CASH_OUT_REFINANCE,GA,29157,JPMorgan Chase Bank,244057.00,185765.57,4.04,903.82,2018-01-07,2033-01-07,2026-05-22,2026-06-21,CURRENT,0,COMPLETE,SECOND
L000735,B3139,Mary Anderson,,VA,CASH_OUT_REFINANCE,AK,36608,PHH Mortgage,-560326.00,169981.63,4.397,2258.44,2021-11-25,2031-11-25,2029-07-25,2029-08-24,CURRENT,0,COMPLETE,FIRST
L005985,B3378,Richard Brown,,VA,PURCHASE,FL,89417,Bank of America,79373.00,0.00,5.243,381.47,2021-09-18,2041-09-18,2023-08-22,2023-09-21,PAID_OFF,0,COMPLETE,SECOND
L008141,B4217,Thomas Anderson,Jessica Anderson,JUMBO,CONSTRUCTION,NH,76244,JPMorgan Chase Bank,631821.00,266979.73,7.935,4595.71,2018-09-24,2028-09-24,2029-05-20,2029-06-19,DELINQUENT,56,COMPLETE,FIRST
L006887,B2237,James Williams,,JUMBO,CASH_OUT_REFINANCE,MA,74671,Nationstar Mortgage,442692.00,201116.84,7.78,3157.13,2015-09-30,2035-09-30,2019-10-20,2019-11-19,CURRENT,0,COMPLETE,SECOND
L009454,B6161,James Taylor,Sarah Martin,JUMBO,HOME_EQUITY,MO,73613,Quicken Loans,182710.00,70542.62,5.033,842.95,2019-01-06,2049-01-06,2029-03-11,2029-04-10,CURRENT,0,INCOMPLETE,SECOND
L003063,B7222,Robert Wilson,,VA,CONSTRUCTION,OR,52059,Caliber Home Loans,490377.00,294636.46,8.173,3673.86,2010-06-24,2040-06-24,2021-03-30,2021-04-29,CURRENT,0,INCOMPLETE,FIRST
L006370,B9437,Thomas Martinez,,FIXED,REFINANCE,CA,34055,Wells Fargo Home Mortgage,578013.00,280365.64,4.55,2410.80,2019-12-13,2049-12-13,2026-02-25,2026-03-27,CURRENT,0,COMPLETE,SECOND
L009632,B1672,David Taylor,,FIXED,REFINANCE,OH,79922,PNC Bank,793368.00,405494.65,6.338,4609.34,2018-06-24,2048-06-24,2021-08-13,2021-09-12,CURRENT,0,COMPLETE,SECOND
L000229,B6293,Michael Brown,Jessica Anderson,CONVENTIONAL,REFINANCE,MS,46188,SunTrust Mortgage,216316.00,101401.40,6.275,1244.27,2010-12-12,2020-12-12,2013-11-13,2013-12-13,CURRENT,0,,FIRST
L002078,B3543,Michael White,Lisa Taylor,CONVENTIONAL,PURCHASE,SD,98304,Flagstar Bank,237629.00,99631.22,6.042,1316.11,2013-03-15,2023-03-15,2013-06-19,2013-07-19,DELINQUENT,49,INCOMPLETE,SECOND
L000069,B6417,Jennifer White,,JUMBO,CONSTRUCTION,OR,77538,PNC Bank,220387.00,153984.69,6.887,1391.32,2015-10-09,2030-10-09,2016-01-04,2016-02-03,CURRENT,26,COMPLETE,FIRST
L001491,B7246,Jessica Brown,,FHA,PURCHASE,CA,59098,Bank of America,234453.00,172133.63,5.465,1174.51,2014-08-05,2029-08-05,2014-09-07,2014-10-07,CURRENT,0,INCOMPLETE,SECOND
L001254,B6878,Karen Moore,Susan Wilson,USDA,HOME_EQUITY,CA,31286,US Bank,643054.00,0.00,6.163,3632.88,2019-05-22,2049-05-22,2019-10-08,2019-11-07,CLOSED,0,COMPLETE,FIRST
L009951,B1445,Mary Miller,,JUMBO,CONSTRUCTION,ND,89127,Citimortgage,222292.00,175233.89,4.142,844.01,2018-07-06,2048-07-06,2027-05-04,2027-06-03,CURRENT,0,COMPLETE,FIRST
L008074,B4186,Joseph Davis,,USDA,PURCHASE,AR,77810,PHH Mortgage,700833.00,388401.81,3.952,2538.88,2019-04-05,2039-04-05,2029-02-16,2029-03-18,CURRENT,0,COMPLETE,FIRST
L003056,B1970,James Anderson,Linda Brown,FIXED,CONSTRUCTION,HI,48136,JPMorgan Chase Bank,714226.00,534178.59,4.779,3128.85,2011-05-23,2021-05-23,2018-04-24,2018-05-24,CURRENT,0,COMPLETE,FIRST
L004954,B9367,Sarah Martinez,Sarah Brown,FHA,REFINANCE,VA,87768,Nationstar Mortgage,518518.00,416287.06,3.36,1597.04,2015-11-30,2030-11-30,2019-03-28,2019-04-27,CURRENT,0,COMPLETE,FIRST
L002839,B5406,Sarah Moore,,VA,CASH_OUT_REFINANCE,GA,29387,Bank of America,256676.00,206742.36,7.824,1840.88,2015-08-26,2030-08-26,2019-01-22,2019-02-21,DELINQUENT,37,COMPLETE,FIRST
L001963,B4508,Thomas Williams,William Jackson,CONVENTIONAL,REFINANCE,ND,49264,Freedom Mortgage,213183.00,0.00,7.076,1382.78,2015-07-04,2035-07-04,2020-08-12,2020-09-11,CLOSED,0,COMPLETE,SECOND
L001662,B7704,Michael Williams,,CONVENTIONAL,HOME_EQUITY,CO,93032,JPMorgan Chase Bank,637411.00,0.00,5.813,3396.50,2014-09-28,2034-09-28,2015-07-14,2015-08-13,CLOSED,0,COMPLETE,SECOND
L003310,B3535,Jessica Brown,,ARM,REFINANCE,WI,68538,Bank of America,343458.00,242222.76,5.746,1809.05,2022-11-19,2042-11-19,2024-09-27,2024-10-27,CURRENT,0,COMPLETE,FIRST
L003518,B7990,Thomas Williams,,ARM,PURCHASE,ME,63353,PHH Mortgage,160740.00,102610.95,3.457,509.37,2022-06-02,2052-06-02,2027-07-12,2027-08-11,DELINQUENT,83,COMPLETE,FIRST
L002676,B7070,Barbara Anderson,,USDA,CONSTRUCTION,OH,65503,SunTrust Mortgage,384029.00,251367.17,6.681,2351.89,2020-12-28,2040-12-28,2021-10-08,2021-11-07,CURRENT,0,INCOMPLETE,SECOND
L001575,B2798,Linda Williams,,ARM,CASH_OUT_REFINANCE,SC,80327,Freedom Mortgage,179047.00,0.00,8.198,1345.51,2015-08-29,2045-08-29,2020-11-03,2020-12-03,PAID_OFF,0,MISSING,FIRST
L006683,B9287,Jennifer Jackson,Jessica Garcia,CONVENTIONAL,HOME_EQUITY,NV,83325,Freedom Mortgage,585911.00,469476.78,3.952,2122.56,2011-04-01,2041-04-01,2019-01-19,2019-02-18,CURRENT,0,INCOMPLETE,FIRST
L006519,B3996,Michael Taylor,,ARM,CASH_OUT_REFINANCE,OH,14547,PNC Bank,686206.00,0.00,3.537,2224.85,2018-08-21,2048-08-21,2025-09-12,2025-10-12,PAID_OFF,0,COMPLETE,FIRST
L009403,B9218,Sarah White,,VA,HOME_EQUITY,NY,94491,SunTrust Mortgage,100593.00,52424.80,6.492,598.63,2015-05-12,2030-05-12,2026-01-28,2026-02-27,CURRENT,0,COMPLETE,SECOND
L006368,B2940,Jessica Taylor,,ARM,HOME_EQUITY,DE,52010,US Bank,176082.00,46567.88,6.006,969.42,2012-07-31,2032-07-31,2014-05-01,2014-05-31,CURRENT,0,COMPLETE,SECOND
L005213,B7762,Thomas Garcia,,FHA,PURCHASE,WA,25134,Nationstar Mortgage,669877.00,312443.75,4.296,2637.98,2015-08-25,2045-08-25,2018-06-04,2018-07-04,DELINQUENT,74,COMPLETE,SECOND
L009484,B2652,Thomas Taylor,,FIXED,HOME_EQUITY,AZ,38633,Flagstar Bank,133252.00,0.00,6.203,757.68,2010-09-15,2020-09-15,2019-07-01,2019-07-31,PAID_OFF,0,COMPLETE,FIRST
L003911,B9070,Patricia Jones,,JUMBO,CASH_OUT_REFINANCE,MO,55396,Caliber Home Loans,617671.00,510778.32,4.542,2571.67,2015-03-15,2030-03-15,2025-05-22,2025-06-21,CURRENT,0,COMPLETE,SECOND
L009214,B5623,Sarah Moore,,JUMBO,REFINANCE,OK,64875,Green Tree Servicing,516245.00,303459.96,3.473,1643.51,2010-11-28,2040-11-28,2012-02-04,2012-03-05,DELINQUENT,48,COMPLETE,FIRST
L001965,B5524,Michael Garcia,,JUMBO,CONSTRUCTION,DE,68938,Quicken Loans,466472.00,384976.83,8.16,3489.21,2011-12-04,2026-12-04,2019-11-18,2019-12-18,CURRENT,0,INCOMPLETE,SECOND
L008402,B7433,Robert Garcia,,USDA,PURCHASE,TN,61794,PNC Bank,740187.00,305528.69,8.219,5576.63,2017-07-01,2047-07-01,2021-11-25,2021-12-25,CURRENT,0,COMPLETE,SECOND
L008556,B5512,Mary Martin,,JUMBO,PURCHASE,OK,45217,Flagstar Bank,306451.00,238294.10,2.637,740.77,2020-07-29,2035-07-29,2021-07-11,2021-08-10,CURRENT,0,COMPLETE,FIRST
L007754,B7755,Joseph Lee,Jennifer White,USDA,CONSTRUCTION,OR,64667,Wells Fargo Home Mortgage,543338.00,217483.22,7.871,3920.23,2016-04-17,2026-04-17,2026-11-18,2026-12-18,CURRENT,0,COMPLETE,FIRST
L005352,B2776,William Martin,,FHA,CONSTRUCTION,CO,76461,Green Tree Servicing,694793.00,287627.92,6.122,3899.06,2015-01-23,2045-01-23,2017-09-06,2017-10-06,CURRENT,0,COMPLETE,SECOND
L005436,B1862,Barbara Martin,Susan Martinez,USDA,PURCHASE,PA,95300,PNC Bank,239514.00,71868.58,6.532,1434.13,2015-10-30,2035-10-30,2024-01-08,2024-02-07,CURRENT,0,COMPLETE,FIRST
L002632,B9769,Linda Johnson,,VA,CONSTRUCTION,AK,73400,Bank of America,774958.00,380942.40,5.593,3973.15,2019-08-18,2029-08-18,2020-11-29,2020-12-29,CURRENT,0,COMPLETE,FIRST
L004316,B7605,Karen White,,CONVENTIONAL,CONSTRUCTION,LA,21976,Nationstar Mortgage,127390.00,33720.83,8.067,942.02,2012-06-03,2042-06-03,2022-04-17,2022-05-17,CURRENT,0,COMPLETE,FIRST
L009792,B6822,Joseph Martinez,,JUMBO,HOME_EQUITY,OR,22224,Wells Fargo Home Mortgage,405683.00,0.00,3.093,1150.21,2012-12-09,2027-12-09,2021-11-18,2021-12-18,PAID_OFF,0,COMPLETE,FIRST
L000707,B4149,Susan Wilson,,VA,REFINANCE,MO,51963,Nationstar Mortgage,482352.00,475048.22,3.616,1598.84,2021-08-19,2051-08-19,2028-09-30,2028-10-30,CURRENT,0,COMPLETE,SECOND
L005315,B6255,William Jones,,JUMBO,REFINANCE,NY,45739,Citimortgage,704793.00,411649.25,3.815,2464.72,2017-05-03,2027-05-03,2022-04-26,2022-05-26,DELINQUENT,75,COMPLETE,FIRST
L005324,B9819,Susan Davis,,CONVENTIONAL,PURCHASE,CT,33138,US Bank,199703.00,155712.45,6.303,1153.83,2015-10-13,2035-10-13,2025-07-18,2025-08-17,CURRENT,0,MISSING,FIRST
L004280,B9396,Lisa Taylor,Richard Brown,VA,PURCHASE,CT,97967,US Bank,641274.00,307435.77,2.769,1627.71,2014-09-07,2024-09-07,2025-01-03,2025-02-02,CURRENT,0,COMPLETE,SECOND
L008551,B1833,David Lee,,FHA,CONSTRUCTION,HI,88174,PHH Mortgage,632075.00,439739.76,2.624,1520.35,2022-09-12,2032-09-12,2030-10-17,2030-11-16,DELINQUENT,70,COMPLETE,SECOND
L006741,B9753,Robert Johnson,Joseph Brown,FHA,REFINANCE,DC,46733,Quicken Loans,202222.00,80990.79,2.583,478.81,2010-03-15,2025-03-15,2016-03-03,2016-04-02,CURRENT,0,COMPLETE,FIRST
L008569,B6197,Patricia Martinez,,FIXED,HOME_EQUITY,DE,81888,Flagstar Bank,95799.00,56445.73,2.975,261.25,2015-03-18,2025-03-18,2020-09-14,2020-10-14,DELINQUENT,46,COMPLETE,FIRST
L003699,B3193,Robert Thomas,,FIXED,HOME_EQUITY,OR,93852,Bank of America,143729.00,0.00,8.339,1098.68,2011-06-11,2031-06-11,2012-05-16,2012-06-15,CLOSED,0,COMPLETE,FIRST
L006546,B9098,Thomas Thompson,,JUMBO,CASH_OUT_REFINANCE,DE,39515,JPMorgan Chase Bank,296540.00,178218.63,6.08,1652.72,2011-05-03,2041-05-03,2012-05-26,2012-06-25,CURRENT,0,INCOMPLETE,SECOND
L001116,B7071,Charles White,,FHA,PURCHASE,UT,56849,Caliber Home Loans,63343.00,31701.76,2.783,161.59,2014-10-10,2024-10-10,2022-06-23,2022-07-23,CURRENT,0,COMPLETE,SECOND
L004060,B7407,Patricia Garcia,,FIXED,HOME_EQUITY,WV,43691,SunTrust Mortgage,624921.00,190323.79,6.865,3932.58,2014-08-01,2044-08-01,2017-12-27,2018-01-26,CURRENT,0,COMPLETE,FIRST
L003986,B6221,James Moore,,FHA,CONSTRUCTION,HI,20855,Green Tree Servicing,782800.00,405400.86,8.434,6051.96,2020-12-29,2050-12-29,2028-11-19,2028-12-19,CURRENT,0,COMPLETE,FIRST
L008374,B5348,Richard White,Karen Moore,ARM,PURCHASE,MI,49210,JPMorgan Chase Bank,69764.00,32876.17,3.936,251.71,2017-01-05,2027-01-05,2017-08-12,2017-09-11,CURRENT,0,MISSING,SECOND
L005438,B8319,David Wilson,,JUMBO,REFINANCE,MA,95860,Citimortgage,207039.00,93725.19,2.82,535.20,2021-06-07,2036-06-07,2023-07-21,2023-08-20,CURRENT,0,COMPLETE,SECOND
L001235,B7263,Richard Wilson,,ARM,CONSTRUCTION,TX,17194,Freedom Mortgage,56070.00,32661.99,6.669,342.77,2019-06-02,2029-06-02,2029-12-12,2030-01-11,CURRENT,0,COMPLETE,SECOND
L007209,B3377,Barbara Johnson,,USDA,PURCHASE,IA,20058,SunTrust Mortgage,91359.00,33369.00,4.929,412.78,2021-11-16,2051-11-16,2030-11-09,2030-12-09,CURRENT,0,COMPLETE,FIRST
L008503,B6637,Karen Thompson,,ARM,REFINANCE,UT,12652,Wells Fargo Home Mortgage,250631.00,103077.59,6.542,1502.99,2021-05-15,2041-05-15,2030-01-22,2030-02-21,CURRENT,0,COMPLETE,SECOND
L000862,B8877,Susan Anderson,,CONVENTIONAL,HOME_EQUITY,RI,94621,US Bank,153033.00,112705.53,5.134,720.20,2022-02-02,2042-02-02,2022-10-24,2022-11-23,DEFAULT,166,COMPLETE,SECOND
L009863,B2134,David Thomas,Lisa Davis,CONVENTIONAL,CASH_OUT_REFINANCE,RI,16428,US Bank,796997.00,427249.86,6.738,4922.65,2022-12-19,2052-12-19,2023-02-12,2023-03-14,CURRENT,0,COMPLETE,FIRST
L003249,B1788,Jennifer Smith,,FHA,PURCHASE,KY,52043,Freedom Mortgage,529710.00,201864.68,7.904,3837.93,2018-10-03,2048-10-03,2024-04-14,2024-05-14,CURRENT,0,COMPLETE,SECOND
L000233,B1011,John Lee,,FHA,HOME_EQUITY,KS,99551,Freedom Mortgage,719018.00,0.00,5.536,3648.78,2014-02-28,2024-02-28,2025-04-23,2021-04-10,PAID_OFF,0,COMPLETE,FIRST
L008293,B3459,David Martinez,,ARM,REFINANCE,KY,67212,Green Tree Servicing,117469.00,0.00,3.697,398.09,2021-10-05,2031-10-05,2026-05-01,2026-05-31,CLOSED,0,COMPLETE,SECOND
L009216,B1242,Robert Williams,William Williams,VA,HOME_EQUITY,RI,93967,PHH Mortgage,162622.00,60147.82,3.411,508.48,2017-06-14,2032-06-14,2028-04-30,2028-05-30,CURRENT,0,INCOMPLETE,FIRST
L006964,B4544,John Miller,,CONVENTIONAL,REFINANCE,NC,40245,Quicken Loans,193065.00,0.00,3.549,628.09,2020-04-13,2030-04-13,2028-03-03,2028-04-02,PAID_OFF,0,COMPLETE,FIRST
L006623,B2301,Sarah Wilson,,USDA,CASH_OUT_REFINANCE,OH,88236,Caliber Home Loans,335587.00,252988.65,8.099,2491.43,2014-02-05,2034-02-05,2021-07-04,2021-08-03,CURRENT,0,COMPLETE,FIRST
L006719,B5258,Thomas Miller,,FIXED,CASH_OUT_REFINANCE,MD,76294,Quicken Loans,259032.00,0.00,6.603,1567.86,2021-08-03,2041-08-03,2032-04-18,2032-05-18,PAID_OFF,0,MISSING,SECOND
L005252,B9390,David Smith,,JUMBO,PURCHASE,WY,12698,PNC Bank,462988.00,351447.05,4.536,1925.10,2018-06-27,2028-06-27,2021-05-25,2021-06-24,CURRENT,0,COMPLETE,FIRST
L005373,B9883,Sarah Anderson,Sarah Lee,JUMBO,REFINANCE,NH,61029,Bank of America,113754.00,33876.39,4.856,506.36,2019-02-08,2049-02-08,2027-10-28,2027-11-27,CURRENT,0,COMPLETE,FIRST
L007112,B5828,Patricia White,,VA,CASH_OUT_REFINANCE,OR,91256,Green Tree Servicing,208550.00,67007.99,4.149,793.17,2015-07-27,2025-07-27,2020-05-15,2020-06-14,CURRENT,0,INCOMPLETE,FIRST
L008672,B6630,Barbara Jackson,,VA,CASH_OUT_REFINANCE,GA,66867,SunTrust Mortgage,487326.00,0.00,5.249,2344.81,2019-11-28,2049-11-28,2025-09-25,2025-10-25,CLOSED,0,INCOMPLETE,SECOND
L006323,B1395,Mary Davis,David Jackson,CONVENTIONAL,CONSTRUCTION,MO,38822,PNC Bank,555086.00,316094.90,4.156,2114.69,2022-01-04,2037-01-04,2027-06-10,2027-07-10,DELINQUENT,37,COMPLETE,SECOND
L001094,B5003,Jennifer Johnson,,CONVENTIONAL,CASH_OUT_REFINANCE,TX,96932,US Bank,535776.00,0.00,6.51,3197.24,2013-06-16,2043-06-16,2015-06-21,2015-07-21,PAID_OFF,0,INCOMPLETE,FIRST
L002578,B8205,David Wilson,,FHA,CASH_OUT_REFINANCE,MO,61109,Freedom Mortgage,355803.00,303492.39,4.372,1425.94,2022-09-08,2037-09-08,2024-11-24,2024-12-24,DEFAULT,156,COMPLETE,FIRST
L002612,B6377,Lisa Wilson,Robert Lee,CONVENTIONAL,CASH_OUT_REFINANCE,IA,43315,Flagstar Bank,299981.00,140745.72,7.244,1991.97,2015-03-16,2025-03-16,2018-10-28,2018-11-27,CURRENT,0,MISSING,FIRST
L002254,B5690,Linda White,Michael Garcia,FHA,PURCHASE,TN,79283,Caliber Home Loans,330448.00,253891.32,5.229,1583.92,2018-03-08,2033-03-08,2021-05-17,2021-06-16,CURRENT,0,COMPLETE,SECOND
L001141,B9350,William Lee,,FIXED,CONSTRUCTION,VA,21842,PNC Bank,678709.00,470113.73,4.906,3052.27,2015-07-03,2030-07-03,2019-07-18,2019-08-17,CURRENT,0,COMPLETE,SECOND
L008389,B6417,Sarah White,,JUMBO,PURCHASE,MI,12971,Bank of America,656225.00,475121.22,3.229,1942.37,2012-01-03,2022-01-03,2020-01-25,2020-02-24,DELINQUENT,59,COMPLETE,SECOND
L002877,B8403,Jessica Martinez,,JUMBO,CONSTRUCTION,NC,86487,PNC Bank,632631.00,294427.06,7.943,4606.24,2013-12-07,2033-12-07,2024-10-17,2024-11-16,CURRENT,0,COMPLETE,SECOND
L003680,B6265,Jennifer White,,ARM,HOME_EQUITY,DC,62708,Freedom Mortgage,358731.00,251919.24,6.872,2259.77,2021-04-05,2051-04-05,2031-10-23,2031-11-22,CURRENT,0,COMPLETE,FIRST
L008936,B2986,Barbara Smith,,ARM,REFINANCE,LA,81847,Quicken Loans,602748.00,0.00,5.351,2956.53,2018-09-14,2038-09-14,2026-07-01,2026-07-31,CLOSED,0,INCOMPLETE,SECOND
L009217,B8891,Karen Thomas,James Wilson,USDA,CONSTRUCTION,AZ,70574,Bank of America,416233.00,0.00,7.217,2753.62,2010-08-19,2040-08-19,2013-10-28,2013-11-27,PAID_OFF,0,COMPLETE,SECOND
L002101,B1679,John Moore,Richard Wilson,USDA,CASH_OUT_REFINANCE,NM,67662,SunTrust Mortgage,470719.00,216750.89,4.389,1893.82,2011-06-26,2041-06-26,2018-09-20,2018-10-20,DELINQUENT,76,INCOMPLETE,SECOND
L002140,B7882,Mary Garcia,,CONVENTIONAL,CONSTRUCTION,PA,84289,PNC Bank,349524.00,242289.33,5.875,1882.33,2015-06-28,2035-06-28,2022-12-25,2023-01-24,CURRENT,0,COMPLETE,SECOND
L000841,B1275,Jessica Smith,,VA,HOME_EQUITY,NC,34582,Freedom Mortgage,543161.00,553221.23,3.811,1897.49,2012-11-03,2027-11-03,2021-03-13,2021-04-12,CLOSED,0,COMPLETE,FIRST
L000817,B4973,Sarah Smith,,VA,PURCHASE,NV,50371,Quicken Loans,220336.00,0.00,0.0803,1259.92,2011-06-28,2031-06-28,2021-12-15,2022-01-14,PAID_OFF,0,COMPLETE,SECOND
L008283,B4395,Mary Smith,,ARM,PURCHASE,MI,87458,Wells Fargo Home Mortgage,333327.00,135715.83,7.136,2180.40,2011-07-25,2026-07-25,2021-04-19,2021-05-19,CURRENT,0,COMPLETE,SECOND
L009027,B7292,Sarah Jackson,,VA,PURCHASE,TX,76890,Flagstar Bank,592777.00,0.00,3.955,2149.06,2010-05-13,2030-05-13,2017-06-23,2017-07-23,PAID_OFF,0,COMPLETE,SECOND
L005530,B2820,Richard Wilson,,FHA,CONSTRUCTION,NJ,61370,JPMorgan Chase Bank,365816.00,269532.49,6.279,2105.55,2020-01-16,2040-01-16,2025-09-22,2025-10-22,DELINQUENT,67,COMPLETE,FIRST
L001734,B1045,Joseph Brown,,CONVENTIONAL,CONSTRUCTION,HI,47385,Wells Fargo Home Mortgage,786573.00,0.00,3.211,2315.21,2010-01-10,2040-01-10,2015-07-23,2015-08-22,PAID_OFF,0,COMPLETE,SECOND
L000867,B5142,Sarah Davis,,JUMBO,REFINANCE,TN,79248,Flagstar Bank,604251.00,252011.19,3.246,1797.95,2022-06-20,2032-06-20,2025-06-25,2025-07-25,DELINQUENT,60,COMPLETE,FIRST
L008423,B4252,Jennifer Martin,,VA,CASH_OUT_REFINANCE,OH,53258,US Bank,243024.00,117079.25,7.519,1675.02,2011-07-26,2021-07-26,2020-10-11,2020-11-10,CURRENT,0,COMPLETE,FIRST
L001056,B7088,Linda Williams,,CONVENTIONAL,HOME_EQUITY,NM,17264,US Bank,737959.00,0.00,2.796,1891.39,2018-09-27,2033-09-27,2028-02-29,2028-03-30,PAID_OFF,0,INCOMPLETE,SECOND
L001087,B8445,Susan Brown,,USDA,HOME_EQUITY,IA,43006,PHH Mortgage,101887.00,67145.42,7.678,717.10,2020-11-14,2040-11-14,2028-09-23,2028-10-23,CURRENT,0,COMPLETE,SECOND
L000657,B2831,John Moore,,JUMBO,REFINANCE,KY,44078,PNC Bank,227160.00,121014.75,4.699,978.47,2017-08-15,2016-12-01,2027-12-10,2028-01-09,CURRENT,0,COMPLETE,SECOND
L006657,B7829,William White,,JUMBO,CONSTRUCTION,ME,91283,Caliber Home Loans,561876.00,260183.51,7.99,4115.27,2011-10-03,2041-10-03,2014-12-17,2015-01-16,DELINQUENT,35,COMPLETE,FIRST
L003829,B6171,Jennifer Thompson,,CONVENTIONAL,REFINANCE,VA,11651,Citimortgage,549656.00,0.00,8.436,4250.49,2021-05-15,2051-05-15,2030-08-12,2030-09-11,PAID_OFF,0,COMPLETE,SECOND
L009534,B2118,Susan Smith,,JUMBO,CASH_OUT_REFINANCE,AR,53106,US Bank,793541.00,301184.80,4.383,3188.25,2010-09-20,2040-09-20,2012-04-27,2012-05-27,DELINQUENT,47,COMPLETE,FIRST
L006949,B6992,Barbara Brown,,ARM,CASH_OUT_REFINANCE,NE,49771,SunTrust Mortgage,71039.00,0.00,6.113,398.07,2013-08-30,2028-08-30,2014-02-12,2014-03-14,PAID_OFF,0,MISSING,FIRST
L007835,B5556,James Jones,James Johnson,FIXED,CONSTRUCTION,TX,41863,Green Tree Servicing,429199.00,267085.96,8.156,3208.83,2013-12-31,2028-12-31,2019-05-04,2019-06-03,CURRENT,0,COMPLETE,SECOND
L001101,B5549,Jessica Hernandez,,ARM,REFINANCE,OK,10279,Wells Fargo Home Mortgage,653316.00,214558.44,6.644,3978.91,2012-03-01,2027-03-01,2018-01-03,2018-02-02,DELINQUENT,44,COMPLETE,FIRST
L001453,B7522,Susan Smith,Richard Garcia,JUMBO,CONSTRUCTION,ND,32530,SunTrust Mortgage,181350.00,0.00,6.449,1072.07,2022-03-04,2037-03-04,2026-11-03,2026-12-03,PAID_OFF,0,MISSING,FIRST
L002533,B4690,Richard Garcia,Karen Smith,CONVENTIONAL,REFINANCE,WI,96835,Freedom Mortgage,151569.00,119927.88,8.105,1126.09,2010-06-02,2020-06-02,2015-08-27,2015-09-26,DELINQUENT,44,COMPLETE,FIRST
L002654,B9815,Michael Smith,,CONVENTIONAL,HOME_EQUITY,SD,18194,Citimortgage,211246.00,155892.87,5.777,1118.67,2018-11-29,2048-11-29,2026-01-19,2026-02-18,CURRENT,0,COMPLETE,SECOND
L006638,B3697,Barbara Brown,James Brown,ARM,PURCHASE,TN,96739,Quicken Loans,641630.00,327843.76,7.643,4495.31,2020-07-12,2040-07-12,2025-07-06,2025-08-05,DELINQUENT,58,COMPLETE,SECOND
L000484,B6885,Jennifer Miller,,ARM,CASH_OUT_REFINANCE,99,25570,Caliber Home Loans,793670.00,433921.92,3.691,2685.32,2014-04-02,2034-04-02,2014-10-13,2014-11-12,CURRENT,0,MISSING,SECOND
L009323,B8716,John Anderson,Jennifer Miller,JUMBO,CASH_OUT_REFINANCE,ND,57077,Flagstar Bank,492354.00,265110.10,6.364,2872.23,2019-05-22,2039-05-22,2024-09-29,2024-10-29,CURRENT,0,COMPLETE,SECOND
L008991,B6219,Richard Williams,,JUMBO,CASH_OUT_REFINANCE,NE,33074,JPMorgan Chase Bank,326134.00,278169.14,4.867,1455.02,2022-04-02,2052-04-02,2023-12-08,2024-01-07,DEFAULT,181,COMPLETE,FIRST
L004326,B8586,Karen Moore,,JUMBO,PURCHASE,MI,30261,JPMorgan Chase Bank,727771.00,439240.49,8.268,5515.78,2012-08-05,2042-08-05,2019-04-20,2019-05-20,CURRENT,0,MISSING,SECOND
L001329,B2416,Richard Taylor,,USDA,CASH_OUT_REFINANCE,WY,64305,SunTrust Mortgage,439577.00,166245.99,3.054,1230.60,2021-11-17,2031-11-17,2027-03-20,2027-04-19,CURRENT,0,COMPLETE,FIRST
L008178,B8212,Richard Thomas,,USDA,HOME_EQUITY,RI,76491,Wells Fargo Home Mortgage,307225.00,220227.91,4.39,1236.32,2019-06-01,2029-06-01,2025-09-12,2025-10-12,CURRENT,0,MISSING,FIRST
L003159,B2271,David Davis,,JUMBO,CONSTRUCTION,TX,40948,Wells Fargo Home Mortgage,114870.00,0.00,7.402,779.41,2014-09-07,2029-09-07,2017-03-19,2017-04-18,CLOSED,0,INCOMPLETE,SECOND
L007578,B3096,Mary Miller,,VA,CASH_OUT_REFINANCE,KS,54991,JPMorgan Chase Bank,628981.00,235357.13,2.538,1463.32,2017-01-12,2047-01-12,2027-08-20,2027-09-19,CURRENT,0,COMPLETE,FIRST
L008684,B1130,David Thompson,Sarah Martinez,ARM,CASH_OUT_REFINANCE,OR,48580,Citimortgage,109950.00,57338.09,6.131,617.93,2011-11-16,2041-11-16,2017-08-29,2017-09-28,CURRENT,0,COMPLETE,FIRST
L004323,B9021,Richard Williams,,FHA,PURCHASE,AK,98005,Quicken Loans,482577.00,254281.01,6.602,2920.48,2015-05-04,2045-05-04,2019-06-12,2019-07-12,CURRENT,0,INCOMPLETE,SECOND
L000813,B1721,Charles Wilson,,FHA,PURCHASE,GA,18680,Bank of America,,189589.10,2.573,867.07,2012-12-25,2027-12-25,2017-10-03,2017-11-02,CURRENT,0,COMPLETE,FIRST
L008151,B8922,Charles Lee,,FIXED,REFINANCE,TN,56743,JPMorgan Chase Bank,774233.00,257016.60,5.862,4160.34,2015-02-19,2030-02-19,2020-02-11,2020-03-12,DELINQUENT,71,COMPLETE,FIRST
L009090,B9427,John Davis,Lisa Martinez,FIXED,HOME_EQUITY,WY,32683,Bank of America,239159.00,0.00,4.753,1042.00,2020-12-10,2050-12-10,2024-11-18,2024-12-18,PAID_OFF,0,COMPLETE,SECOND
L004759,B2571,Thomas Anderson,,JUMBO,PURCHASE,OR,76479,SunTrust Mortgage,181535.00,0.00,6.313,1050.53,2014-01-08,2044-01-08,2022-12-29,2023-01-28,PAID_OFF,0,COMPLETE,SECOND
L007483,B1562,William Johnson,,ARM,PURCHASE,LA,52317,Green Tree Servicing,54944.00,31535.48,7.498,377.64,2011-04-14,2021-04-14,2017-01-11,2017-02-10,CURRENT,0,COMPLETE,FIRST
L006671,B4660,Jennifer Taylor,,CONVENTIONAL,CONSTRUCTION,WI,92216,Green Tree Servicing,578770.00,231930.96,6.593,3497.84,2016-10-20,2026-10-20,2026-04-22,2026-05-22,CURRENT,0,COMPLETE,FIRST
L002191,B2553,Thomas Davis,James Johnson,FHA,CASH_OUT_REFINANCE,HI,62735,Quicken Loans,576175.00,332887.48,4.663,2462.81,2017-08-31,2037-08-31,2020-11-12,2020-12-12,CURRENT,0,COMPLETE,FIRST
L006240,B6517,James Moore,,FIXED,REFINANCE,IL,66775,Nationstar Mortgage,561784.00,152281.91,2.625,1351.79,2017-01-17,2032-01-17,2019-04-30,2019-05-30,DELINQUENT,56,COMPLETE,FIRST
L008355,B3698,Mary Martin,Mary Davis,CONVENTIONAL,CASH_OUT_REFINANCE,NJ,60856,Nationstar Mortgage,655093.00,368344.29,3.902,2343.16,2012-10-20,2022-10-20,2013-03-09,2013-04-08,CURRENT,0,MISSING,SECOND
L004875,B8814,Joseph White,,JUMBO,CONSTRUCTION,GA,84693,SunTrust Mortgage,322497.00,107581.61,6.491,1918.88,2020-03-08,2040-03-08,2029-08-21,2029-09-20,CURRENT,0,COMPLETE,SECOND
L009764,B3246,Linda Martin,Sarah Anderson,VA,CONSTRUCTION,WY,39705,PNC Bank,301947.00,108423.60,7.407,2050.14,2015-01-12,2025-01-12,2022-01-30,2022-03-01,CURRENT,0,COMPLETE,FIRST
L008173,B3957,Jessica Moore,,USDA,PURCHASE,NJ,59594,PNC Bank,595348.00,358014.36,4.35,2373.95,2016-11-10,2031-11-10,2024-10-03,2024-11-02,DELINQUENT,72,COMPLETE,FIRST
L000626,B4181,Susan Martin,Richard Hernandez,FIXED,PURCHASE,VA,18513,Quicken Loans,736927.00,618862.09,0.0683,4177.39,2010-05-17,2030-05-17,2019-11-05,2019-12-05,DELINQUENT,67,COMPLETE,FIRST
L002150,B2909,Thomas Jones,,USDA,CONSTRUCTION,MS,18831,SunTrust Mortgage,125236.00,53876.21,3.815,437.96,2017-06-30,2047-06-30,2019-09-07,2019-10-07,CURRENT,0,MISSING,FIRST
L001691,B3431,Jennifer Miller,James Lee,CONVENTIONAL,CASH_OUT_REFINANCE,OK,62156,Quicken Loans,422397.00,209853.27,4.858,1881.00,2020-05-21,2050-05-21,2021-08-20,2021-09-19,CURRENT,0,COMPLETE,FIRST
L000814,B5350,Joseph Anderson,,VA,CONSTRUCTION,NY,43827,SunTrust Mortgage,556110.00,0.00,7.222,3681.54,2027-08-13,2044-11-30,2025-04-04,2025-05-04,CLOSED,0,COMPLETE,SECOND
L002379,B3080,Jessica Anderson,,USDA,HOME_EQUITY,MA,13155,PNC Bank,363056.00,307829.64,5.09,1693.96,2016-01-21,2046-01-21,2018-11-14,2018-12-14,CURRENT,0,COMPLETE,FIRST
L008736,B4726,Thomas Garcia,Barbara Jackson,CONVENTIONAL,HOME_EQUITY,IA,20241,Freedom Mortgage,727597.00,522271.05,7.446,4966.21,2015-08-07,2025-08-07,2024-11-15,2024-12-15,CURRENT,0,COMPLETE,SECOND
L004114,B1999,Jessica Martin,Joseph Miller,JUMBO,CONSTRUCTION,TN,50768,PHH Mortgage,149946.00,0.00,5.297,728.08,2017-10-23,2037-10-23,2022-12-15,2023-01-14,PAID_OFF,0,COMPLETE,FIRST
L000266,B2865,Sarah Jackson,,ARM,REFINANCE,MI,73110,Bank of America,769150.00,384901.06,4.5,3172.74,2018-11-19,2028-11-19,2024-08-06,2028-05-18,CURRENT,0,MISSING,SECOND
L001076,B5859,Barbara Garcia,Michael Brown,CONVENTIONAL,CASH_OUT_REFINANCE,KS,40407,Flagstar Bank,242484.00,92582.94,3.643,809.76,2019-02-20,2034-02-20,2029-09-05,2029-10-05,DELINQUENT,59,COMPLETE,SECOND
L002610,B8448,William Smith,,USDA,REFINANCE,SC,97802,US Bank,399272.00,279634.50,7.581,2774.64,2015-06-29,2035-06-29,2024-04-04,2024-05-04,CURRENT,0,COMPLETE,FIRST
L009949,B2551,William Garcia,,VA,CONSTRUCTION,NH,23427,Bank of America,589625.00,0.00,8.437,4560.11,2012-03-22,2032-03-22,2015-12-17,2016-01-16,CLOSED,0,COMPLETE,FIRST
L009618,B6082,Jessica Davis,,FIXED,CASH_OUT_REFINANCE,TX,72146,Caliber Home Loans,336463.00,145510.36,5.848,1803.67,2014-08-22,2034-08-22,2015-03-14,2015-04-13,CURRENT,0,COMPLETE,SECOND
L002569,B9537,David Martin,,CONVENTIONAL,CASH_OUT_REFINANCE,HI,13969,Quicken Loans,527182.00,142283.38,4.922,2378.56,2013-06-19,2043-06-19,2017-01-07,2017-02-06,CURRENT,0,COMPLETE,FIRST
L003960,B4307,Jennifer Moore,James Thompson,FHA,PURCHASE,NE,23286,Nationstar Mortgage,130420.00,0.00,2.52,301.27,2016-07-25,2026-07-25,2019-08-05,2019-09-04,CLOSED,0,INCOMPLETE,SECOND
L009974,B6412,Robert Miller,,FHA,HOME_EQUITY,OR,72989,Caliber Home Loans,211525.00,136405.26,6.176,1197.51,2022-08-07,2052-08-07,2022-09-17,2022-10-17,CURRENT,0,COMPLETE,FIRST
L002749,B6364,Karen Jackson,,JUMBO,CASH_OUT_REFINANCE,FL,44171,Wells Fargo Home Mortgage,482347.00,420701.85,6.56,2900.51,2014-07-15,2034-07-15,2025-01-05,2025-02-04,DELINQUENT,45,COMPLETE,FIRST
L000702,B1783,Richard Taylor,,FHA,CONSTRUCTION,TN,21648,PNC Bank,390275.00,329851.96,5.249,1877.84,2015-11-26,2030-11-26,2024-08-04,2018-05-31,CURRENT,0,COMPLETE,SECOND
L001457,B7495,Mary Taylor,,CONVENTIONAL,HOME_EQUITY,MD,34069,US Bank,417965.00,319734.26,7.309,2800.33,2021-12-26,2051-12-26,2022-12-19,2023-01-18,DELINQUENT,32,COMPLETE,SECOND
L005429,B4609,John Taylor,,FHA,PURCHASE,NV,37489,Nationstar Mortgage,330659.00,255317.77,5.602,1697.99,2014-07-23,2029-07-23,2017-02-19,2017-03-21,CURRENT,0,COMPLETE,SECOND
L003221,B5392,James Lee,,USDA,CONSTRUCTION,PA,73284,PNC Bank,363425.00,126255.41,7.515,2503.54,2022-01-22,2037-01-22,2025-04-03,2025-05-03,DELINQUENT,88,COMPLETE,SECOND
L009574,B6241,David Martinez,,JUMBO,PURCHASE,GA,51526,JPMorgan Chase Bank,214226.00,191810.50,5.777,1134.45,2019-04-02,2029-04-02,2022-07-24,2022-08-23,CURRENT,0,COMPLETE,FIRST
L009184,B5428,Patricia Brown,,CONVENTIONAL,HOME_EQUITY,ID,75710,Quicken Loans,387161.00,285599.62,3.68,1306.02,2018-06-08,2048-06-08,2028-01-14,2028-02-13,CURRENT,0,COMPLETE,FIRST
L004773,B3688,Barbara Jackson,,VA,HOME_EQUITY,KS,76430,SunTrust Mortgage,393745.00,281465.56,5.908,2132.39,2022-08-03,2052-08-03,2023-04-01,2023-05-01,DELINQUENT,68,INCOMPLETE,FIRST
L004970,B3706,Linda Thomas,,CONVENTIONAL,REFINANCE,AK,10539,PNC Bank,661693.00,573385.48,2.664,1615.85,2011-01-31,2026-01-31,2019-05-01,2019-05-31,DELINQUENT,56,COMPLETE,FIRST
L004629,B7713,Robert Thompson,,CONVENTIONAL,CONSTRUCTION,WA,76335,Freedom Mortgage,416032.00,351883.69,3.186,1215.02,2015-09-16,2025-09-16,2018-01-04,2018-02-03,CURRENT,0,COMPLETE,FIRST
L001702,B1765,Joseph Moore,,USDA,HOME_EQUITY,NV,33221,Caliber Home Loans,161680.00,96197.31,3.022,447.88,2017-05-24,2032-05-24,2026-08-21,2026-09-20,CURRENT,0,INCOMPLETE,FIRST
L009189,B4137,Patricia White,,FIXED,HOME_EQUITY,WY,63349,US Bank,524259.00,295833.47,4.882,2346.15,2010-01-16,2040-01-16,2010-09-16,2010-10-16,DEFAULT,109,INCOMPLETE,FIRST
L001717,B3553,Barbara Hernandez,,VA,PURCHASE,NM,86698,Quicken Loans,325232.00,0.00,6.065,1808.15,2011-03-16,2026-03-16,2012-11-07,2012-12-07,CLOSED,0,COMPLETE,SECOND
L006528,B4822,Michael Moore,,VA,CONSTRUCTION,DE,46025,Wells Fargo Home Mortgage,513429.00,0.00,7.007,3297.80,2019-08-18,2029-08-18,2024-05-28,2024-06-27,CLOSED,0,COMPLETE,FIRST
L004056,B6258,Sarah Hernandez,Jennifer Jackson,USDA,CONSTRUCTION,IL,17353,Quicken Loans,79551.00,55631.55,7.906,576.52,2014-04-26,2024-04-26,2020-07-01,2020-07-31,CURRENT,0,MISSING,FIRST
L002121,B9278,James Jackson,Sarah Garcia,FHA,HOME_EQUITY,FL,65461,JPMorgan Chase Bank,323959.00,268042.72,3.484,1034.62,2011-05-21,2021-05-21,2014-09-03,2014-10-03,CURRENT,0,COMPLETE,SECOND
L005470,B8951,Lisa Garcia,Patricia Thompson,JUMBO,CONSTRUCTION,AZ,94734,PHH Mortgage,738758.00,505492.53,6.791,4598.83,2014-09-23,2029-09-23,2024-12-09,2025-01-08,CURRENT,0,COMPLETE,FIRST
L002746,B7430,Susan Williams,,ARM,REFINANCE,LA,29638,SunTrust Mortgage,524313.00,215017.49,3.754,1804.25,2018-09-23,2028-09-23,2021-10-29,2021-11-28,CURRENT,0,COMPLETE,SECOND
L006655,B9665,Jennifer Brown,Mary White,CONVENTIONAL,HOME_EQUITY,CT,16791,Caliber Home Loans,123994.00,0.00,7.764,882.47,2018-08-05,2038-08-05,2021-04-29,2021-05-29,PAID_OFF,0,COMPLETE,SECOND
L001310,B5378,Sarah Thompson,,ARM,CASH_OUT_REFINANCE,VT,88401,Citimortgage,380365.00,0.00,6.07,2116.41,2014-09-08,2024-09-08,2020-08-18,2020-09-17,PAID_OFF,0,INCOMPLETE,FIRST
L002100,B3137,Richard Lee,Lisa White,CONVENTIONAL,CASH_OUT_REFINANCE,NV,13862,Bank of America,61410.00,0.00,4.666,262.66,2012-01-08,2027-01-08,2012-10-22,2012-11-21,PAID_OFF,0,INCOMPLETE,SECOND
L002648,B6066,Charles Brown,Patricia Martinez,ARM,CONSTRUCTION,CT,39148,SunTrust Mortgage,163124.00,74091.26,5.423,810.90,2017-11-30,2037-11-30,2022-07-25,2022-08-24,CURRENT,0,COMPLETE,FIRST
L006076,B5719,Charles Martin,,ARM,CASH_OUT_REFINANCE,NC,93963,PNC Bank,71301.00,54738.38,7.431,485.68,2014-04-18,2044-04-18,2018-02-07,2018-03-09,CURRENT,0,COMPLETE,FIRST
L008464,B1178,James Lee,,USDA,PURCHASE,LA,43214,SunTrust Mortgage,386230.00,322283.06,6.723,2380.24,2017-12-12,2037-12-12,2024-01-09,2024-02-08,DEFAULT,363,COMPLETE,FIRST
L002986,B1807,Patricia Johnson,,ARM,HOME_EQUITY,NJ,43020,Quicken Loans,297789.00,189750.04,7.852,2143.39,2015-03-25,2030-03-25,2019-07-11,2019-08-10,CURRENT,0,COMPLETE,SECOND
L008549,B1254,David Martin,,FIXED,REFINANCE,DE,79994,Wells Fargo Home Mortgage,438020.00,170437.84,8.038,3227.40,2010-04-10,2040-04-10,2017-05-15,2017-06-14,DELINQUENT,60,COMPLETE,FIRST
L009483,B2126,Patricia Garcia,,JUMBO,CONSTRUCTION,MO,65669,Nationstar Mortgage,580008.00,0.00,2.503,1330.78,2016-04-30,2046-04-30,2018-10-28,2018-11-27,CLOSED,0,COMPLETE,FIRST
L003313,B4850,Barbara Brown,,JUMBO,PURCHASE,AL,51962,PHH Mortgage,69029.00,48604.99,7.361,465.78,2016-06-03,2031-06-03,2018-12-17,2019-01-16,DELINQUENT,44,COMPLETE,SECOND
L003617,B2419,Barbara Williams,Linda Moore,VA,CONSTRUCTION,AR,46136,PHH Mortgage,735376.00,418784.39,3.788,2553.47,2013-07-21,2033-07-21,2018-11-26,2018-12-26,CURRENT,0,COMPLETE,SECOND
L000201,B2127,Robert White,Sarah White,USDA,PURCHASE,NC,79655,Nationstar Mortgage,290977.00,-237392.03,4.769,1272.03,2012-12-19,2022-12-19,2013-03-26,2013-04-25,CURRENT,0,COMPLETE,FIRST
L000524,B5305,Michael Hernandez,,FIXED,REFINANCE,CT,88766,Caliber Home Loans,595984.00,22996.38,6.834,3733.54,2020-02-08,2035-02-08,2027-04-20,2027-05-20,CLOSED,0,COMPLETE,FIRST
L004833,B1949,Michael Brown,,FHA,PURCHASE,DC,73445,PHH Mortgage,624166.00,0.00,4.637,2653.07,2014-01-20,2034-01-20,2022-09-02,2022-10-02,PAID_OFF,0,COMPLETE,FIRST
L005068,B7544,Thomas Martinez,,JUMBO,CONSTRUCTION,WA,31891,SunTrust Mortgage,604244.00,0.00,7.911,4381.83,2021-02-17,2041-02-17,2024-03-08,2024-04-07,CLOSED,0,COMPLETE,SECOND
L007606,B7952,Mary Thomas,,CONVENTIONAL,PURCHASE,MS,49346,Freedom Mortgage,251416.00,0.00,3.595,828.52,2013-10-30,2043-10-30,2015-03-16,2015-04-15,CLOSED,0,COMPLETE,FIRST
L007977,B6473,John Thomas,Karen Smith,JUMBO,PURCHASE,RI,46586,Green Tree Servicing,765330.00,671955.41,5.268,3695.78,2011-10-09,2031-10-09,2018-05-14,2018-06-13,DEFAULT,161,COMPLETE,FIRST
L009691,B8908,John Williams,Karen Johnson,VA,CONSTRUCTION,WY,23159,JPMorgan Chase Bank,159437.00,127350.85,2.999,438.31,2010-08-03,2030-08-03,2021-06-10,2021-07-10,DEFAULT,151,COMPLETE,SECOND
L000232,B5828,Lisa Lee,Thomas Jones,JUMBO,CASH_OUT_REFINANCE,LA,44517,Nationstar Mortgage,619097.00,457892.96,6.682,3792.07,2014-04-04,2029-04-04,2024-10-30,2020-07-07,CURRENT,0,INCOMPLETE,SECOND
L007514,B8850,Sarah Jones,,ARM,CASH_OUT_REFINANCE,MT,88285,Nationstar Mortgage,427286.00,238555.42,2.855,1118.24,2017-10-21,2047-10-21,2027-12-12,2028-01-11,CURRENT,0,COMPLETE,FIRST
L000607,B1747,Robert White,,ARM,PURCHASE,SC,59700,JPMorgan Chase Bank,373496.00,238778.48,5.186,1775.54,2027-03-23,2029-12-18,2021-01-20,2021-02-19,CURRENT,0,COMPLETE,SECOND
L007351,B8007,Barbara Hernandez,,FIXED,CASH_OUT_REFINANCE,WA,92962,Flagstar Bank,313114.00,185294.93,7.177,2059.95,2018-12-13,2028-12-13,2021-07-25,2021-08-24,CURRENT,0,MISSING,FIRST
L009999,B5609,Jessica Williams,,JUMBO,REFINANCE,AL,38947,Bank of America,337596.00,154574.44,2.916,902.39,2014-03-11,2034-03-11,2019-02-16,2019-03-18,DELINQUENT,74,COMPLETE,SECOND
L002203,B4643,David Williams,Karen Garcia,VA,HOME_EQUITY,WI,33301,Bank of America,738975.00,395710.86,3.695,2502.97,2012-09-26,2042-09-26,2021-05-21,2021-06-20,CURRENT,0,COMPLETE,FIRST
L007975,B9921,Thomas Thompson,,FHA,PURCHASE,AZ,82961,PNC Bank,639486.00,0.00,2.907,1704.07,2022-05-16,2042-05-16,2029-08-24,2029-09-23,PAID_OFF,0,COMPLETE,SECOND
L009945,B6446,Jennifer Martin,Jessica Miller,CONVENTIONAL,HOME_EQUITY,AK,41194,Freedom Mortgage,275585.00,127962.17,6.719,1697.35,2010-03-06,2025-03-06,2012-12-13,2013-01-12,CURRENT,0,COMPLETE,FIRST
L000050,B9882,Linda Jackson,Karen Thompson,VA,CONSTRUCTION,IL,82305,Bank of America,354466.00,5088.35,7.848,2550.03,2013-07-14,2028-07-14,2022-07-07,2022-08-06,CLOSED,0,INCOMPLETE,FIRST
L000857,B8422,William Wilson,,ARM,PURCHASE,DC,35725,Caliber Home Loans,215042.00,79145.20,7.473,1473.09,2021-12-14,2036-12-14,2032-09-23,2032-10-23,CURRENT,0,COMPLETE,SECOND
L007154,B3023,William Miller,,JUMBO,REFINANCE,WV,95486,Bank of America,277689.00,226537.51,7.963,2026.97,2016-01-01,2026-01-01,2017-09-28,2017-10-28,CURRENT,0,MISSING,SECOND
L005724,B7416,Sarah Brown,,FHA,CASH_OUT_REFINANCE,IL,92432,PNC Bank,83001.00,0.00,5.546,421.96,2017-07-27,2037-07-27,2023-10-24,2023-11-23,PAID_OFF,0,COMPLETE,SECOND
L003494,B8235,Richard Johnson,,FHA,CONSTRUCTION,WA,77254,Caliber Home Loans,756676.00,448603.41,6.605,4581.36,2013-04-10,2033-04-10,2017-02-02,2017-03-04,CURRENT,0,COMPLETE,FIRST
L008648,B7301,Charles Lee,Thomas Garcia,CONVENTIONAL,REFINANCE,PA,19774,JPMorgan Chase Bank,73190.00,66963.49,3.203,214.89,2017-02-03,2027-02-03,2027-11-29,2027-12-29,CURRENT,0,COMPLETE,SECOND
L003655,B5887,Patricia Jones,,ARM,PURCHASE,MA,57169,PNC Bank,233771.00,118647.59,8.312,1781.18,2013-05-07,2023-05-07,2020-11-20,2020-12-20,DELINQUENT,42,COMPLETE,SECOND
L007137,B5269,Charles Thomas,Thomas Taylor,ARM,PURCHASE,OH,33734,Nationstar Mortgage,671487.00,404828.25,3.498,2153.12,2011-08-11,2041-08-11,2022-06-02,2022-07-02,CURRENT,0,COMPLETE,SECOND
L000356,B4010,Jennifer Davis,,FIXED,REFINANCE,OR,87858,Flagstar Bank,710766.00,347503.05,5.16,3361.92,2013-01-19,2023-01-19,2025-03-16,2017-09-16,CURRENT,0,COMPLETE,SECOND
L007882,B7658,William Martinez,,CONVENTIONAL,REFINANCE,MS,76518,Freedom Mortgage,114596.00,42698.45,6.831,717.57,2019-05-18,2034-05-18,2020-02-18,2020-03-19,DELINQUENT,32,MISSING,SECOND
L001513,B4776,David Hernandez,Barbara Martin,USDA,HOME_EQUITY,NC,40156,Quicken Loans,370385.00,254628.95,3.261,1107.17,2013-05-03,2033-05-03,2013-06-11,2013-07-11,CURRENT,0,COMPLETE,SECOND
L005934,B8644,Mary Jackson,Lisa Martin,FIXED,HOME_EQUITY,DE,56285,PNC Bank,168881.00,62523.19,6.623,1025.29,2013-06-02,2023-06-02,2016-10-30,2016-11-29,DELINQUENT,84,COMPLETE,FIRST
L003335,B8566,William Jackson,,ARM,CASH_OUT_REFINANCE,NM,16201,Bank of America,431239.00,0.00,7.687,3038.69,2022-04-23,2052-04-23,2030-04-30,2030-05-30,PAID_OFF,0,COMPLETE,FIRST
L001861,B9368,Karen Jones,,JUMBO,CASH_OUT_REFINANCE,MO,52067,PHH Mortgage,544641.00,259539.77,3.453,1723.92,2015-11-17,2045-11-17,2020-05-28,2020-06-27,CURRENT,0,COMPLETE,SECOND
L000700,B4909,Charles Martin,Richard Hernandez,ARM,PURCHASE,DC,38316,SunTrust Mortgage,428222.00,205082.73,5.981,2347.76,2019-06-18,2049-06-18,2027-08-07,2027-09-06,DELINQUENT,59,,FIRST
L002066,B3944,Robert White,Joseph Johnson,FIXED,REFINANCE,WY,19040,PNC Bank,458560.00,289230.62,4.938,2075.67,2012-05-16,2032-05-16,2022-06-13,2022-07-13,DELINQUENT,85,COMPLETE,FIRST
L007564,B5725,Joseph Jackson,James Williams,FIXED,HOME_EQUITY,WY,28091,Freedom Mortgage,366835.00,96818.35,6.277,2110.74,2012-04-17,2022-04-17,2017-05-11,2017-06-10,CURRENT,0,COMPLETE,SECOND
L008695,B4749,Richard Jackson,Charles Brown,CONVENTIONAL,HOME_EQUITY,NE,38564,Wells Fargo Home Mortgage,554847.00,304722.64,4.349,2211.94,2022-10-26,2042-10-26,2027-03-26,2027-04-25,CURRENT,0,COMPLETE,FIRST
L008364,B7541,Michael Miller,,VA,PURCHASE,WI,50151,JPMorgan Chase Bank,265939.00,208207.21,7.963,1941.20,2018-03-14,2033-03-14,2022-04-30,2022-05-30,CURRENT,0,INCOMPLETE,FIRST
L007062,B4128,John Lee,,CONVENTIONAL,HOME_EQUITY,KS,19605,US Bank,462705.00,174861.03,8.197,3476.73,2020-02-24,2035-02-24,2030-12-15,2031-01-14,CURRENT,0,MISSING,SECOND
L008786,B5612,Susan Williams,,VA,PURCHASE,RI,89874,Wells Fargo Home Mortgage,421869.00,0.00,3.554,1374.38,2018-03-03,2033-03-03,2022-03-12,2022-04-11,PAID_OFF,0,COMPLETE,FIRST
L006421,B2843,Jessica Williams,,JUMBO,CONSTRUCTION,MS,80835,Green Tree Servicing,93971.00,75210.31,5.197,447.67,2016-05-31,2036-05-31,2020-09-18,2020-10-18,CURRENT,0,COMPLETE,FIRST
L009596,B2616,Karen Anderson,,FHA,CONSTRUCTION,MS,65565,PNC Bank,274883.00,186527.68,6.843,1724.27,2012-10-23,2042-10-23,2018-12-15,2019-01-14,DELINQUENT,64,COMPLETE,SECOND
L001659,B1242,Linda Moore,John Martinez,VA,PURCHASE,IL,39669,JPMorgan Chase Bank,201778.00,147273.43,3.46,639.97,2015-10-28,2030-10-28,2018-09-20,2018-10-20,CURRENT,0,COMPLETE,FIRST
L001259,B1494,Jennifer Moore,,CONVENTIONAL,PURCHASE,MI,64912,Nationstar Mortgage,742598.00,478700.93,7.604,5176.16,2020-04-07,2035-04-07,2026-02-19,2026-03-21,CURRENT,0,MISSING,FIRST
L007984,B3504,Patricia Miller,,FHA,PURCHASE,WI,11644,Caliber Home Loans,61450.00,49653.82,4.696,264.52,2022-04-12,2032-04-12,2023-07-13,2023-08-12,DELINQUENT,72,INCOMPLETE,SECOND
L005152,B9196,William Brown,,CONVENTIONAL,CASH_OUT_REFINANCE,TN,74308,Freedom Mortgage,362452.00,0.00,8.376,2782.91,2022-07-30,2032-07-30,2025-04-13,2025-05-13,PAID_OFF,0,INCOMPLETE,FIRST
L008636,B4553,David Johnson,Lisa Anderson,USDA,REFINANCE,UT,17046,Bank of America,203567.00,81003.92,5.694,1062.52,2021-11-24,2051-11-24,2023-08-31,2023-09-30,CURRENT,0,COMPLETE,FIRST
L008854,B5809,Richard Taylor,,USDA,HOME_EQUITY,MD,15739,Citimortgage,196222.00,129129.38,6.009,1080.84,2011-06-14,2026-06-14,2022-05-17,2022-06-16,CURRENT,0,COMPLETE,SECOND
L009000,B6743,Jennifer Jones,Karen Davis,CONVENTIONAL,PURCHASE,DC,76892,Freedom Mortgage,729594.00,346166.71,3.187,2131.45,2014-02-19,2044-02-19,2015-09-26,2015-10-26,CURRENT,0,COMPLETE,FIRST
L005122,B9667,Mary Thompson,Jennifer White,USDA,PURCHASE,AK,39659,SunTrust Mortgage,178024.00,104249.27,5.044,823.12,2016-12-23,2036-12-23,2019-09-07,2019-10-07,CURRENT,0,COMPLETE,FIRST
L009763,B1098,Lisa Smith,David Smith,USDA,HOME_EQUITY,OK,83197,JPMorgan Chase Bank,255781.00,176420.32,8.244,1932.94,2017-02-01,2032-02-01,2027-03-17,2027-04-16,CURRENT,0,INCOMPLETE,SECOND
L000223,B8891,Thomas Jones,,JUMBO,HOME_EQUITY,MD,11090,PHH Mortgage,615883.00,276469.58,3.863,2180.89,2012-01-04,2042-01-04,2024-10-06,2015-08-17,CURRENT,0,COMPLETE,SECOND
L001151,B1647,Joseph Jones,David Williams,CONVENTIONAL,PURCHASE,TN,74847,PHH Mortgage,324691.00,92881.93,2.907,865.22,2013-10-27,2028-10-27,2023-12-07,2024-01-06,CURRENT,0,COMPLETE,SECOND
L001650,B5078,Thomas Taylor,,FIXED,REFINANCE,AZ,41486,Citimortgage,143747.00,0.00,5.523,727.76,2019-11-05,2034-11-05,2026-07-11,2026-08-10,PAID_OFF,0,COMPLETE,SECOND
L002774,B2221,Jessica Smith,,VA,REFINANCE,TX,89752,US Bank,490973.00,367906.44,7.447,3351.59,2010-04-22,2020-04-22,2018-11-13,2018-12-13,CURRENT,0,COMPLETE,SECOND
L002161,B6407,Susan Thomas,,USDA,PURCHASE,WA,69779,Citimortgage,484688.00,0.00,5.21,2314.79,2012-03-14,2032-03-14,2012-10-24,2012-11-23,PAID_OFF,0,COMPLETE,FIRST
L008534,B9347,Jessica White,,JUMBO,CONSTRUCTION,MD,25648,US Bank,605268.00,178407.65,6.787,3765.62,2013-12-06,2023-12-06,2019-05-23,2019-06-22,DELINQUENT,47,MISSING,SECOND
L008756,B3655,Richard Jones,,VA,PURCHASE,RI,63421,Bank of America,590377.00,312254.75,5.058,2737.28,2019-06-17,2029-06-17,2020-04-11,2020-05-11,CURRENT,0,COMPLETE,FIRST
L006182,B9328,Charles Jones,,USDA,HOME_EQUITY,PA,54072,Green Tree Servicing,146771.00,61133.04,3.569,480.17,2022-04-21,2052-04-21,2033-03-03,2033-04-02,CURRENT,0,COMPLETE,SECOND
L005820,B1176,William Brown,Thomas Garcia,ARM,REFINANCE,NV,32379,US Bank,553878.00,456144.91,7.43,3772.37,2020-10-15,2030-10-15,2028-09-20,2028-10-20,CURRENT,0,COMPLETE,SECOND
L007784,B5654,William Taylor,William Brown,FHA,CONSTRUCTION,MI,14977,Quicken Loans,615448.00,221407.63,8.133,4588.32,2017-11-29,2032-11-29,2022-10-20,2022-11-19,CURRENT,0,COMPLETE,FIRST
L004622,B4447,David Thomas,,FIXED,CONSTRUCTION,OR,59329,PHH Mortgage,143860.00,98888.61,5.625,741.78,2021-07-08,2036-07-08,2029-02-01,2029-03-03,CURRENT,0,COMPLETE,SECOND
L005184,B1586,David Martin,,VA,PURCHASE,ND,51288,Green Tree Servicing,515481.00,221687.94,5.8,2740.64,2013-10-30,2028-10-30,2020-04-21,2020-05-21,DELINQUENT,70,COMPLETE,SECOND
L003734,B5475,Charles Miller,,FHA,CONSTRUCTION,KS,34911,Quicken Loans,106690.00,43992.82,7.181,702.30,2016-01-31,2036-01-31,2026-02-12,2026-03-14,CURRENT,0,COMPLETE,SECOND
L001511,B7316,Charles Thompson,,CONVENTIONAL,REFINANCE,SC,41701,Freedom Mortgage,129789.00,64251.00,6.504,773.80,2011-08-02,2021-08-02,2018-11-16,2018-12-16,CURRENT,0,COMPLETE,SECOND
L000254,B1528,John Garcia,,JUMBO,HOME_EQUITY,IL,74217,PHH Mortgage,478436.00,605424.09,7.087,3108.12,2010-05-03,2030-05-03,2021-01-27,2021-02-26,CURRENT,0,INCOMPLETE,SECOND
L008997,B2911,Joseph Lee,Joseph Taylor,FIXED,CASH_OUT_REFINANCE,WI,65600,US Bank,263008.00,164269.18,2.997,722.55,2017-03-24,2047-03-24,2019-11-26,2019-12-26,CURRENT,0,COMPLETE,SECOND
L009360,B7033,John Brown,,CONVENTIONAL,REFINANCE,MS,36709,JPMorgan Chase Bank,310549.00,94784.10,2.913,829.24,2019-12-03,2039-12-03,2023-06-15,2023-07-15,CURRENT,0,COMPLETE,SECOND
L008478,B8587,Linda Moore,,ARM,HOME_EQUITY,MT,47372,PHH Mortgage,561522.00,373379.22,8.142,4190.92,2017-01-01,2032-01-01,2025-01-08,2025-02-07,DELINQUENT,39,COMPLETE,FIRST
L008116,B2214,David White,Linda Anderson,USDA,REFINANCE,MD,92880,US Bank,468252.00,325489.81,4.146,1779.59,2016-12-17,2026-12-17,2022-09-09,2022-10-09,DEFAULT,139,INCOMPLETE,SECOND
L008761,B6577,Richard White,,VA,REFINANCE,ND,74558,Wells Fargo Home Mortgage,566032.00,344098.63,8.375,4345.47,2019-08-08,2034-08-08,2027-12-01,2027-12-31,CURRENT,0,MISSING,SECOND
L004623,B4791,Linda Garcia,,USDA,HOME_EQUITY,AL,91966,PNC Bank,661822.00,369300.77,2.902,1760.56,2022-04-10,2032-04-10,2022-10-29,2022-11-28,CURRENT,0,INCOMPLETE,FIRST
L008379,B9151,James Wilson,,CONVENTIONAL,CASH_OUT_REFINANCE,AK,57782,PHH Mortgage,199334.00,106794.64,6.187,1130.51,2012-08-07,2022-08-07,2013-05-05,2013-06-04,DELINQUENT,81,COMPLETE,SECOND
L007304,B8321,Richard Davis,,ARM,CONSTRUCTION,WI,84545,PHH Mortgage,701956.00,0.00,2.555,1644.04,2010-09-26,2025-09-26,2014-07-29,2014-08-28,CLOSED,0,COMPLETE,FIRST
L001900,B1551,Lisa Johnson,Susan Garcia,FHA,PURCHASE,GA,27082,SunTrust Mortgage,533569.00,0.00,6.258,3060.82,2018-05-04,2048-05-04,2018-06-23,2018-07-23,PAID_OFF,0,COMPLETE,SECOND
L008267,B7470,William Garcia,Sarah Martinez,FIXED,HOME_EQUITY,SC,72929,Green Tree Servicing,271605.00,141238.20,4.926,1226.43,2019-04-08,2049-04-08,2027-06-28,2027-07-28,CURRENT,0,COMPLETE,SECOND
L000481,B2855,Charles Thomas,Barbara Martin,FIXED,PURCHASE,IN,70693,SunTrust Mortgage,404375.00,173042.46,7.984,2959.49,2026-10-23,2025-08-09,2018-12-09,2019-01-08,CURRENT,0,COMPLETE,SECOND
L003008,B8885,Jessica Wilson,Joseph Thompson,FHA,HOME_EQUITY,ND,89036,Green Tree Servicing,123680.00,92470.88,2.865,324.81,2013-03-29,2033-03-29,2016-11-12,2016-12-12,CURRENT,0,COMPLETE,SECOND
L007750,B2869,Joseph Smith,,JUMBO,CONSTRUCTION,IL,25971,JPMorgan Chase Bank,307324.00,0.00,3.191,898.95,2016-01-10,2026-01-10,2024-01-31,2024-03-01,PAID_OFF,0,COMPLETE,SECOND
L009157,B5171,John Wilson,,USDA,CONSTRUCTION,TX,87283,Wells Fargo Home Mortgage,761722.00,604600.47,2.938,2051.44,2012-06-26,2022-06-26,2014-11-04,2014-12-04,CURRENT,0,COMPLETE,FIRST
L006912,B8505,Sarah Smith,,CONVENTIONAL,HOME_EQUITY,RI,38162,Caliber Home Loans,689048.00,238313.97,5.469,3454.37,2021-07-01,2051-07-01,2023-11-11,2023-12-11,DELINQUENT,68,COMPLETE,FIRST
L003915,B4774,Lisa White,,JUMBO,CASH_OUT_REFINANCE,NE,66256,Nationstar Mortgage,50769.00,43037.34,7.0,325.77,2010-05-16,2040-05-16,2019-07-02,2019-08-01,CURRENT,0,INCOMPLETE,FIRST
L007222,B7773,Mary Thompson,,USDA,CASH_OUT_REFINANCE,NC,55821,Freedom Mortgage,784465.00,250369.00,4.967,3571.73,2017-11-20,2047-11-20,2019-09-11,2019-10-11,CURRENT,0,COMPLETE,SECOND
L003492,B1898,Linda Miller,,CONVENTIONAL,CASH_OUT_REFINANCE,PA,97506,PNC Bank,628260.00,246412.22,8.182,4712.05,2022-12-24,2037-12-24,2024-07-14,2024-08-13,DELINQUENT,34,COMPLETE,FIRST
L009475,B8170,Robert Taylor,Lisa Williams,JUMBO,CONSTRUCTION,RI,92535,Wells Fargo Home Mortgage,125087.00,46398.54,4.829,553.71,2018-01-13,2028-01-13,2027-02-27,2027-03-29,CURRENT,0,COMPLETE,SECOND
L006383,B2506,Robert Hernandez,Jessica Garcia,FHA,CONSTRUCTION,IL,96080,Freedom Mortgage,146524.00,102741.81,5.142,690.64,2016-02-26,2026-02-26,2016-07-03,2016-08-02,DELINQUENT,66,COMPLETE,SECOND
L008885,B8177,Sarah Wilson,,CONVENTIONAL,PURCHASE,KS,24063,SunTrust Mortgage,271207.00,76924.47,2.972,738.86,2012-07-20,2027-07-20,2012-10-20,2012-11-19,CURRENT,0,COMPLETE,FIRST
L008466,B3491,Mary Martin,,FIXED,PURCHASE,VT,89501,Citimortgage,377237.00,170447.53,2.839,981.73,2012-09-29,2032-09-29,2014-08-24,2014-09-23,DEFAULT,245,COMPLETE,SECOND
L004251,B6057,Jennifer Lee,,CONVENTIONAL,HOME_EQUITY,NJ,92281,Nationstar Mortgage,219614.00,159647.02,8.303,1671.50,2018-04-03,2033-04-03,2026-04-20,2026-05-20,DEFAULT,220,COMPLETE,SECOND
L008721,B9847,Mary Thomas,,JUMBO,CASH_OUT_REFINANCE,FL,85166,PNC Bank,55475.00,20699.57,5.504,279.89,2022-03-30,2032-03-30,2030-01-09,2030-02-08,CURRENT,0,COMPLETE,FIRST
L002563,B8756,Susan Jackson,,CONVENTIONAL,CONSTRUCTION,MD,58958,Caliber Home Loans,718035.00,216211.18,6.857,4513.27,2010-04-24,2030-04-24,2012-11-24,2012-12-24,CURRENT,0,COMPLETE,FIRST
L008366,B6867,Jennifer Taylor,Karen Anderson,CONVENTIONAL,CASH_OUT_REFINANCE,RI,66011,PNC Bank,793828.00,517880.83,5.246,3817.39,2015-07-14,2035-07-14,2021-11-26,2021-12-26,DEFAULT,157,COMPLETE,FIRST
L003705,B9598,Charles Taylor,,USDA,CONSTRUCTION,AZ,15908,US Bank,579397.00,0.00,3.367,1788.26,2011-01-20,2041-01-20,2015-05-16,2015-06-15,PAID_OFF,0,COMPLETE,FIRST
L009159,B6779,Mary Hernandez,,FHA,HOME_EQUITY,SC,68939,SunTrust Mortgage,445242.00,352391.65,3.755,1532.56,2019-04-25,2039-04-25,2020-05-22,2020-06-21,DELINQUENT,33,MISSING,SECOND
L003044,B6672,Sarah Martinez,Joseph Martinez,JUMBO,CASH_OUT_REFINANCE,VA,13618,Green Tree Servicing,597609.00,224201.46,5.778,3165.24,2021-09-21,2041-09-21,2029-03-22,2029-04-21,CURRENT,0,INCOMPLETE,SECOND
L002974,B2050,William Thompson,,JUMBO,PURCHASE,NC,10933,Wells Fargo Home Mortgage,239410.00,145976.71,6.535,1434.17,2010-04-25,2030-04-25,2012-08-02,2012-09-01,CURRENT,0,INCOMPLETE,FIRST
L003706,B7038,Susan Wilson,,JUMBO,PURCHASE,VA,73681,Citimortgage,284158.00,153507.36,6.654,1733.22,2020-07-04,2050-07-04,2027-03-29,2027-04-28,DELINQUENT,83,COMPLETE,FIRST
L005164,B4591,Michael Moore,,USDA,HOME_EQUITY,NY,87566,Wells Fargo Home Mortgage,308366.00,144649.55,2.893,817.76,2016-11-12,2046-11-12,2025-02-12,2025-03-14,CURRENT,0,MISSING,FIRST
L002288,B5418,William Thompson,Karen Williams,JUMBO,CASH_OUT_REFINANCE,AK,73529,PHH Mortgage,422666.00,0.00,8.197,3175.88,2020-12-01,2050-12-01,2023-08-25,2023-09-24,CLOSED,0,COMPLETE,FIRST
L004447,B8343,James Moore,,FIXED,PURCHASE,AZ,79877,Green Tree Servicing,294320.00,116509.66,5.905,1593.13,2016-02-08,2031-02-08,2019-08-11,2019-09-10,CURRENT,0,COMPLETE,SECOND
L005342,B4627,David Wilson,,CONVENTIONAL,REFINANCE,SC,69140,Nationstar Mortgage,460985.00,385921.87,4.479,1892.69,2021-05-14,2041-05-14,2029-07-14,2029-08-13,CURRENT,0,COMPLETE,FIRST
L001561,B2300,William White,,USDA,HOME_EQUITY,UT,74034,US Bank,292274.00,225991.23,4.644,1244.21,2014-07-02,2024-07-02,2025-02-04,2025-03-06,CURRENT,0,INCOMPLETE,SECOND
L003833,B6614,Karen Taylor,,ARM,CONSTRUCTION,TN,90970,JPMorgan Chase Bank,784695.00,252406.18,5.219,3754.05,2015-09-20,2030-09-20,2020-12-11,2021-01-10,CURRENT,0,INCOMPLETE,FIRST
L007568,B5345,David Davis,Richard Thompson,VA,HOME_EQUITY,PA,36366,SunTrust Mortgage,383476.00,0.00,5.705,2005.42,2021-04-26,2031-04-26,2023-02-28,2023-03-30,PAID_OFF,0,COMPLETE,SECOND
L007254,B8028,Karen Wilson,Joseph Thomas,USDA,CASH_OUT_REFINANCE,ID,32097,SunTrust Mortgage,315557.00,95459.58,3.542,1024.56,2013-11-04,2043-11-04,2016-05-16,2016-06-15,CURRENT,0,COMPLETE,FIRST
L002549,B8358,Michael White,,USDA,PURCHASE,IL,13447,Citimortgage,693887.00,223687.00,2.717,1728.18,2022-04-28,2042-04-28,2028-08-15,2028-09-14,CURRENT,0,COMPLETE,FIRST
L000036,B3147,Jessica Taylor,,FHA,CONSTRUCTION,HI,90031,US Bank,676258.00,462490.87,4.76,2950.74,2013-08-22,2028-08-22,2023-01-17,2023-02-16,UNKNOWN,32,COMPLETE,SECOND
L008498,B1583,Susan Martin,,USDA,PURCHASE,ME,39417,PNC Bank,336775.00,142829.32,6.501,2006.93,2017-09-30,2047-09-30,2026-07-28,2026-08-27,CURRENT,0,COMPLETE,FIRST
L002660,B8605,John Lee,,CONVENTIONAL,CONSTRUCTION,OH,92094,Bank of America,674739.00,298041.16,7.184,4443.38,2021-05-24,2031-05-24,2024-07-22,2024-08-21,CURRENT,0,COMPLETE,SECOND
L004320,B7775,Patricia Martinez,Mary Wilson,FIXED,PURCHASE,FL,73895,SunTrust Mortgage,62758.00,0.00,2.566,147.62,2016-10-09,2036-10-09,2018-12-12,2019-01-11,PAID_OFF,0,INCOMPLETE,FIRST
L002412,B3809,Lisa Williams,James Moore,JUMBO,REFINANCE,DC,88224,Caliber Home Loans,602146.00,272695.66,8.305,4584.09,2019-12-04,2034-12-04,2025-09-07,2025-10-07,CURRENT,0,COMPLETE,SECOND
L004967,B2412,Richard Davis,,VA,HOME_EQUITY,OK,89295,Quicken Loans,288391.00,250301.64,3.713,981.56,2013-06-16,2033-06-16,2024-04-17,2024-05-17,CURRENT,0,COMPLETE,SECOND
L007407,B1842,William Brown,Sarah White,USDA,PURCHASE,AL,43321,Quicken Loans,709461.00,337320.45,5.303,3448.75,2017-10-28,2032-10-28,2027-07-30,2027-08-29,CURRENT,0,COMPLETE,FIRST
L007994,B9492,James Johnson,,USDA,PURCHASE,KY,19331,Wells Fargo Home Mortgage,81034.00,66406.21,2.583,191.87,2017-06-07,2027-06-07,2020-12-09,2021-01-08,CURRENT,0,COMPLETE,FIRST
L002354,B9653,John Hernandez,,VA,CONSTRUCTION,WV,17184,Quicken Loans,202940.00,0.00,3.262,606.82,2011-05-27,2041-05-27,2021-07-07,2021-08-06,CLOSED,0,COMPLETE,SECOND
L001420,B4048,James Martinez,,JUMBO,HOME_EQUITY,VT,70770,Green Tree Servicing,204501.00,171171.95,7.225,1354.39,2016-07-25,2046-07-25,2021-10-27,2021-11-26,CURRENT,0,COMPLETE,FIRST
L007448,B6852,Sarah Taylor,,USDA,REFINANCE,HI,24184,Green Tree Servicing,218393.00,69626.20,6.914,1384.14,2010-05-09,2040-05-09,2020-04-11,2020-05-11,CURRENT,0,COMPLETE,SECOND
L009682,B9904,Jessica Martinez,,ARM,PURCHASE,SD,58875,Caliber Home Loans,80228.00,51542.47,6.817,501.34,2013-05-31,2023-05-31,2017-09-12,2017-10-12,CURRENT,0,COMPLETE,SECOND
L004733,B4461,Thomas Thompson,,USDA,REFINANCE,ME,60657,PHH Mortgage,432145.00,231147.58,6.513,2580.01,2012-07-07,2027-07-07,2015-09-15,2015-10-15,DELINQUENT,58,COMPLETE,FIRST
L000413,B4046,Barbara Thompson,,FIXED,REFINANCE,TN,29321,Freedom Mortgage,304963.00,158776.05,3.326,929.78,2010-12-28,2020-12-28,2012-07-02,2012-08-01,CURRENT,0,,SECOND
L009314,B8415,Patricia Hernandez,,FIXED,HOME_EQUITY,GA,37021,JPMorgan Chase Bank,114721.00,43714.99,4.859,510.98,2011-08-30,2021-08-30,2015-04-07,2015-05-07,CURRENT,0,COMPLETE,FIRST
L009582,B2521,David Hernandez,Charles Smith,JUMBO,CONSTRUCTION,SC,47001,Quicken Loans,559910.00,335527.80,3.439,1765.07,2018-06-25,2028-06-25,2028-01-22,2028-02-21,CURRENT,0,COMPLETE,FIRST
L005086,B1892,William Smith,,FHA,PURCHASE,WY,66587,Freedom Mortgage,204552.00,138694.88,4.387,822.59,2021-01-24,2041-01-24,2023-04-04,2023-05-04,CURRENT,0,COMPLETE,FIRST
L008637,B9747,Sarah Wilson,,JUMBO,REFINANCE,NJ,59505,Flagstar Bank,792404.00,255418.48,2.933,2130.44,2017-01-15,2037-01-15,2017-12-25,2018-01-24,CURRENT,0,COMPLETE,FIRST
L007814,B5716,Linda Williams,,VA,REFINANCE,ND,53876,Bank of America,92231.00,62675.11,4.782,404.29,2022-05-09,2032-05-09,2026-09-26,2026-10-26,CURRENT,0,COMPLETE,FIRST
L005830,B6681,Susan Moore,David Williams,VA,CONSTRUCTION,NM,43108,Nationstar Mortgage,678847.00,516521.03,3.621,2253.26,2021-10-16,2031-10-16,2026-02-04,2026-03-06,CURRENT,0,COMPLETE,FIRST
L002963,B6519,Joseph Williams,Lisa Miller,VA,HOME_EQUITY,OK,99241,SunTrust Mortgage,140747.00,75629.19,4.539,585.61,2022-12-28,2042-12-28,2026-07-25,2026-08-24,CURRENT,0,COMPLETE,FIRST
L009538,B1790,Joseph Davis,Robert Taylor,USDA,CONSTRUCTION,ND,61161,Flagstar Bank,284187.00,114951.68,3.459,901.09,2017-07-17,2027-07-17,2023-03-01,2023-03-31,CURRENT,0,COMPLETE,FIRST
L008297,B5733,Lisa Davis,,ARM,PURCHASE,TN,69074,Citimortgage,142024.00,71391.27,8.338,1085.51,2020-09-24,2035-09-24,2021-01-11,2021-02-10,DEFAULT,193,INCOMPLETE,FIRST
L001681,B8832,Joseph Davis,,JUMBO,CASH_OUT_REFINANCE,DE,51551,PHH Mortgage,184067.00,85384.61,3.68,620.92,2014-11-22,2024-11-22,2015-08-30,2015-09-29,CURRENT,0,COMPLETE,SECOND
L005671,B1384,Richard Wilson,,FHA,PURCHASE,MI,96446,Flagstar Bank,298479.00,124045.50,7.373,2017.30,2018-08-04,2033-08-04,2025-09-25,2025-10-25,CURRENT,0,COMPLETE,SECOND
L005510,B7184,Joseph Wilson,,FHA,CASH_OUT_REFINANCE,PA,90772,Freedom Mortgage,523424.00,228604.41,3.346,1605.43,2019-04-26,2049-04-26,2025-09-07,2025-10-07,CURRENT,0,INCOMPLETE,SECOND
L003993,B5431,Lisa Jones,,JUMBO,HOME_EQUITY,MS,22857,PHH Mortgage,329140.00,237704.59,6.212,1874.23,2021-04-07,2051-04-07,2026-10-10,2026-11-09,CURRENT,0,COMPLETE,FIRST
L002730,B4332,Robert Jackson,Patricia Garcia,CONVENTIONAL,CONSTRUCTION,NY,81524,Wells Fargo Home Mortgage,390777.00,327386.85,8.155,2921.22,2017-01-28,2032-01-28,2020-01-22,2020-02-21,DELINQUENT,68,COMPLETE,FIRST
L007120,B9924,Mary Thomas,John Davis,FHA,CASH_OUT_REFINANCE,NE,68199,Freedom Mortgage,267449.00,131341.14,3.549,870.08,2013-04-23,2043-04-23,2020-04-11,2020-05-11,CURRENT,0,COMPLETE,SECOND
L007269,B4674,Jessica Jackson,Karen Martinez,VA,REFINANCE,CO,69536,Freedom Mortgage,796878.00,623537.27,7.733,5648.74,2020-02-05,2040-02-05,2026-07-20,2026-08-19,CURRENT,0,COMPLETE,FIRST
L009787,B9623,Richard Smith,,VA,PURCHASE,VT,75712,Citimortgage,118377.00,45072.73,4.624,501.76,2020-12-04,2040-12-04,2026-04-13,2026-05-13,CURRENT,0,INCOMPLETE,SECOND
L009093,B3276,Lisa Thompson,,FIXED,PURCHASE,NC,26087,Caliber Home Loans,465000.00,226664.57,3.653,1557.09,2016-07-18,2036-07-18,2023-01-30,2023-03-01,CURRENT,0,COMPLETE,FIRST
L008353,B7807,Michael Williams,,ARM,CASH_OUT_REFINANCE,MN,22953,PHH Mortgage,360082.00,143915.52,5.507,1817.72,2012-09-11,2032-09-11,2019-04-27,2019-05-27,CURRENT,0,COMPLETE,FIRST
L009268,B5088,Linda Smith,,CONVENTIONAL,REFINANCE,VT,71988,SunTrust Mortgage,62458.00,44817.61,4.132,236.57,2013-06-12,2028-06-12,2014-03-31,2014-04-30,CURRENT,0,COMPLETE,SECOND
L003284,B4462,James Moore,,JUMBO,CASH_OUT_REFINANCE,IA,28258,Wells Fargo Home Mortgage,495904.00,0.00,3.119,1417.83,2015-09-17,2025-09-17,2020-08-21,2020-09-20,PAID_OFF,0,COMPLETE,FIRST
L003342,B7417,Joseph Garcia,,FIXED,PURCHASE,MS,14373,Nationstar Mortgage,84885.00,28412.18,5.347,416.06,2015-11-24,2030-11-24,2019-10-05,2019-11-04,DELINQUENT,35,COMPLETE,SECOND
L004662,B4197,David Taylor,,USDA,CASH_OUT_REFINANCE,OK,69546,Bank of America,353446.00,275628.69,4.955,1605.38,2013-10-07,2043-10-07,2015-08-21,2015-09-20,CURRENT,0,COMPLETE,SECOND
L000482,B6828,Susan Smith,Sarah Miller,CONVENTIONAL,HOME_EQUITY,WA,77412,Bank of America,56177.00,27983.94,6.193,318.91,2017-05-15,2037-05-15,2021-06-02,2021-07-02,CURRENT,0,,SECOND
L004853,B7044,Linda Moore,,FHA,HOME_EQUITY,NJ,80207,PNC Bank,436014.00,0.00,3.859,1542.36,2015-01-22,2025-01-22,2019-01-13,2019-02-12,CLOSED,0,COMPLETE,SECOND
L004715,B5531,James Garcia,,JUMBO,CONSTRUCTION,MI,94814,Bank of America,455490.00,294186.72,6.542,2731.50,2017-03-24,2047-03-24,2027-03-16,2027-04-15,DELINQUENT,56,COMPLETE,SECOND
L004375,B4971,Barbara Thompson,William Jones,ARM,CASH_OUT_REFINANCE,UT,89590,Quicken Loans,609821.00,345223.01,7.587,4241.15,2015-02-04,2030-02-04,2015-12-31,2016-01-30,CURRENT,0,MISSING,SECOND
L005014,B8080,Joseph Brown,Lisa Garcia,FIXED,REFINANCE,PA,57038,SunTrust Mortgage,159942.00,81738.03,5.653,828.81,2017-06-14,2037-06-14,2020-06-11,2020-07-11,DELINQUENT,47,COMPLETE,SECOND
L002314,B7168,Patricia Thomas,,USDA,HOME_EQUITY,PA,23454,Quicken Loans,164808.00,124313.03,6.932,1047.24,2011-02-22,2041-02-22,2013-08-03,2013-09-02,CURRENT,0,COMPLETE,FIRST
L000650,B7148,Jennifer Thomas,,VA,REFINANCE,OR,64811,SunTrust Mortgage,-613706.00,536162.72,3.29,1850.84,2012-10-08,2022-10-08,2017-04-15,2017-05-15,CURRENT,0,COMPLETE,SECOND
L009531,B1795,Sarah Wilson,,JUMBO,CONSTRUCTION,OR,62037,Freedom Mortgage,171482.00,78331.82,7.43,1167.94,2019-03-06,2034-03-06,2023-05-23,2023-06-22,CURRENT,0,MISSING,SECOND
L008061,B9994,Barbara Moore,,VA,PURCHASE,MI,45949,Quicken Loans,91039.00,56690.35,7.515,627.14,2018-04-03,2028-04-03,2018-12-23,2019-01-22,CURRENT,0,COMPLETE,FIRST
L001489,B9208,Richard Moore,,CONVENTIONAL,CASH_OUT_REFINANCE,FL,57638,Freedom Mortgage,574787.00,314601.94,4.992,2630.23,2013-03-04,2043-03-04,2015-12-14,2016-01-13,CURRENT,0,COMPLETE,FIRST
L001111,B8936,Charles Martinez,,CONVENTIONAL,HOME_EQUITY,OK,35367,Citimortgage,72642.00,44759.07,5.875,391.21,2022-05-30,2052-05-30,2025-12-07,2026-01-06,DELINQUENT,69,COMPLETE,SECOND
L000667,B1106,Patricia Moore,,ARM,HOME_EQUITY,NV,33941,Quicken Loans,384713.00,123216.73,7.86,2771.86,2021-06-06,2051-06-06,2025-06-14,2027-02-25,CURRENT,0,COMPLETE,FIRST
L000810,B2279,William Miller,,USDA,REFINANCE,NM,11449,JPMorgan Chase Bank,677296.00,47564.62,4.264,2647.32,2021-06-30,2051-06-30,2022-01-11,2022-02-10,CLOSED,0,COMPLETE,FIRST
L006445,B5357,Karen Wilson,Susan Jackson,CONVENTIONAL,HOME_EQUITY,AR,38977,US Bank,653773.00,0.00,3.537,2119.70,2020-02-13,2030-02-13,2027-05-23,2027-06-22,CLOSED,0,COMPLETE,FIRST
L007486,B2146,Michael Williams,,CONVENTIONAL,HOME_EQUITY,MD,12876,Flagstar Bank,421909.00,170223.73,7.81,3020.52,2010-08-26,2030-08-26,2016-04-07,2016-05-07,CURRENT,0,COMPLETE,FIRST
L001361,B2570,Charles Thompson,Patricia Thomas,JUMBO,REFINANCE,CA,36975,Green Tree Servicing,353327.00,123491.94,7.23,2341.67,2010-08-12,2040-08-12,2015-04-12,2015-05-12,CURRENT,0,COMPLETE,FIRST
L002984,B8025,Barbara Williams,Linda Martin,FIXED,REFINANCE,NY,44553,Green Tree Servicing,773237.00,456658.29,6.971,4941.05,2022-03-27,2052-03-27,2031-03-02,2031-04-01,CURRENT,0,COMPLETE,FIRST
L009616,B5902,John Williams,,FHA,CASH_OUT_REFINANCE,HI,46553,Freedom Mortgage,709917.00,0.00,4.72,3071.57,2013-09-22,2023-09-22,2018-06-06,2018-07-06,CLOSED,0,COMPLETE,SECOND
L005054,B6808,Jennifer Williams,,ARM,PURCHASE,MN,81682,PHH Mortgage,714370.00,341231.98,4.469,2926.48,2015-07-10,2045-07-10,2023-05-31,2023-06-30,DELINQUENT,79,COMPLETE,SECOND
L001239,B8021,Sarah White,,FHA,REFINANCE,CO,49292,PHH Mortgage,122835.00,33185.16,5.34,601.28,2017-08-18,2027-08-18,2023-06-13,2023-07-13,CURRENT,0,INCOMPLETE,FIRST
L000881,B2897,Linda Jackson,,USDA,HOME_EQUITY,IL,27890,Caliber Home Loans,303860.00,170514.59,4.324,1204.40,2022-06-09,2032-06-09,2031-06-03,2031-07-03,CURRENT,0,COMPLETE,FIRST
L000334,B9800,Jennifer Moore,,CONVENTIONAL,REFINANCE,MS,56507,Caliber Home Loans,54539.00,40013.90,8.341,417.00,2027-01-11,2027-03-19,2022-08-14,2022-09-13,CURRENT,0,COMPLETE,SECOND
L003223,B8349,Robert Hernandez,Jennifer Martin,FIXED,REFINANCE,ND,10761,PNC Bank,515089.00,0.00,8.433,3981.77,2015-10-24,2035-10-24,2022-01-14,2022-02-13,PAID_OFF,0,COMPLETE,SECOND
L002185,B2221,Karen Smith,,USDA,REFINANCE,AR,76060,PHH Mortgage,385299.00,0.00,5.26,1857.78,2016-06-07,2046-06-07,2022-01-22,2022-02-21,CLOSED,0,COMPLETE,FIRST
L001951,B2968,Susan Johnson,Susan Brown,JUMBO,CONSTRUCTION,TX,44823,Citimortgage,264593.00,165998.03,4.71,1142.38,2015-05-22,2045-05-22,2024-05-28,2024-06-27,CURRENT,0,COMPLETE,SECOND
L000922,B3452,Jennifer Lee,,CONVENTIONAL,REFINANCE,CA,34959,Green Tree Servicing,56674.00,24064.19,3.278,170.30,2021-07-23,2036-07-23,2031-12-13,2032-01-12,CURRENT,0,COMPLETE,FIRST
L003632,B4504,Thomas Martin,Richard Lee,FIXED,REFINANCE,DC,83881,US Bank,67348.00,36207.08,3.943,243.42,2017-04-05,2032-04-05,2022-08-22,2022-09-21,DEFAULT,121,INCOMPLETE,FIRST
L006921,B9694,William Jackson,,CONVENTIONAL,PURCHASE,TN,83977,PHH Mortgage,411237.00,0.00,6.66,2510.60,2015-07-20,2030-07-20,2023-09-16,2023-10-16,CLOSED,0,COMPLETE,FIRST
L008594,B5778,Lisa Thomas,Barbara Thomas,VA,PURCHASE,GA,59457,SunTrust Mortgage,736987.00,0.00,5.762,3892.64,2020-04-21,2050-04-21,2020-07-06,2020-08-05,PAID_OFF,0,COMPLETE,FIRST
L008019,B6074,Linda Davis,,FIXED,HOME_EQUITY,VT,90085,JPMorgan Chase Bank,777925.00,393155.68,6.211,4429.05,2014-08-20,2044-08-20,2014-10-06,2014-11-05,CURRENT,0,MISSING,FIRST
L009240,B1331,Michael Martinez,,USDA,HOME_EQUITY,OR,44432,Citimortgage,735030.00,405443.09,6.806,4585.73,2022-06-04,2052-06-04,2030-02-02,2030-03-04,CURRENT,0,COMPLETE,FIRST
L004556,B3914,Michael Thompson,,CONVENTIONAL,CONSTRUCTION,HI,55200,Flagstar Bank,653655.00,0.00,2.624,1572.26,2011-07-13,2026-07-13,2016-09-24,2016-10-24,PAID_OFF,0,COMPLETE,SECOND
L003432,B2427,James Martin,,USDA,HOME_EQUITY,NM,67833,PNC Bank,547785.00,0.00,6.989,3509.43,2010-04-28,2030-04-28,2011-10-25,2011-11-24,PAID_OFF,0,COMPLETE,FIRST
L009959,B6401,Barbara Martin,,FHA,CONSTRUCTION,NY,46947,Green Tree Servicing,60635.00,39908.72,7.857,436.71,2013-05-01,2028-05-01,2020-08-17,2020-09-16,CURRENT,0,MISSING,SECOND
L006676,B9904,Karen Martinez,,JUMBO,HOME_EQUITY,CO,15613,US Bank,324657.00,0.00,3.561,1059.76,2018-02-07,2038-02-07,2020-07-06,2020-08-05,PAID_OFF,0,COMPLETE,FIRST
L007791,B5733,Sarah Wilson,,FIXED,REFINANCE,GA,28659,Nationstar Mortgage,307410.00,160288.17,3.352,944.57,2014-04-08,2024-04-08,2024-11-16,2024-12-16,CURRENT,0,INCOMPLETE,FIRST
L006274,B2647,David Jackson,,USDA,CASH_OUT_REFINANCE,MO,42777,Wells Fargo Home Mortgage,151447.00,83023.86,5.445,755.91,2014-06-13,2034-06-13,2018-05-16,2018-06-15,CURRENT,0,COMPLETE,FIRST
L000081,B8854,Patricia Jackson,,ARM,HOME_EQUITY,IL,36805,Caliber Home Loans,269036.00,0.00,7.717,1903.14,2017-06-20,2037-06-20,2024-07-21,2028-05-12,PAID_OFF,0,MISSING,FIRST
L000459,B9060,Richard Thomas,,FIXED,HOME_EQUITY,CA,67273,Citimortgage,-144835.00,122735.57,7.273,965.60,2017-06-19,2032-06-19,2027-12-30,2028-01-29,CURRENT,0,COMPLETE,FIRST
L009262,B9463,Lisa Thompson,Karen Lee,CONVENTIONAL,CONSTRUCTION,NY,90409,PNC Bank,635529.00,239747.27,6.456,3761.06,2013-05-29,2023-05-29,2022-07-15,2022-08-14,CURRENT,0,COMPLETE,FIRST
L003277,B1648,Mary Thomas,,FHA,HOME_EQUITY,DC,30827,Nationstar Mortgage,222932.00,109065.68,6.805,1390.63,2016-12-04,2026-12-04,2026-01-31,2026-03-02,CURRENT,0,COMPLETE,FIRST
L000074,B8484,Charles Williams,Susan Williams,USDA,PURCHASE,AL,19046,Freedom Mortgage,,262494.91,2.846,1673.05,2020-05-15,2040-05-15,2028-07-24,2028-08-23,CURRENT,0,COMPLETE,FIRST
L003730,B3936,Charles Hernandez,,JUMBO,CONSTRUCTION,WY,82939,Freedom Mortgage,618686.00,0.00,3.989,2262.28,2018-04-13,2028-04-13,2022-06-05,2022-07-05,CLOSED,0,COMPLETE,FIRST
L004138,B6717,Lisa Jones,,USDA,PURCHASE,DC,92604,Quicken Loans,139208.00,75853.08,6.996,892.74,2012-10-15,2022-10-15,2016-10-05,2016-11-04,DELINQUENT,41,INCOMPLETE,SECOND
L005822,B6852,Lisa Thompson,Linda Martin,CONVENTIONAL,HOME_EQUITY,IA,72183,Citimortgage,427609.00,266826.84,2.966,1162.60,2017-12-23,2032-12-23,2020-01-18,2020-02-17,CURRENT,0,COMPLETE,SECOND
L002187,B9855,William Anderson,,FIXED,HOME_EQUITY,AR,93619,Bank of America,656164.00,320285.87,3.404,2047.45,2016-09-28,2036-09-28,2018-05-17,2018-06-16,CURRENT,0,COMPLETE,SECOND
L005780,B9561,Susan Lee,,USDA,PURCHASE,AZ,42014,Caliber Home Loans,349790.00,112017.78,3.009,964.81,2019-08-22,2029-08-22,2023-04-10,2023-05-10,CURRENT,0,COMPLETE,SECOND
L002052,B1665,Mary Johnson,,JUMBO,REFINANCE,NV,50014,Caliber Home Loans,484272.00,298881.86,7.842,3481.19,2013-10-26,2043-10-26,2022-09-08,2022-10-08,DELINQUENT,47,INCOMPLETE,SECOND
L000902,B2382,Susan Smith,,USDA,CONSTRUCTION,CO,23749,Flagstar Bank,740917.00,519106.10,7.544,5123.69,2014-01-18,2029-01-18,2021-03-09,2021-04-08,CURRENT,0,MISSING,SECOND
L004514,B6866,Thomas Martinez,,FIXED,HOME_EQUITY,ND,81411,JPMorgan Chase Bank,578818.00,289451.30,5.413,2872.05,2015-01-11,2045-01-11,2023-12-08,2024-01-07,CURRENT,0,COMPLETE,FIRST
L004066,B7909,John Martinez,,FIXED,REFINANCE,KS,22353,PNC Bank,80421.00,37268.65,7.456,549.65,2011-02-26,2026-02-26,2018-11-06,2018-12-06,DEFAULT,130,INCOMPLETE,FIRST
L009280,B9526,William Taylor,William Williams,ARM,CONSTRUCTION,HI,80152,Flagstar Bank,572410.00,306714.36,5.259,2759.45,2012-10-22,2032-10-22,2023-06-19,2023-07-19,CURRENT,0,INCOMPLETE,SECOND
L009893,B6368,Thomas Jackson,,CONVENTIONAL,CASH_OUT_REFINANCE,HI,14785,Quicken Loans,341927.00,0.00,4.064,1273.79,2015-03-02,2025-03-02,2019-12-30,2020-01-29,PAID_OFF,0,INCOMPLETE,FIRST
L002147,B8887,Michael Jones,,FIXED,CONSTRUCTION,VA,74210,Flagstar Bank,389333.00,270170.31,7.558,2697.36,2020-12-10,2040-12-10,2024-04-05,2024-05-05,DELINQUENT,85,MISSING,SECOND
L004226,B3799,Lisa Anderson,,USDA,CONSTRUCTION,MO,36942,Quicken Loans,536838.00,226467.23,6.521,3208.99,2011-03-04,2021-03-04,2022-01-25,2022-02-24,CURRENT,0,COMPLETE,SECOND
L003987,B4069,Thomas Brown,,ARM,HOME_EQUITY,MO,69822,SunTrust Mortgage,87233.00,34721.23,4.323,345.68,2018-12-03,2033-12-03,2027-09-10,2027-10-10,CURRENT,0,COMPLETE,FIRST
L009362,B9869,James Martinez,,FHA,CONSTRUCTION,IA,75970,PHH Mortgage,184333.00,141556.47,5.885,994.40,2014-07-15,2024-07-15,2023-07-27,2023-08-26,CURRENT,0,COMPLETE,FIRST
L000803,B1854,Michael White,,CONVENTIONAL,PURCHASE,HI,45264,Green Tree Servicing,650424.00,368803.33,6.428,3832.52,2013-12-12,2033-12-12,2020-03-04,2020-04-03,PENDING,0,COMPLETE,FIRST
L002671,B6486,Susan White,,USDA,CASH_OUT_REFINANCE,OH,31434,Bank of America,730274.00,235555.93,3.135,2098.62,2011-06-22,2021-06-22,2018-03-05,2018-04-04,CURRENT,0,COMPLETE,FIRST
L005618,B7242,Richard Lee,Richard Johnson,FHA,CONSTRUCTION,MI,51511,JPMorgan Chase Bank,588879.00,0.00,8.034,4336.80,2011-03-06,2031-03-06,2018-06-17,2018-07-17,PAID_OFF,0,COMPLETE,SECOND
L004936,B5769,Jessica Jones,,JUMBO,CONSTRUCTION,MN,54716,Bank of America,481088.00,369544.06,7.378,3253.68,2016-01-24,2031-01-24,2021-10-08,2021-11-07,DELINQUENT,80,COMPLETE,SECOND
L008870,B5456,Jennifer Lee,,VA,PURCHASE,IL,97254,Caliber Home Loans,641199.00,423036.84,7.079,4160.79,2017-11-29,2027-11-29,2022-08-10,2022-09-09,CURRENT,0,COMPLETE,FIRST
L004615,B7644,John Garcia,Lisa Thompson,VA,PURCHASE,AL,89680,Wells Fargo Home Mortgage,576752.00,411157.06,2.947,1558.05,2013-04-03,2043-04-03,2019-01-31,2019-03-02,CURRENT,0,INCOMPLETE,SECOND
L006313,B7161,Jennifer Garcia,,VA,CASH_OUT_REFINANCE,IL,96027,Citimortgage,327407.00,155817.01,4.779,1434.29,2010-10-31,2025-10-31,2013-07-22,2013-08-21,CURRENT,0,COMPLETE,FIRST
L007710,B2955,Lisa Smith,Linda Thompson,ARM,REFINANCE,AL,78278,SunTrust Mortgage,132478.00,0.00,7.115,864.03,2014-01-02,2034-01-02,2019-07-30,2019-08-29,PAID_OFF,0,COMPLETE,SECOND
L004572,B3504,Robert Wilson,Barbara Martin,JUMBO,PURCHASE,MO,12839,Caliber Home Loans,263651.00,69043.26,3.521,850.96,2017-03-29,2032-03-29,2018-09-01,2018-10-01,CURRENT,0,INCOMPLETE,SECOND
L000352,B2750,Patricia Anderson,,JUMBO,REFINANCE,NY,46403,Citimortgage,,136558.02,3.785,810.71,2016-02-28,2046-02-28,2020-10-26,2020-11-25,CURRENT,0,COMPLETE,FIRST
L008600,B8928,Lisa Johnson,,VA,REFINANCE,KY,35633,Green Tree Servicing,344095.00,153865.26,4.956,1563.22,2015-07-25,2045-07-25,2024-10-12,2024-11-11,CURRENT,0,COMPLETE,SECOND
L005106,B7762,Mary Moore,,USDA,PURCHASE,OK,29584,US Bank,195203.00,137962.55,7.642,1367.43,2010-03-05,2025-03-05,2020-07-01,2020-07-31,CURRENT,0,COMPLETE,SECOND
L000998,B2478,Karen Jones,Lisa Thompson,JUMBO,REFINANCE,CT,67113,US Bank,753556.00,563744.68,6.988,4827.03,2020-12-13,2040-12-13,2025-05-08,2025-06-07,DELINQUENT,81,COMPLETE,FIRST
L008179,B5910,Linda Taylor,,FHA,CONSTRUCTION,AR,47799,PNC Bank,291033.00,139823.60,6.726,1794.36,2021-07-21,2036-07-21,2028-07-26,2028-08-25,DELINQUENT,79,COMPLETE,SECOND
L007636,B9069,Robert Johnson,,FIXED,CONSTRUCTION,OR,30462,Green Tree Servicing,749987.00,0.00,7.344,5048.91,2017-11-24,2037-11-24,2027-12-07,2028-01-06,PAID_OFF,0,COMPLETE,FIRST
L002197,B1566,Robert Martin,William Martinez,CONVENTIONAL,CASH_OUT_REFINANCE,NV,10348,Nationstar Mortgage,289849.00,207788.85,8.157,2167.27,2011-05-16,2021-05-16,2015-10-22,2015-11-21,CURRENT,0,COMPLETE,SECOND
L002470,B2527,Jennifer Jones,,JUMBO,CASH_OUT_REFINANCE,AK,42138,US Bank,273765.00,81469.94,6.514,1634.70,2015-09-03,2025-09-03,2022-12-03,2023-01-02,CURRENT,0,COMPLETE,SECOND
L008321,B2557,Robert Wilson,,ARM,REFINANCE,MN,90837,Freedom Mortgage,553626.00,0.00,7.777,3946.75,2016-03-07,2036-03-07,2016-04-06,2016-05-06,PAID_OFF,0,COMPLETE,FIRST
L006812,B6080,Richard Jones,,USDA,REFINANCE,IL,45805,US Bank,217734.00,148489.83,5.051,1008.13,2018-04-25,2048-04-25,2026-09-03,2026-10-03,DELINQUENT,49,COMPLETE,SECOND
L001287,B6317,Mary Miller,Linda Brown,FHA,PURCHASE,MN,63177,Citimortgage,751198.00,379204.64,8.415,5794.55,2016-04-18,2026-04-18,2025-06-25,2025-07-25,CURRENT,0,COMPLETE,SECOND
L008860,B3398,Jennifer Moore,,ARM,CASH_OUT_REFINANCE,NM,11161,JPMorgan Chase Bank,623733.00,0.00,7.887,4509.43,2016-07-03,2046-07-03,2018-02-22,2018-03-24,PAID_OFF,0,COMPLETE,SECOND
L003541,B7135,Robert Johnson,Richard Taylor,ARM,HOME_EQUITY,ID,72694,Flagstar Bank,542242.00,0.00,6.67,3315.36,2021-06-03,2051-06-03,2027-06-29,2027-07-29,PAID_OFF,0,COMPLETE,SECOND
L006105,B5491,David Hernandez,,FHA,CONSTRUCTION,GA,11978,Nationstar Mortgage,569697.00,0.00,4.53,2365.67,2021-12-24,2031-12-24,2022-02-13,2022-03-15,PAID_OFF,0,COMPLETE,SECOND
L003600,B2925,Karen Smith,,JUMBO,CONSTRUCTION,WA,83273,SunTrust Mortgage,765082.00,297883.87,8.285,5810.48,2010-11-30,2025-11-30,2017-01-29,2017-02-28,CURRENT,0,MISSING,FIRST
L004687,B1670,Jennifer Lee,,ARM,CONSTRUCTION,WV,83508,Quicken Loans,694728.00,0.00,4.52,2878.49,2013-12-25,2043-12-25,2020-04-10,2020-05-10,CLOSED,0,MISSING,SECOND
L006569,B3881,Michael Johnson,,FHA,CONSTRUCTION,DC,26810,JPMorgan Chase Bank,201347.00,0.00,7.585,1399.95,2019-10-12,2049-10-12,2026-07-23,2026-08-22,PAID_OFF,0,COMPLETE,SECOND
L008923,B6582,Charles Martin,,CONVENTIONAL,CASH_OUT_REFINANCE,IL,99526,PNC Bank,204674.00,119468.11,3.761,705.63,2022-09-07,2032-09-07,2024-01-31,2024-03-01,CURRENT,0,COMPLETE,SECOND
L008574,B3988,William Wilson,,JUMBO,REFINANCE,MT,40417,US Bank,506244.00,343458.94,7.705,3575.56,2020-08-19,2040-08-19,2028-03-17,2028-04-16,DELINQUENT,48,INCOMPLETE,FIRST
L000032,B4084,John Martin,,CONVENTIONAL,REFINANCE,MI,67377,Freedom Mortgage,387145.00,23849.05,6.13,2175.43,2021-03-31,2036-03-31,2032-01-25,2032-02-24,CLOSED,0,MISSING,FIRST
L006718,B3715,Linda Davis,,ARM,REFINANCE,MI,84512,Nationstar Mortgage,543341.00,399605.21,5.865,2921.14,2014-12-19,2029-12-19,2015-10-07,2015-11-06,CURRENT,0,COMPLETE,FIRST
L008341,B4018,Michael Taylor,Linda Smith,FHA,PURCHASE,KY,52007,Caliber Home Loans,594677.00,478158.22,8.487,4626.44,2014-10-21,2024-10-21,2024-01-24,2024-02-23,CURRENT,0,MISSING,SECOND
L003053,B4780,Joseph Garcia,Sarah Davis,FIXED,CONSTRUCTION,FL,90361,Green Tree Servicing,271252.00,0.00,2.817,700.44,2013-12-23,2043-12-23,2021-03-19,2021-04-18,PAID_OFF,0,INCOMPLETE,SECOND
L002593,B5884,Patricia Davis,,JUMBO,CONSTRUCTION,OR,45328,Citimortgage,263256.00,0.00,5.859,1413.88,2021-11-07,2036-11-07,2026-02-28,2026-03-30,PAID_OFF,0,COMPLETE,SECOND
L009809,B5849,Michael Thomas,,FHA,CASH_OUT_REFINANCE,LA,84268,Citimortgage,254812.00,0.00,6.753,1577.35,2013-06-04,2033-06-04,2021-11-17,2021-12-17,PAID_OFF,0,MISSING,SECOND
L006924,B3169,Jennifer Thomas,Charles Williams,ARM,REFINANCE,NE,62764,PNC Bank,148856.00,109168.20,2.996,408.81,2016-04-14,2036-04-14,2021-01-09,2021-02-08,CURRENT,0,INCOMPLETE,SECOND
L004496,B9508,William Lee,,JUMBO,HOME_EQUITY,MA,35300,US Bank,372104.00,177901.08,3.931,1340.85,2018-06-11,2033-06-11,2027-12-11,2028-01-10,CURRENT,0,COMPLETE,FIRST
L003897,B8173,Patricia Lee,,VA,HOME_EQUITY,OH,85190,Wells Fargo Home Mortgage,460781.00,0.00,6.661,2813.49,2017-03-05,2032-03-05,2018-09-06,2018-10-06,PAID_OFF,0,COMPLETE,SECOND
L004960,B2168,Linda Martin,Michael Davis,CONVENTIONAL,PURCHASE,CO,30565,SunTrust Mortgage,187998.00,139248.30,4.181,720.52,2020-12-28,2030-12-28,2031-06-07,2031-07-07,CURRENT,0,COMPLETE,SECOND
L009997,B6334,James Anderson,,FIXED,PURCHASE,TX,45088,US Bank,205760.00,74218.21,5.146,970.60,2011-06-22,2041-06-22,2019-10-24,2019-11-23,CURRENT,0,COMPLETE,SECOND
L003747,B9846,Patricia Anderson,,FIXED,REFINANCE,UT,38760,Freedom Mortgage,77115.00,45957.66,5.153,364.26,2012-11-14,2027-11-14,2015-01-31,2015-03-02,CURRENT,0,COMPLETE,FIRST
L008430,B2579,John Davis,,FHA,HOME_EQUITY,SC,96557,Citimortgage,754660.00,0.00,4.678,3236.11,2021-02-24,2031-02-24,2028-08-09,2028-09-08,CLOSED,0,COMPLETE,SECOND
L002526,B2201,Thomas Thomas,,USDA,PURCHASE,NC,22027,Wells Fargo Home Mortgage,196980.00,0.00,3.786,683.62,2013-10-09,2023-10-09,2021-06-13,2021-07-13,CLOSED,0,INCOMPLETE,SECOND
L003329,B8116,Michael Miller,,FHA,HOME_EQUITY,WV,47766,US Bank,551487.00,265389.06,2.95,1491.31,2013-11-18,2043-11-18,2015-11-19,2015-12-19,CURRENT,0,COMPLETE,FIRST
L004277,B4436,James Thomas,,FHA,CONSTRUCTION,CO,12905,Wells Fargo Home Mortgage,81222.00,55608.83,6.712,499.73,2017-03-08,2047-03-08,2022-03-14,2022-04-13,CURRENT,0,COMPLETE,SECOND
L009643,B2435,Robert Johnson,,USDA,CONSTRUCTION,NH,50978,PNC Bank,560290.00,366278.53,2.805,1440.65,2014-07-18,2034-07-18,2019-07-23,2019-08-22,CURRENT,0,COMPLETE,SECOND
L003426,B2509,Michael Williams,John Taylor,JUMBO,PURCHASE,IN,88272,Green Tree Servicing,570019.00,181631.80,5.507,2877.50,2022-04-24,2042-04-24,2027-09-22,2027-10-22,DELINQUENT,62,COMPLETE,FIRST
L005027,B2892,Linda Garcia,,ARM,REFINANCE,WY,40666,PNC Bank,303661.00,101727.52,7.119,1981.62,2020-05-08,2030-05-08,2024-03-09,2024-04-08,CURRENT,0,MISSING,SECOND
L003142,B3253,John Thomas,,FHA,HOME_EQUITY,SC,74295,Quicken Loans,520225.00,414505.53,5.907,2816.89,2015-12-14,2045-12-14,2022-01-25,2022-02-24,DELINQUENT,53,COMPLETE,SECOND
L004394,B8411,Susan Martinez,Lisa Martin,USDA,REFINANCE,AZ,31900,Wells Fargo Home Mortgage,290553.00,160046.74,3.453,919.67,2013-04-06,2028-04-06,2016-01-24,2016-02-23,DELINQUENT,87,COMPLETE,FIRST
L005598,B5000,Patricia Davis,,FHA,CONSTRUCTION,ME,71885,Caliber Home Loans,785973.00,0.00,3.579,2578.58,2010-08-24,2025-08-24,2012-07-11,2012-08-10,PAID_OFF,0,COMPLETE,FIRST
L004261,B3968,Thomas Jones,Charles Hernandez,JUMBO,CASH_OUT_REFINANCE,NE,66358,PHH Mortgage,175654.00,55157.77,5.344,860.47,2013-07-22,2033-07-22,2022-11-13,2022-12-13,CURRENT,0,COMPLETE,SECOND
L009924,B7816,Susan Smith,,FIXED,REFINANCE,WY,94574,Bank of America,107280.00,0.00,5.053,496.91,2013-12-12,2043-12-12,2014-10-29,2014-11-28,PAID_OFF,0,COMPLETE,FIRST
L001219,B4689,John Johnson,Susan Anderson,VA,PURCHASE,HI,24879,SunTrust Mortgage,231773.00,68627.84,7.893,1676.94,2017-10-25,2032-10-25,2020-09-01,2020-10-01,CURRENT,0,COMPLETE,FIRST
L002003,B5479,Charles Lee,,CONVENTIONAL,PURCHASE,AR,12054,JPMorgan Chase Bank,206169.00,0.00,8.26,1561.04,2012-10-29,2032-10-29,2016-04-12,2016-05-12,PAID_OFF,0,COMPLETE,SECOND
L006672,B9599,Barbara Thomas,James Thomas,CONVENTIONAL,HOME_EQUITY,SD,15915,JPMorgan Chase Bank,759977.00,0.00,7.285,5075.06,2017-05-08,2047-05-08,2022-08-09,2022-09-08,PAID_OFF,0,COMPLETE,FIRST
L003848,B9094,Richard White,Richard Williams,CONVENTIONAL,CASH_OUT_REFINANCE,IA,84903,Flagstar Bank,332608.00,0.00,5.827,1776.60,2018-10-17,2048-10-17,2025-02-12,2025-03-14,PAID_OFF,0,MISSING,FIRST
L008395,B4201,Michael Martin,,ARM,CASH_OUT_REFINANCE,FL,42671,JPMorgan Chase Bank,587824.00,349421.29,7.081,3815.52,2020-02-14,2040-02-14,2030-10-25,2030-11-24,CURRENT,0,COMPLETE,SECOND
L004930,B5750,Charles Moore,,USDA,PURCHASE,IL,49603,Caliber Home Loans,646991.00,517620.04,6.277,3722.73,2011-01-23,2026-01-23,2019-05-22,2019-06-21,DELINQUENT,53,COMPLETE,SECOND
L008294,B3289,William Martinez,,CONVENTIONAL,HOME_EQUITY,AR,79553,Caliber Home Loans,576919.00,255771.50,5.988,3166.71,2011-02-02,2021-02-02,2011-12-23,2012-01-22,DELINQUENT,44,INCOMPLETE,FIRST
L006331,B1398,William Taylor,,FIXED,PURCHASE,FL,26094,SunTrust Mortgage,108597.00,46882.14,5.214,519.04,2017-05-18,2037-05-18,2017-12-03,2018-01-02,CURRENT,0,INCOMPLETE,SECOND
L009520,B5806,Barbara Taylor,Jessica Smith,FIXED,HOME_EQUITY,NE,62334,SunTrust Mortgage,793042.00,642984.08,6.372,4632.16,2011-01-08,2021-01-08,2019-11-22,2019-12-22,DELINQUENT,38,INCOMPLETE,FIRST
L004084,B6261,Linda Lee,Patricia Lee,JUMBO,CONSTRUCTION,MA,64142,Freedom Mortgage,778574.00,337657.76,3.906,2787.68,2022-04-24,2032-04-24,2028-08-09,2028-09-08,CURRENT,0,MISSING,FIRST
L009069,B2030,Michael Lee,,VA,REFINANCE,KY,95340,Flagstar Bank,794257.00,351943.12,7.596,5530.41,2015-06-27,2030-06-27,2021-04-07,2021-05-07,DELINQUENT,54,COMPLETE,SECOND
L001604,B5951,Michael Brown,,VA,CONSTRUCTION,NH,12560,Green Tree Servicing,619214.00,459295.00,4.185,2375.46,2021-12-18,2031-12-18,2028-08-15,2028-09-14,CURRENT,0,COMPLETE,SECOND
L009456,B6876,Jennifer Moore,Barbara Miller,CONVENTIONAL,CASH_OUT_REFINANCE,CO,23327,Quicken Loans,774199.00,476985.07,6.481,4599.45,2022-12-11,2032-12-11,2025-10-10,2025-11-09,DELINQUENT,62,COMPLETE,FIRST
L008148,B2976,Karen Davis,Jennifer Jones,FIXED,CASH_OUT_REFINANCE,CT,66359,PHH Mortgage,312713.00,0.00,4.878,1398.30,2022-06-30,2032-06-30,2025-04-13,2025-05-13,PAID_OFF,0,COMPLETE,SECOND
L000494,B8651,Joseph Martinez,,CONVENTIONAL,PURCHASE,CA,34259,Caliber Home Loans,675999.00,0.00,5.823,3608.31,2012-06-08,2042-06-08,2014-01-01,2014-01-31,PAID_OFF,0,COMPLETE,SECOND
L006262,B3315,Robert Lee,,VA,PURCHASE,OK,31075,SunTrust Mortgage,586790.00,210364.64,2.859,1537.83,2012-01-20,2032-01-20,2018-07-15,2018-08-14,DELINQUENT,37,COMPLETE,SECOND
L006605,B9709,Sarah Taylor,Mary Moore,VA,CASH_OUT_REFINANCE,MT,33633,Green Tree Servicing,641886.00,508786.50,6.306,3710.42,2011-03-15,2021-03-15,2018-08-28,2018-09-27,DELINQUENT,57,INCOMPLETE,FIRST
L006629,B7721,Barbara Anderson,,ARM,CONSTRUCTION,WV,19557,Green Tree Servicing,503379.00,199028.21,7.363,3397.51,2013-09-15,2028-09-15,2019-03-29,2019-04-28,CURRENT,0,COMPLETE,SECOND
L004263,B3145,Joseph Wilson,,FHA,CONSTRUCTION,NM,68043,PHH Mortgage,345949.00,0.00,6.795,2154.83,2012-07-20,2042-07-20,2012-11-01,2012-12-01,PAID_OFF,0,COMPLETE,FIRST
L000174,B1750,Michael Anderson,Jessica Johnson,ARM,HOME_EQUITY,MT,26150,Citimortgage,222129.00,81341.85,5.455,1110.74,2019-03-07,2029-03-07,2024-10-26,2022-03-12,DELINQUENT,82,COMPLETE,SECOND
L008604,B1584,Karen Moore,,FHA,PURCHASE,FL,20212,Bank of America,246582.00,195968.51,3.258,736.42,2022-11-11,2052-11-11,2026-09-29,2026-10-29,CURRENT,0,COMPLETE,SECOND
L008878,B8641,David Moore,Lisa Thomas,CONVENTIONAL,REFINANCE,TX,10066,Bank of America,728298.00,0.00,3.241,2163.71,2019-04-16,2034-04-16,2027-10-04,2027-11-03,PAID_OFF,0,COMPLETE,SECOND
L003877,B8341,Barbara Wilson,,CONVENTIONAL,CASH_OUT_REFINANCE,WY,59589,PNC Bank,70508.00,24160.60,4.05,261.76,2018-05-12,2038-05-12,2018-12-15,2019-01-14,CURRENT,0,COMPLETE,FIRST
L007034,B1419,Jessica Thompson,,VA,HOME_EQUITY,MO,20435,US Bank,149441.00,69622.87,8.446,1157.00,2016-03-25,2046-03-25,2017-12-14,2018-01-13,CURRENT,0,COMPLETE,FIRST
L007695,B9140,Jessica Taylor,,CONVENTIONAL,CONSTRUCTION,WA,56307,PHH Mortgage,711375.00,408984.04,5.018,3272.21,2013-01-13,2043-01-13,2015-01-09,2015-02-08,CURRENT,0,INCOMPLETE,SECOND
L006437,B8207,Susan Williams,,CONVENTIONAL,CONSTRUCTION,KS,97432,Caliber Home Loans,270821.00,210703.59,4.087,1014.61,2013-02-28,2023-02-28,2015-09-02,2015-10-02,CURRENT,0,COMPLETE,SECOND
L007713,B9698,Michael Moore,,VA,CASH_OUT_REFINANCE,SC,20579,Green Tree Servicing,643822.00,264974.85,5.333,3147.38,2019-10-09,2049-10-09,2023-06-19,2023-07-19,CURRENT,0,COMPLETE,FIRST
L003427,B1173,Robert Martinez,Mary Anderson,USDA,CONSTRUCTION,CO,36653,JPMorgan Chase Bank,356349.00,0.00,6.347,2073.27,2019-12-22,2034-12-22,2030-06-20,2030-07-20,CLOSED,0,COMPLETE,FIRST
L007055,B4331,Sarah Jones,,JUMBO,PURCHASE,IA,42002,Citimortgage,733817.00,343660.16,7.709,5185.58,2017-03-09,2032-03-09,2022-03-23,2022-04-22,CURRENT,0,INCOMPLETE,FIRST
L007531,B6742,Robert Smith,,FHA,CONSTRUCTION,CT,40612,Citimortgage,767058.00,413071.52,3.202,2251.44,2020-07-23,2050-07-23,2023-09-04,2023-10-04,CURRENT,0,COMPLETE,FIRST
L000723,B1167,James Thomas,Joseph Jones,ARM,REFINANCE,NY,19243,Flagstar Bank,486089.00,0.00,7.441,3315.57,,2038-06-17,2027-12-28,2028-01-27,PAID_OFF,0,COMPLETE,FIRST
L003991,B3518,David Jones,,USDA,CONSTRUCTION,SC,22092,Green Tree Servicing,530980.00,0.00,3.814,1856.39,2019-08-14,2049-08-14,2021-12-23,2022-01-22,PAID_OFF,0,COMPLETE,SECOND
L000967,B9818,John Moore,Thomas Brown,FIXED,REFINANCE,GA,52788,SunTrust Mortgage,651080.00,524016.97,7.018,4188.51,2010-12-09,2020-12-09,2020-09-25,2020-10-25,CURRENT,0,COMPLETE,FIRST
L002853,B9385,Jessica Miller,,FHA,HOME_EQUITY,LA,75185,JPMorgan Chase Bank,460841.00,305102.98,6.722,2839.63,2022-11-29,2037-11-29,2024-07-31,2024-08-30,CURRENT,0,COMPLETE,FIRST
L006168,B9547,Karen Martinez,,FIXED,CASH_OUT_REFINANCE,MI,41429,JPMorgan Chase Bank,270078.00,89710.51,8.48,2099.41,2016-04-16,2031-04-16,2016-05-19,2016-06-18,CURRENT,0,INCOMPLETE,FIRST
L000547,B2731,John Wilson,,ARM,CASH_OUT_REFINANCE,WY,85660,Flagstar Bank,186378.00,0.00,3.813,651.44,2018-02-26,2048-02-26,2025-09-09,2023-05-24,PAID_OFF,0,COMPLETE,FIRST
L000789,B5972,Karen White,,FIXED,HOME_EQUITY,VT,27991,Freedom Mortgage,611293.00,451531.73,6.132,3436.08,2016-11-29,2046-11-29,2022-09-23,2022-10-23,PENDING,0,COMPLETE,SECOND
L003075,B1679,Thomas Martinez,Jennifer Miller,CONVENTIONAL,CASH_OUT_REFINANCE,IL,84366,US Bank,634292.00,354201.88,8.024,4665.43,2022-03-30,2042-03-30,2028-06-20,2028-07-20,CURRENT,0,MISSING,SECOND
L002655,B3786,John Thompson,,CONVENTIONAL,CONSTRUCTION,MS,10341,Green Tree Servicing,224381.00,84524.29,3.73,767.20,2020-06-25,2050-06-25,2031-02-27,2031-03-29,DELINQUENT,52,COMPLETE,FIRST
L003307,B3376,Joseph Jackson,Jessica Thomas,JUMBO,CASH_OUT_REFINANCE,OK,76551,PNC Bank,102841.00,65241.57,7.011,660.93,2011-03-04,2041-03-04,2018-08-22,2018-09-21,CURRENT,0,COMPLETE,SECOND
L009180,B5320,Karen Davis,Jennifer Smith,FHA,PURCHASE,MI,49443,Freedom Mortgage,198127.00,63840.52,4.15,753.71,2016-11-27,2026-11-27,2017-04-18,2017-05-18,CURRENT,0,COMPLETE,SECOND
L006050,B2217,Lisa Smith,,FIXED,HOME_EQUITY,SC,55589,Citimortgage,145742.00,0.00,6.788,906.86,2019-03-23,2049-03-23,2023-08-07,2023-09-06,PAID_OFF,0,MISSING,FIRST
L008641,B2658,Robert Brown,Charles Martin,CONVENTIONAL,HOME_EQUITY,MO,66537,Citimortgage,592734.00,380255.44,5.87,3189.40,2020-04-21,2030-04-21,2020-06-11,2020-07-11,CURRENT,0,COMPLETE,SECOND
L006880,B3835,Jessica Johnson,,JUMBO,CONSTRUCTION,SD,80597,Caliber Home Loans,489830.00,0.00,5.325,2390.98,2022-03-21,2037-03-21,2029-11-23,2029-12-23,PAID_OFF,0,COMPLETE,SECOND
L005097,B6132,Susan Hernandez,Thomas Johnson,FHA,CASH_OUT_REFINANCE,LA,62914,Freedom Mortgage,131635.00,93770.17,5.085,613.58,2020-06-21,2050-06-21,2021-01-02,2021-02-01,CURRENT,0,COMPLETE,SECOND
L007079,B6390,Susan Wilson,,FIXED,REFINANCE,TX,15879,PHH Mortgage,393558.00,110190.29,7.545,2721.95,2010-05-05,2040-05-05,2010-10-12,2010-11-11,CURRENT,0,MISSING,FIRST
L001265,B2947,Robert Miller,,FHA,CONSTRUCTION,VA,15038,Caliber Home Loans,419390.00,202169.30,7.746,2977.88,2022-10-14,2052-10-14,2028-06-15,2028-07-15,CURRENT,0,COMPLETE,SECOND
L002146,B5421,Sarah Thompson,,FIXED,PURCHASE,MD,60507,US Bank,785107.00,336607.81,7.604,5472.46,2010-12-18,2025-12-18,2012-03-25,2012-04-24,CURRENT,0,COMPLETE,SECOND
L001843,B9034,Patricia Jones,,ARM,REFINANCE,CA,99069,SunTrust Mortgage,756503.00,617421.24,3.06,2121.99,2012-06-21,2022-06-21,2018-10-08,2018-11-07,CURRENT,0,COMPLETE,FIRST
L006309,B9989,Joseph Davis,,JUMBO,HOME_EQUITY,MT,83951,Nationstar Mortgage,109870.00,69983.45,5.255,529.25,2018-03-07,2028-03-07,2022-02-15,2022-03-17,DELINQUENT,79,COMPLETE,SECOND
L006081,B1027,Susan Davis,William Hernandez,JUMBO,CASH_OUT_REFINANCE,AZ,69893,Citimortgage,730742.00,374418.93,4.615,3091.34,2015-09-26,2025-09-26,2025-06-23,2025-07-23,CURRENT,0,COMPLETE,FIRST
L005853,B3824,Joseph Johnson,Linda White,VA,REFINANCE,CA,61474,Caliber Home Loans,614663.00,0.00,7.108,4004.94,2021-07-09,2051-07-09,2024-08-31,2024-09-30,CLOSED,0,COMPLETE,SECOND
L004626,B8283,Charles Martinez,,USDA,CONSTRUCTION,NY,23971,Green Tree Servicing,754625.00,254336.78,5.746,3974.74,2011-08-10,2021-08-10,2014-06-28,2014-07-28,DELINQUENT,50,COMPLETE,SECOND
L004368,B4999,Linda Hernandez,,JUMBO,REFINANCE,VA,44650,Wells Fargo Home Mortgage,520328.00,285293.49,5.793,2763.07,2016-05-21,2026-05-21,2017-10-11,2017-11-10,CURRENT,0,MISSING,SECOND
L008583,B3733,Linda Taylor,,FHA,CASH_OUT_REFINANCE,MD,46965,Freedom Mortgage,779195.00,618296.83,3.646,2604.20,2015-02-23,2035-02-23,2021-02-28,2021-03-30,CURRENT,0,COMPLETE,SECOND
L006640,B3592,Robert Jones,James Garcia,ARM,CASH_OUT_REFINANCE,CT,89475,JPMorgan Chase Bank,290513.00,231514.01,2.639,702.78,2020-04-03,2030-04-03,2030-10-09,2030-11-08,DELINQUENT,62,COMPLETE,FIRST
L005951,B7219,Lisa Lee,,VA,REFINANCE,TX,49292,Flagstar Bank,344294.00,219840.29,6.323,1995.56,2011-01-16,2041-01-16,2016-12-11,2017-01-10,DEFAULT,286,COMPLETE,SECOND
L003233,B4804,Jennifer Miller,William Williams,VA,CASH_OUT_REFINANCE,SD,79871,PHH Mortgage,434307.00,155468.48,3.632,1445.95,2019-01-04,2034-01-04,2029-03-19,2029-04-18,CURRENT,0,MISSING,SECOND
L003302,B1342,Sarah Jones,David Jones,VA,PURCHASE,GA,61372,Green Tree Servicing,264746.00,0.00,7.269,1764.07,2017-03-08,2032-03-08,2025-12-09,2026-01-08,CLOSED,0,COMPLETE,FIRST
L008938,B9386,Robert Martin,Jennifer Anderson,FHA,PURCHASE,MD,13856,PHH Mortgage,613044.00,559536.06,5.705,3205.96,2018-05-04,2048-05-04,2025-03-29,2025-04-28,DELINQUENT,66,COMPLETE,FIRST
L001135,B4376,Michael Martin,,FIXED,CONSTRUCTION,IN,80303,JPMorgan Chase Bank,496120.00,189650.10,5.478,2491.27,2013-08-02,2043-08-02,2019-07-15,2019-08-14,CURRENT,0,COMPLETE,FIRST
L005818,B9871,Joseph Williams,,VA,CASH_OUT_REFINANCE,NV,62102,PNC Bank,519118.00,151005.66,3.145,1496.57,2017-11-08,2047-11-08,2018-12-11,2019-01-10,CURRENT,0,COMPLETE,FIRST
L001875,B4233,Joseph Hernandez,,JUMBO,CONSTRUCTION,NY,57986,SunTrust Mortgage,159472.00,75031.02,3.751,548.33,2019-03-14,2034-03-14,2029-06-24,2029-07-24,DELINQUENT,55,COMPLETE,FIRST
L005677,B8131,Robert Smith,,CONVENTIONAL,REFINANCE,VT,76147,Citimortgage,785332.00,236124.61,7.027,5058.65,2019-07-02,2039-07-02,2025-01-25,2025-02-24,DELINQUENT,59,COMPLETE,FIRST
L008825,B3269,Barbara Lee,Thomas Johnson,JUMBO,REFINANCE,DE,95601,Flagstar Bank,53703.00,38424.00,2.587,127.35,2020-02-08,2050-02-08,2023-02-20,2023-03-22,DELINQUENT,64,COMPLETE,SECOND
L001011,B2755,John Brown,,USDA,CONSTRUCTION,IA,22419,SunTrust Mortgage,94569.00,0.00,5.46,473.32,2016-12-10,2026-12-10,2024-06-29,2024-07-29,CLOSED,0,COMPLETE,FIRST
L003712,B1351,James Jones,,ARM,HOME_EQUITY,NE,22687,Flagstar Bank,443117.00,0.00,7.733,3141.07,2021-03-25,2031-03-25,2029-02-02,2029-03-04,PAID_OFF,0,COMPLETE,SECOND
L006974,B1313,David Anderson,Patricia Johnson,FHA,REFINANCE,ME,87025,Quicken Loans,462554.00,413027.69,6.46,2739.09,2018-05-30,2038-05-30,2021-02-08,2021-03-10,CURRENT,0,COMPLETE,SECOND
L008410,B8063,Barbara Smith,,JUMBO,CONSTRUCTION,NE,25629,PHH Mortgage,699329.00,0.00,3.411,2186.63,2013-12-02,2023-12-02,2022-04-23,2022-05-23,PAID_OFF,0,COMPLETE,FIRST
L009595,B5654,Richard Hernandez,,FHA,REFINANCE,NC,24121,Freedom Mortgage,495991.00,327420.95,6.202,2819.79,2017-09-17,2037-09-17,2020-09-16,2020-10-16,CURRENT,0,COMPLETE,FIRST
L005497,B8380,William Garcia,,FIXED,CASH_OUT_REFINANCE,NH,33886,Quicken Loans,230474.00,115781.72,6.328,1336.90,2014-06-17,2024-06-17,2014-08-26,2014-09-25,DEFAULT,170,COMPLETE,FIRST
L007591,B4456,Jessica Thomas,Jennifer Thomas,VA,PURCHASE,DC,59646,Flagstar Bank,85078.00,0.00,7.217,562.84,2010-04-02,2040-04-02,2013-10-21,2013-11-20,PAID_OFF,0,COMPLETE,SECOND
L003537,B3991,Michael Garcia,,FHA,CONSTRUCTION,NC,37259,Freedom Mortgage,504350.00,279593.53,6.19,2861.77,2019-06-01,2049-06-01,2021-04-26,2021-05-26,DEFAULT,212,COMPLETE,FIRST
L004532,B9490,Charles Lee,,FIXED,CONSTRUCTION,CA,91148,JPMorgan Chase Bank,493222.00,0.00,5.048,2282.30,2017-09-17,2032-09-17,2021-11-18,2021-12-18,CLOSED,0,COMPLETE,SECOND
L005307,B3207,Jennifer Jackson,,FIXED,CASH_OUT_REFINANCE,OK,89485,SunTrust Mortgage,271022.00,99195.17,8.37,2079.42,2013-10-18,2033-10-18,2016-01-31,2016-03-01,DEFAULT,136,COMPLETE,FIRST
L000812,B9420,Joseph Wilson,Michael Williams,USDA,CONSTRUCTION,MI,46144,Caliber Home Loans,87912.00,64658.65,6.498,523.65,2022-04-17,2032-04-17,2033-03-25,2033-04-24,CURRENT,3,COMPLETE,FIRST
L009491,B8588,John Lee,,JUMBO,CONSTRUCTION,LA,49762,Quicken Loans,159713.00,122895.64,4.35,636.86,2011-10-11,2021-10-11,2020-07-01,2020-07-31,CURRENT,0,COMPLETE,SECOND
L009896,B6111,Thomas Lee,,USDA,HOME_EQUITY,OH,34232,Citimortgage,749342.00,556594.44,5.079,3488.75,2019-03-08,2049-03-08,2027-07-17,2027-08-16,CURRENT,0,COMPLETE,FIRST
L001096,B3487,Robert Hernandez,,USDA,CONSTRUCTION,DE,62620,US Bank,148944.00,88177.44,8.199,1119.43,2013-11-17,2023-11-17,2018-02-18,2018-03-20,DELINQUENT,64,COMPLETE,FIRST
L004160,B5089,Richard Davis,,FIXED,CONSTRUCTION,WV,46336,Bank of America,196123.00,140468.57,4.8,862.94,2019-08-19,2034-08-19,2022-08-08,2022-09-07,CURRENT,0,COMPLETE,SECOND
L001945,B9505,Susan Jones,,VA,HOME_EQUITY,SD,36559,Green Tree Servicing,681408.00,506133.47,6.78,4234.95,2015-10-13,2035-10-13,2016-05-06,2016-06-05,CURRENT,0,COMPLETE,SECOND
L003837,B2348,Jessica Jones,,CONVENTIONAL,CASH_OUT_REFINANCE,NC,71827,Wells Fargo Home Mortgage,106701.00,75070.38,3.35,327.66,2020-04-25,2040-04-25,2022-05-05,2022-06-04,CURRENT,0,COMPLETE,FIRST
L004690,B6190,Thomas Thomas,,CONVENTIONAL,HOME_EQUITY,MS,49139,Green Tree Servicing,202549.00,120964.67,4.78,887.50,2020-06-20,2030-06-20,2028-10-25,2028-11-24,CURRENT,0,COMPLETE,SECOND
L001078,B8983,Mary Jones,Susan Johnson,FHA,REFINANCE,IN,83280,SunTrust Mortgage,509437.00,145774.70,7.836,3659.29,2011-06-12,2041-06-12,2014-06-25,2014-07-25,CURRENT,0,INCOMPLETE,SECOND
L006120,B2880,Thomas Miller,,FIXED,HOME_EQUITY,DE,91373,PHH Mortgage,292604.00,166156.89,3.949,1059.20,2022-11-21,2037-11-21,2031-09-30,2031-10-30,CURRENT,0,COMPLETE,SECOND
L002508,B8813,James Anderson,,ARM,CASH_OUT_REFINANCE,NM,82662,Bank of America,539261.00,454311.41,6.609,3266.98,2016-03-29,2031-03-29,2027-03-16,2027-04-15,CURRENT,0,COMPLETE,SECOND
L007384,B9822,Michael White,,CONVENTIONAL,HOME_EQUITY,CO,79972,SunTrust Mortgage,439060.00,138338.87,7.19,2893.77,2013-02-13,2023-02-13,2019-06-26,2019-07-26,CURRENT,0,INCOMPLETE,FIRST
L006090,B6425,William Jones,,FIXED,CASH_OUT_REFINANCE,RI,69503,SunTrust Mortgage,99302.00,72046.84,5.355,487.45,2014-03-27,2029-03-27,2016-07-25,2016-08-24,CURRENT,0,COMPLETE,SECOND
L004765,B7732,Jennifer Moore,Barbara Smith,ARM,CASH_OUT_REFINANCE,ID,58334,JPMorgan Chase Bank,311279.00,156847.02,6.834,1950.01,2014-09-12,2024-09-12,2017-01-17,2017-02-16,CURRENT,0,COMPLETE,SECOND
L007286,B9196,Joseph Taylor,,VA,REFINANCE,OH,67941,Caliber Home Loans,125461.00,96431.18,6.202,713.27,2014-08-31,2029-08-31,2014-12-24,2015-01-23,CURRENT,0,INCOMPLETE,FIRST
L000147,B2730,Sarah Johnson,Richard Jones,USDA,HOME_EQUITY,NY,99235,PHH Mortgage,640016.00,313261.98,7.177,4210.61,2016-06-01,2036-06-01,2025-12-29,2026-06-04,CURRENT,0,COMPLETE,SECOND
L006543,B5877,Michael Anderson,Charles Moore,VA,REFINANCE,ND,47253,US Bank,506491.00,144100.13,3.316,1539.56,2019-10-04,2039-10-04,2021-12-25,2022-01-24,CURRENT,0,COMPLETE,FIRST
L004675,B4486,James Garcia,,USDA,HOME_EQUITY,PA,26104,Green Tree Servicing,485962.00,444087.32,8.48,3777.54,2011-04-13,2041-04-13,2016-12-17,2017-01-16,CURRENT,0,COMPLETE,FIRST
L006495,B4088,Richard Martinez,,CONVENTIONAL,CONSTRUCTION,AZ,28273,Bank of America,458739.00,0.00,6.01,2527.27,2013-04-28,2023-04-28,2017-02-17,2017-03-19,PAID_OFF,0,INCOMPLETE,FIRST
L007267,B2688,Joseph Smith,Sarah Anderson,JUMBO,REFINANCE,AK,17509,JPMorgan Chase Bank,676414.00,254713.17,5.401,3348.87,2016-07-28,2031-07-28,2020-02-20,2020-03-21,CURRENT,0,COMPLETE,FIRST
L005023,B9067,Charles Taylor,Robert Jones,VA,HOME_EQUITY,KY,82216,Flagstar Bank,660308.00,347972.86,6.259,3788.46,2015-12-04,2035-12-04,2026-11-13,2026-12-13,CURRENT,0,MISSING,SECOND
L009116,B5158,Jessica Thompson,Linda Anderson,FIXED,CASH_OUT_REFINANCE,NV,12944,SunTrust Mortgage,419524.00,0.00,8.3,3191.88,2020-01-29,2050-01-29,2027-08-15,2027-09-14,PAID_OFF,0,MISSING,SECOND
L002586,B8398,Jessica Smith,,FHA,HOME_EQUITY,IL,81637,Bank of America,394080.00,195068.61,5.249,1896.15,2018-02-13,2038-02-13,2022-08-11,2022-09-10,DEFAULT,182,COMPLETE,SECOND
L008744,B8421,Sarah Miller,,JUMBO,HOME_EQUITY,DC,80171,PNC Bank,202496.00,112725.57,5.253,975.07,2022-11-05,2042-11-05,2032-08-13,2032-09-12,CURRENT,0,INCOMPLETE,FIRST
L001212,B1227,Karen Smith,,JUMBO,CONSTRUCTION,CA,12533,Quicken Loans,150301.00,91639.80,8.481,1168.48,2015-12-21,2030-12-21,2023-08-30,2023-09-29,CURRENT,0,COMPLETE,FIRST
L001961,B1271,Patricia Johnson,,CONVENTIONAL,PURCHASE,LA,49300,Bank of America,469153.00,0.00,5.936,2552.82,2016-02-09,2031-02-09,2024-11-13,2024-12-13,PAID_OFF,0,COMPLETE,SECOND
L009995,B6812,Patricia Martin,,ARM,CONSTRUCTION,NV,20956,SunTrust Mortgage,664006.00,580681.86,3.483,2120.01,2012-01-22,2027-01-22,2021-06-22,2021-07-22,DEFAULT,298,COMPLETE,FIRST
L009087,B3010,Lisa Johnson,,JUMBO,HOME_EQUITY,IL,88561,Nationstar Mortgage,263201.00,138805.81,4.26,1027.80,2020-04-13,2035-04-13,2027-03-04,2027-04-03,CURRENT,0,COMPLETE,FIRST
L009902,B6010,Michael Smith,,VA,CONSTRUCTION,FL,10508,US Bank,636239.00,0.00,7.636,4453.46,2015-10-12,2035-10-12,2026-07-15,2026-08-14,PAID_OFF,0,COMPLETE,SECOND
L007424,B8134,Richard Thompson,Karen Jones,ARM,REFINANCE,ME,15816,JPMorgan Chase Bank,752473.00,603289.76,5.559,3834.41,2021-09-28,2041-09-28,2030-04-29,2030-05-29,CURRENT,0,COMPLETE,FIRST
L005563,B9417,Mary Anderson,,CONVENTIONAL,CONSTRUCTION,VA,95876,Freedom Mortgage,521889.00,299694.35,7.753,3709.02,2017-09-28,2027-09-28,2023-05-25,2023-06-24,CURRENT,0,COMPLETE,FIRST
L003592,B2964,Barbara Davis,Karen Martin,VA,HOME_EQUITY,OK,63003,PHH Mortgage,380221.00,0.00,4.122,1436.67,2016-07-16,2031-07-16,2021-05-05,2021-06-04,PAID_OFF,0,COMPLETE,FIRST
L001877,B3134,John Williams,Patricia Anderson,VA,HOME_EQUITY,AK,10029,US Bank,251314.00,126310.98,3.703,853.06,2010-04-17,2040-04-17,2019-11-25,2019-12-25,CURRENT,0,COMPLETE,SECOND
L008156,B2053,James Johnson,Charles Davis,JUMBO,PURCHASE,KY,85838,Citimortgage,86771.00,0.00,6.641,528.23,2019-04-04,2039-04-04,2029-12-07,2030-01-06,CLOSED,0,INCOMPLETE,SECOND
L009975,B2935,James Moore,Joseph Jackson,JUMBO,HOME_EQUITY,ID,47115,Citimortgage,359551.00,163212.59,4.97,1638.05,2012-11-04,2042-11-04,2016-12-22,2017-01-21,DELINQUENT,85,COMPLETE,SECOND
L005283,B9418,Robert Thompson,Michael Johnson,VA,PURCHASE,CA,46511,US Bank,546908.00,281259.54,4.621,2316.66,2013-05-19,2023-05-19,2013-09-19,2013-10-19,CURRENT,0,INCOMPLETE,FIRST
L004911,B9636,Linda Thomas,Linda Anderson,FHA,REFINANCE,NM,37658,SunTrust Mortgage,490472.00,152998.55,3.288,1478.28,2011-04-30,2031-04-30,2020-10-22,2020-11-21,DELINQUENT,38,COMPLETE,FIRST
L001666,B5045,Richard Martinez,Richard Smith,FHA,REFINANCE,CO,65918,Citimortgage,688015.00,0.00,3.139,1979.71,2015-02-17,2045-02-17,2023-08-06,2023-09-05,CLOSED,0,COMPLETE,SECOND
L007888,B5059,John Anderson,,FIXED,CASH_OUT_REFINANCE,ND,63732,Green Tree Servicing,449937.00,306449.01,7.858,3240.97,2020-02-09,2050-02-09,2023-09-19,2023-10-19,CURRENT,0,COMPLETE,SECOND
L008683,B2250,Barbara Brown,David Anderson,FIXED,PURCHASE,NC,62643,Flagstar Bank,116192.00,88871.77,5.808,618.61,2010-05-13,2020-05-13,2016-01-10,2016-02-09,CURRENT,0,COMPLETE,FIRST
L009715,B6552,David Taylor,Jessica Brown,ARM,CASH_OUT_REFINANCE,WA,68903,PNC Bank,174093.00,100413.58,7.887,1258.65,2013-10-27,2028-10-27,2020-05-01,2020-05-31,CURRENT,0,COMPLETE,SECOND
L004505,B5231,Joseph Smith,James Brown,JUMBO,REFINANCE,ME,94003,Quicken Loans,751490.00,257882.14,3.202,2205.75,2018-03-18,2038-03-18,2025-09-04,2025-10-04,CURRENT,0,COMPLETE,SECOND
L002820,B8681,Sarah Thomas,Robert White,FIXED,CONSTRUCTION,WV,96769,Citimortgage,108396.00,66241.35,3.294,327.30,2016-09-05,2046-09-05,2017-08-18,2017-09-17,DELINQUENT,49,INCOMPLETE,SECOND
L002832,B4786,Lisa Wilson,Sarah Davis,FIXED,REFINANCE,FL,73487,Bank of America,463177.00,204498.64,6.839,2903.70,2019-10-25,2034-10-25,2022-11-28,2022-12-28,DEFAULT,274,COMPLETE,FIRST
L000748,B6922,Susan Jackson,,JUMBO,CASH_OUT_REFINANCE,WV,81554,PHH Mortgage,781985.00,0.00,6.586,4720.97,2027-01-18,2031-06-24,2019-09-18,2019-10-18,PAID_OFF,0,INCOMPLETE,FIRST
L005605,B8353,John Jones,Richard Martinez,VA,CASH_OUT_REFINANCE,CA,63091,Bank of America,708146.00,615808.30,3.187,2068.79,2014-10-12,2044-10-12,2021-03-11,2021-04-10,DELINQUENT,72,COMPLETE,SECOND
L000636,B8152,Richard Miller,,ARM,CONSTRUCTION,NM,70749,PHH Mortgage,144546.00,71944.91,6.845,906.97,2013-06-16,2033-06-16,2013-08-05,2013-09-04,CURRENT,7,COMPLETE,FIRST
L001600,B0002,Lisa Moore,Sarah Williams,FIXED,CONSTRUCTION,MI,13516,Quicken Loans,140996.00,117102.49,5.928,766.17,2018-03-31,2048-03-31,2024-09-04,2024-10-04,CURRENT,0,INCOMPLETE,FIRST
L007292,B3297,Jennifer Jones,Susan Martinez,USDA,CASH_OUT_REFINANCE,NV,36338,Freedom Mortgage,109639.00,40386.33,7.398,743.52,2016-07-13,2046-07-13,2025-02-22,2025-03-24,CURRENT,0,COMPLETE,SECOND
L003047,B1099,Patricia Martinez,,FHA,REFINANCE,MO,74520,PHH Mortgage,119911.00,0.00,8.277,909.79,2011-12-15,2041-12-15,2012-07-28,2012-08-27,PAID_OFF,0,COMPLETE,SECOND
L008481,B8069,Barbara Wilson,,FHA,PURCHASE,ID,77504,US Bank,50478.00,15484.25,6.653,307.84,2013-06-04,2028-06-04,2015-01-02,2015-02-01,CURRENT,0,MISSING,SECOND
L005736,B5382,James Anderson,David Wilson,ARM,HOME_EQUITY,DC,78117,US Bank,707477.00,618456.21,7.302,4735.50,2019-03-30,2034-03-30,2021-12-11,2022-01-10,CURRENT,0,COMPLETE,FIRST
L000372,B3941,Joseph White,,VA,REFINANCE,PA,37665,Bank of America,241059.00,43746.99,7.557,1669.88,2011-01-06,2021-01-06,2015-10-06,2015-11-05,CLOSED,0,COMPLETE,FIRST
L002851,B2458,William Anderson,Thomas Garcia,FHA,PURCHASE,AR,37541,Bank of America,320531.00,213091.26,3.277,962.85,2011-05-22,2031-05-22,2015-11-13,2015-12-13,CURRENT,0,COMPLETE,SECOND
L006414,B9748,Karen Williams,Joseph White,JUMBO,CASH_OUT_REFINANCE,MN,12983,Freedom Mortgage,738400.00,507565.48,3.869,2618.80,2013-11-30,2028-11-30,2017-10-12,2017-11-11,DEFAULT,114,COMPLETE,SECOND
L005796,B5883,John Moore,,ARM,PURCHASE,DC,78404,JPMorgan Chase Bank,463985.00,337055.80,4.586,1950.52,2021-11-19,2036-11-19,2029-08-08,2029-09-07,CURRENT,0,COMPLETE,FIRST
L008158,B8975,Charles Williams,,FIXED,HOME_EQUITY,WA,45339,Citimortgage,625067.00,0.00,4.97,2847.70,2011-04-28,2026-04-28,2019-06-08,2019-07-08,PAID_OFF,0,COMPLETE,SECOND
L000609,B1591,James Davis,,ARM,REFINANCE,HI,14427,US Bank,71001.00,41544.24,7.031,457.61,2021-10-23,2031-10-23,2025-01-16,2027-08-07,CURRENT,0,COMPLETE,FIRST
L007081,B2280,Joseph Anderson,,ARM,CONSTRUCTION,WI,58168,Caliber Home Loans,360137.00,154330.29,2.95,973.87,2016-04-10,2026-04-10,2025-11-27,2025-12-27,CURRENT,0,COMPLETE,SECOND
L001284,B4878,James Martin,,CONVENTIONAL,CONSTRUCTION,NJ,73882,Wells Fargo Home Mortgage,409185.00,0.00,6.825,2559.96,2012-12-18,2027-12-18,2013-09-01,2013-10-01,PAID_OFF,0,COMPLETE,SECOND
L004236,B9905,David Jones,Susan Taylor,ARM,CASH_OUT_REFINANCE,ID,36474,Flagstar Bank,523024.00,0.00,8.156,3910.30,2022-12-26,2032-12-26,2033-03-30,2033-04-29,CLOSED,0,COMPLETE,FIRST
L000273,B1475,Charles Moore,,VA,CASH_OUT_REFINANCE,ID,35971,PHH Mortgage,543602.00,276392.07,0.0879,3946.55,2011-02-18,2021-02-18,2015-07-08,2015-08-07,CURRENT,0,COMPLETE,FIRST
L007484,B3157,Jennifer Martin,,VA,CASH_OUT_REFINANCE,NH,56657,Flagstar Bank,83899.00,58158.05,7.635,587.19,2022-04-23,2032-04-23,2028-11-21,2028-12-21,CURRENT,0,COMPLETE,FIRST
L005751,B9275,David Wilson,,ARM,REFINANCE,WA,89896,Bank of America,104739.00,0.00,7.903,758.77,2010-11-21,2040-11-21,2016-03-21,2016-04-20,PAID_OFF,0,COMPLETE,FIRST
L005709,B4566,Linda Williams,,JUMBO,CASH_OUT_REFINANCE,WI,43935,Bank of America,160713.00,97619.30,5.038,742.20,2021-12-12,2041-12-12,2022-05-05,2022-06-04,CURRENT,0,COMPLETE,FIRST
L005540,B5257,Patricia Martinez,Mary Smith,ARM,CONSTRUCTION,CA,95981,Citimortgage,244979.00,0.00,7.174,1611.02,2021-08-20,2051-08-20,2023-02-23,2023-03-25,PAID_OFF,0,MISSING,FIRST
L006126,B3524,Mary Jackson,,ARM,CONSTRUCTION,IL,10115,JPMorgan Chase Bank,621475.00,228068.27,5.221,2974.33,2020-12-10,2050-12-10,2028-07-23,2028-08-22,CURRENT,0,INCOMPLETE,FIRST
L009177,B9205,David Thompson,,JUMBO,PURCHASE,GA,12638,Quicken Loans,134514.00,109963.63,4.177,515.04,2016-02-22,2031-02-22,2023-10-18,2023-11-17,CURRENT,0,COMPLETE,SECOND
L005401,B2369,Richard Anderson,,FIXED,HOME_EQUITY,IN,47529,Freedom Mortgage,88223.00,58354.01,2.591,209.54,2021-05-10,2036-05-10,2029-08-08,2029-09-07,DELINQUENT,44,COMPLETE,FIRST
L006582,B3653,James Jones,John Martin,VA,CASH_OUT_REFINANCE,DE,59874,Freedom Mortgage,766490.00,506722.08,3.925,2757.77,2020-09-06,2035-09-06,2031-01-19,2031-02-18,CURRENT,0,COMPLETE,SECOND
L009008,B4200,Lisa Thompson,Sarah Wilson,USDA,REFINANCE,CO,51568,Freedom Mortgage,613499.00,500596.32,2.937,1651.69,2015-11-19,2025-11-19,2016-12-29,2017-01-28,CURRENT,0,COMPLETE,SECOND
L000834,B8842,Michael Garcia,Sarah Thompson,ARM,PURCHASE,NC,39720,Green Tree Servicing,712249.00,258777.86,4.608,3008.54,2017-08-18,2047-08-18,2024-07-16,2026-09-06,DEFAULT,296,INCOMPLETE,SECOND
L000115,B3480,Richard Taylor,,VA,REFINANCE,DE,42477,US Bank,481709.00,0.00,6.196,2735.95,2019-12-04,2034-12-04,2020-12-23,2021-01-22,CURRENT,16,COMPLETE,FIRST
L004429,B7274,Lisa Davis,,USDA,CONSTRUCTION,MI,31874,Green Tree Servicing,450637.00,235088.41,5.168,2134.82,2012-01-25,2022-01-25,2016-08-20,2016-09-19,CURRENT,0,COMPLETE,FIRST
L007685,B5261,Sarah Brown,Michael Wilson,FIXED,CASH_OUT_REFINANCE,MO,43766,US Bank,562141.00,328247.40,7.947,4095.06,2018-02-05,2048-02-05,2019-07-01,2019-07-31,CURRENT,0,INCOMPLETE,FIRST
L006434,B2328,Lisa Garcia,,CONVENTIONAL,CONSTRUCTION,KS,14646,Wells Fargo Home Mortgage,510933.00,362751.48,3.513,1645.33,2015-09-22,2030-09-22,2017-04-29,2017-05-29,CURRENT,0,COMPLETE,SECOND
L000596,B7591,Patricia Johnson,Susan Moore,JUMBO,CONSTRUCTION,PA,67106,US Bank,780782.00,0.00,5.842,4181.22,2016-07-31,2026-07-31,2020-06-09,2020-07-09,PAID_OFF,0,,SECOND
L009725,B1818,William Taylor,Charles Jackson,FHA,PURCHASE,MD,87642,Quicken Loans,424855.00,348438.32,6.711,2613.60,2022-10-12,2042-10-12,2031-09-04,2031-10-04,CURRENT,0,COMPLETE,FIRST
L000975,B2940,Richard Jones,,USDA,PURCHASE,TX,61136,Wells Fargo Home Mortgage,233404.00,0.00,3.413,730.22,2014-01-23,2044-01-23,2018-12-11,2019-01-10,CLOSED,0,COMPLETE,FIRST
L005791,B8505,Patricia Miller,,FIXED,PURCHASE,NC,79823,Citimortgage,166122.00,135901.72,6.811,1037.17,2017-06-15,2032-06-15,2026-02-10,2026-03-12,DELINQUENT,58,MISSING,FIRST
L001545,B6838,Joseph Moore,,ARM,PURCHASE,MD,16219,SunTrust Mortgage,430049.00,172334.38,3.675,1448.73,2011-03-19,2021-03-19,2014-11-21,2014-12-21,CURRENT,0,COMPLETE,SECOND
L009968,B7488,Thomas Moore,Jessica Jackson,CONVENTIONAL,HOME_EQUITY,PA,49151,Citimortgage,126115.00,69773.93,2.927,338.38,2021-04-26,2051-04-26,2026-03-18,2026-04-17,CURRENT,0,MISSING,SECOND
L004938,B9185,Susan Thompson,Joseph White,JUMBO,CONSTRUCTION,SD,94948,Caliber Home Loans,793787.00,673410.89,7.646,5563.52,2017-03-12,2047-03-12,2024-10-22,2024-11-21,DELINQUENT,86,COMPLETE,SECOND
L009076,B8703,John Taylor,,FHA,HOME_EQUITY,MD,25507,Bank of America,154577.00,98379.72,5.345,757.36,2010-09-28,2025-09-28,2020-09-09,2020-10-09,CURRENT,0,COMPLETE,SECOND
L002248,B5525,Mary Jackson,Lisa Thompson,USDA,HOME_EQUITY,FL,48510,SunTrust Mortgage,185010.00,109406.56,8.425,1428.82,2016-12-04,2036-12-04,2017-11-10,2017-12-10,CURRENT,0,INCOMPLETE,SECOND
L002490,B2884,Richard Garcia,,ARM,REFINANCE,WI,82464,US Bank,672555.00,0.00,6.739,4154.65,2018-06-04,2038-06-04,2022-01-16,2022-02-15,CLOSED,0,INCOMPLETE,FIRST
L000837,B1637,Jessica Williams,,VA,PURCHASE,GA,75311,US Bank,161751.00,86266.27,2.829,419.46,2016-09-25,2031-09-25,2024-08-14,2024-09-13,CURRENT,27,COMPLETE,SECOND
L004134,B7621,James Moore,Thomas Smith,JUMBO,CASH_OUT_REFINANCE,NJ,52428,Green Tree Servicing,613410.00,419595.17,8.499,4778.92,2021-01-08,2036-01-08,2024-07-29,2024-08-28,CURRENT,0,INCOMPLETE,FIRST
L006252,B6097,Patricia Moore,,ARM,CASH_OUT_REFINANCE,AL,24024,PNC Bank,666031.00,390562.05,4.567,2788.28,2013-12-20,2028-12-20,2017-02-23,2017-03-25,CURRENT,0,COMPLETE,FIRST
L003244,B4904,Patricia Moore,,FHA,REFINANCE,SD,32649,PNC Bank,234377.00,0.00,2.854,613.17,2020-05-31,2030-05-31,2027-07-17,2027-08-16,PAID_OFF,0,INCOMPLETE,SECOND
L002808,B6855,Jennifer Anderson,,CONVENTIONAL,CONSTRUCTION,TN,71491,US Bank,450448.00,215363.38,5.187,2141.77,2012-11-07,2032-11-07,2013-07-09,2013-08-08,CURRENT,0,MISSING,SECOND
L003887,B3234,Karen Jackson,,ARM,CONSTRUCTION,IA,15718,JPMorgan Chase Bank,189898.00,0.00,4.073,709.00,2019-12-25,2049-12-25,2021-01-27,2021-02-26,CLOSED,0,COMPLETE,FIRST
L001433,B6491,James Miller,Thomas Anderson,FHA,REFINANCE,RI,70558,Bank of America,636739.00,400202.22,2.76,1610.95,2017-05-29,2037-05-29,2027-11-28,2027-12-28,CURRENT,0,INCOMPLETE,SECOND
L009656,B4077,Joseph Brown,Mary Martinez,JUMBO,HOME_EQUITY,KY,42713,Citimortgage,430087.00,0.00,7.333,2891.01,2014-06-13,2024-06-13,2021-09-08,2021-10-08,PAID_OFF,0,COMPLETE,FIRST
L008088,B4946,Richard Hernandez,,FIXED,CONSTRUCTION,UT,42651,Nationstar Mortgage,454604.00,183038.75,2.527,1053.05,2011-07-14,2026-07-14,2015-12-01,2015-12-31,CURRENT,0,COMPLETE,FIRST
L008333,B3289,Jessica Wilson,,JUMBO,CONSTRUCTION,NM,49878,Green Tree Servicing,300493.00,0.00,6.178,1701.74,2020-12-24,2035-12-24,2026-04-26,2026-05-26,PAID_OFF,0,COMPLETE,FIRST
L005785,B7441,James Lee,Jennifer Taylor,CONVENTIONAL,PURCHASE,ND,38629,Quicken Loans,729832.00,584033.90,3.33,2227.81,2012-09-07,2042-09-07,2017-08-03,2017-09-02,CURRENT,0,COMPLETE,SECOND
L002892,B5240,David Miller,,ARM,CONSTRUCTION,VA,36271,Quicken Loans,433191.00,0.00,8.456,3357.81,2018-08-10,2028-08-10,2022-06-09,2022-07-09,CLOSED,0,COMPLETE,SECOND
L009165,B8083,Lisa Garcia,Karen Wilson,JUMBO,CONSTRUCTION,VT,38127,SunTrust Mortgage,668831.00,522483.58,8.278,5075.20,2013-06-26,2028-06-26,2024-04-14,2024-05-14,CURRENT,0,COMPLETE,SECOND
L008957,B8062,Richard Williams,,FHA,PURCHASE,NE,29274,Caliber Home Loans,283782.00,0.00,6.327,1645.86,2014-04-23,2044-04-23,2018-03-24,2018-04-23,PAID_OFF,0,INCOMPLETE,SECOND
L007259,B1253,Karen Johnson,,JUMBO,REFINANCE,TN,93658,PHH Mortgage,373181.00,121206.45,2.879,984.86,2013-04-28,2028-04-28,2022-09-14,2022-10-14,DELINQUENT,75,COMPLETE,FIRST
L007966,B7319,David Brown,Linda Williams,CONVENTIONAL,REFINANCE,FL,21931,Bank of America,480838.00,290373.30,3.51,1547.10,2021-07-10,2036-07-10,2027-12-29,2028-01-28,CURRENT,0,COMPLETE,SECOND
L009629,B1257,Mary Smith,,ARM,REFINANCE,AZ,36318,Quicken Loans,685754.00,509621.40,6.38,4010.52,2015-07-27,2030-07-27,2016-09-28,2016-10-28,CURRENT,0,COMPLETE,FIRST
L000183,B9798,Lisa Martin,,USDA,PURCHASE,IN,25036,Flagstar Bank,473013.00,556129.53,3.052,1323.33,2014-12-18,2029-12-18,2022-06-26,2022-07-26,CURRENT,0,MISSING,SECOND
L007136,B7242,Richard Johnson,David Jones,USDA,REFINANCE,MD,80679,Caliber Home Loans,455674.00,256235.21,3.186,1330.80,2015-03-29,2025-03-29,2024-07-29,2024-08-28,CURRENT,0,COMPLETE,FIRST
L009091,B5704,Mary Brown,,FHA,PURCHASE,WA,18988,Green Tree Servicing,609842.00,310531.34,4.072,2276.34,2011-03-25,2021-03-25,2020-11-15,2020-12-15,CURRENT,0,COMPLETE,SECOND
L002819,B9992,Susan Anderson,,FHA,CONSTRUCTION,CT,86748,Quicken Loans,312507.00,0.00,4.959,1420.58,2016-04-02,2026-04-02,2026-09-20,2026-10-20,PAID_OFF,0,COMPLETE,FIRST
L001434,B7295,Jennifer Anderson,Thomas Taylor,VA,CONSTRUCTION,WV,23958,Quicken Loans,500885.00,256914.29,6.055,2780.12,2014-12-24,2034-12-24,2018-08-12,2018-09-11,CURRENT,0,COMPLETE,FIRST
L007214,B4263,Richard Taylor,,USDA,CASH_OUT_REFINANCE,MT,14372,PHH Mortgage,91326.00,68557.79,6.987,584.92,2010-05-18,2020-05-18,2020-07-29,2020-08-28,CURRENT,0,MISSING,SECOND
L009930,B7619,Jennifer Garcia,Lisa Davis,JUMBO,CASH_OUT_REFINANCE,NJ,52879,Quicken Loans,349928.00,0.00,3.604,1156.05,2012-10-10,2027-10-10,2019-06-22,2019-07-22,PAID_OFF,0,COMPLETE,SECOND
L002164,B3255,William Wilson,,USDA,PURCHASE,CT,27175,SunTrust Mortgage,582827.00,0.00,7.913,4227.58,2013-09-26,2028-09-26,2021-09-14,2021-10-14,PAID_OFF,0,INCOMPLETE,SECOND
L000675,B8001,Mary Martin,,VA,HOME_EQUITY,OR,74488,US Bank,465559.00,0.00,7.336,3130.73,2011-01-29,2010-02-09,2021-05-25,2021-06-24,CLOSED,0,COMPLETE,SECOND
L002374,B3935,Sarah Thompson,,FIXED,REFINANCE,OH,54644,Nationstar Mortgage,642079.00,0.00,6.411,3773.34,2015-03-19,2035-03-19,2015-12-11,2016-01-10,PAID_OFF,0,COMPLETE,SECOND
L004816,B3400,Joseph Thomas,,ARM,HOME_EQUITY,AR,59114,Nationstar Mortgage,777623.00,431645.17,5.677,4046.69,2016-10-12,2036-10-12,2025-12-03,2026-01-02,DELINQUENT,50,COMPLETE,FIRST
L008623,B6247,Charles Martin,,USDA,CASH_OUT_REFINANCE,KY,20163,JPMorgan Chase Bank,401043.00,341197.10,7.211,2650.93,2011-05-10,2026-05-10,2014-09-21,2014-10-21,CURRENT,0,COMPLETE,FIRST
L009334,B2647,Thomas Jones,,FHA,PURCHASE,CA,64395,JPMorgan Chase Bank,169044.00,80900.63,7.951,1232.06,2014-10-15,2044-10-15,2022-07-21,2022-08-20,CURRENT,0,COMPLETE,SECOND
L007329,B1963,Michael Williams,,FHA,PURCHASE,AK,57697,US Bank,237265.00,87581.07,4.215,916.73,2022-09-14,2052-09-14,2024-06-24,2024-07-24,DELINQUENT,54,INCOMPLETE,FIRST
L009469,B4100,Joseph Williams,William Thompson,CONVENTIONAL,PURCHASE,AL,90441,PNC Bank,545205.00,403709.54,2.612,1305.40,2016-12-28,2026-12-28,2022-12-21,2023-01-20,CURRENT,0,COMPLETE,SECOND
L005277,B7004,Jessica Johnson,,JUMBO,CONSTRUCTION,MA,20427,Caliber Home Loans,527071.00,0.00,3.329,1608.40,2013-07-25,2023-07-25,2017-11-21,2017-12-21,CLOSED,0,COMPLETE,SECOND
L000224,B5908,Jessica Thomas,Richard Thomas,FHA,CASH_OUT_REFINANCE,NE,20382,Caliber Home Loans,59576.00,30601.97,7.095,387.47,2016-07-27,2031-07-27,2025-08-02,2025-09-01,CLOSED,0,INCOMPLETE,FIRST
L006392,B4822,Sarah Johnson,Sarah Johnson,FHA,CASH_OUT_REFINANCE,SD,42714,Nationstar Mortgage,58494.00,27337.01,7.096,380.48,2015-09-23,2035-09-23,2023-08-08,2023-09-07,CURRENT,0,COMPLETE,FIRST
L005488,B4234,Robert Wilson,,CONVENTIONAL,REFINANCE,WA,93608,JPMorgan Chase Bank,418641.00,122575.02,7.101,2725.04,2011-08-24,2026-08-24,2020-10-10,2020-11-09,CURRENT,0,COMPLETE,SECOND
L006915,B2123,Karen Thompson,Robert Moore,FIXED,CONSTRUCTION,PA,70696,Nationstar Mortgage,437055.00,353878.51,2.649,1061.28,2019-02-05,2029-02-05,2024-11-09,2024-12-09,CURRENT,0,MISSING,FIRST
L002517,B3944,Thomas Moore,,JUMBO,PURCHASE,SD,78626,Wells Fargo Home Mortgage,654546.00,480460.08,3.636,2181.60,2020-02-19,2030-02-19,2028-10-22,2028-11-21,CURRENT,0,COMPLETE,SECOND
L000392,B3511,Jessica Johnson,,VA,CASH_OUT_REFINANCE,GA,38256,Bank of America,173461.00,138553.75,4.729,751.94,,2038-05-26,2021-10-11,2021-11-10,CURRENT,0,INCOMPLETE,SECOND
L003089,B1106,Mary Jones,,JUMBO,HOME_EQUITY,TN,36787,Wells Fargo Home Mortgage,504261.00,394294.27,4.231,1955.73,2013-03-22,2028-03-22,2023-09-23,2023-10-23,DELINQUENT,47,COMPLETE,SECOND
L004085,B3682,Patricia Jones,,ARM,PURCHASE,AL,68275,Quicken Loans,649363.00,252090.70,4.113,2448.26,2015-08-29,2025-08-29,2025-09-26,2025-10-26,CURRENT,0,MISSING,SECOND
L002707,B4052,Jessica Moore,,ARM,CONSTRUCTION,OK,48072,US Bank,221476.00,101662.24,8.448,1715.11,2013-08-31,2043-08-31,2016-11-02,2016-12-02,CURRENT,0,COMPLETE,FIRST
L005924,B3285,Linda Garcia,,USDA,PURCHASE,NM,60827,Caliber Home Loans,182102.00,78286.79,3.786,631.98,2017-12-21,2032-12-21,2026-05-13,2026-06-12,CURRENT,0,COMPLETE,FIRST
L007455,B6288,Mary Johnson,,FHA,REFINANCE,TX,31134,Nationstar Mortgage,764194.00,620320.81,6.154,4310.95,2012-07-09,2032-07-09,2021-06-24,2021-07-24,CURRENT,0,COMPLETE,SECOND
L004861,B8463,William Jackson,Thomas Anderson,USDA,CONSTRUCTION,SC,78297,PNC Bank,674270.00,559064.77,6.163,3809.23,2020-02-07,2035-02-07,2020-12-21,2021-01-20,DELINQUENT,55,COMPLETE,SECOND
L008409,B7994,Jessica Anderson,,FHA,HOME_EQUITY,IA,92287,PNC Bank,698813.00,552899.84,2.661,1704.58,2018-08-19,2038-08-19,2018-11-10,2018-12-10,CURRENT,0,COMPLETE,SECOND
L003271,B1432,Michael Thompson,Lisa Williams,FIXED,HOME_EQUITY,VA,34943,Nationstar Mortgage,302913.00,111699.12,7.618,2115.29,2014-10-18,2034-10-18,2019-05-14,2019-06-13,CURRENT,0,COMPLETE,FIRST
L000627,B2375,James Martinez,Susan Brown,VA,CONSTRUCTION,WV,84471,Green Tree Servicing,230968.00,88866.64,0.0553,1092.48,2016-03-07,2031-03-07,2023-12-26,2024-01-25,CURRENT,0,INCOMPLETE,FIRST
L009209,B2243,Jennifer Thomas,David Garcia,CONVENTIONAL,HOME_EQUITY,KS,52287,PHH Mortgage,128484.00,0.00,3.608,424.94,2016-06-24,2046-06-24,2019-12-31,2020-01-30,CLOSED,0,MISSING,FIRST
L006830,B6828,Lisa Martin,,USDA,REFINANCE,OH,43828,Wells Fargo Home Mortgage,252276.00,108116.93,3.819,883.16,2018-09-20,2048-09-20,2020-06-10,2020-07-10,CURRENT,0,INCOMPLETE,FIRST
L005646,B4554,John Johnson,,FIXED,HOME_EQUITY,DE,76091,Caliber Home Loans,401187.00,186993.76,6.392,2350.69,2016-02-04,2046-02-04,2016-11-10,2016-12-10,CURRENT,0,MISSING,SECOND
L008987,B1992,Patricia White,,FHA,CONSTRUCTION,LA,25687,Nationstar Mortgage,792845.00,606699.32,7.988,5805.48,2013-03-01,2028-03-01,2017-06-17,2017-07-17,CURRENT,0,INCOMPLETE,FIRST
L002401,B5467,Jennifer Moore,,VA,CASH_OUT_REFINANCE,SC,80904,Bank of America,215246.00,181530.55,6.912,1363.80,2019-07-25,2049-07-25,2019-11-25,2019-12-25,CURRENT,0,COMPLETE,SECOND
L006996,B7725,Charles Thomas,,ARM,REFINANCE,WA,24616,SunTrust Mortgage,619941.00,349577.22,3.549,2016.82,2020-10-06,2040-10-06,2023-05-19,2023-06-18,CURRENT,0,COMPLETE,FIRST
L007767,B8791,Linda Thompson,Susan Jones,CONVENTIONAL,CONSTRUCTION,TN,16225,JPMorgan Chase Bank,621431.00,309628.33,6.704,3818.90,2020-07-13,2040-07-13,2029-06-09,2029-07-09,CURRENT,0,COMPLETE,FIRST
L000776,B2766,Michael Smith,Barbara Brown,FHA,REFINANCE,IN,99192,JPMorgan Chase Bank,569257.00,247854.93,0.0303,1756.44,2011-08-15,2031-08-15,2014-05-31,2014-06-30,DEFAULT,139,COMPLETE,FIRST
L004289,B7515,Patricia Martin,,FHA,REFINANCE,NH,57049,Freedom Mortgage,122121.00,49807.71,4.152,464.79,2011-06-03,2041-06-03,2022-02-11,2022-03-13,CURRENT,0,COMPLETE,FIRST
L007672,B7405,Barbara Jackson,,CONVENTIONAL,HOME_EQUITY,NC,67899,Green Tree Servicing,188014.00,89730.03,3.244,559.09,2019-12-08,2049-12-08,2024-03-13,2024-04-12,CURRENT,0,COMPLETE,SECOND
L001007,B2158,John Moore,,FHA,CASH_OUT_REFINANCE,MT,67389,US Bank,87247.00,60354.09,4.047,323.66,2011-01-07,2026-01-07,2015-01-16,2015-02-15,DEFAULT,183,COMPLETE,FIRST
L008956,B9280,Linda Davis,Jennifer Thomas,VA,REFINANCE,IA,66205,Quicken Loans,538156.00,327653.87,4.786,2360.98,2022-07-28,2042-07-28,2032-05-24,2032-06-23,CURRENT,0,COMPLETE,FIRST
L005963,B6401,Charles Garcia,,CONVENTIONAL,CONSTRUCTION,MA,61947,Caliber Home Loans,438469.00,405997.20,4.716,1895.50,2014-05-03,2034-05-03,2024-11-23,2024-12-23,CURRENT,0,COMPLETE,SECOND
L004791,B4126,Robert Smith,,CONVENTIONAL,PURCHASE,IL,87876,Citimortgage,68228.00,43293.12,7.361,460.37,2020-10-01,2040-10-01,2028-01-12,2028-02-11,CURRENT,0,INCOMPLETE,SECOND
L002340,B6912,Joseph Jones,John Davis,FIXED,CASH_OUT_REFINANCE,WA,87012,PHH Mortgage,90571.00,59251.57,2.582,214.37,2021-03-18,2051-03-18,2032-02-29,2032-03-30,CURRENT,0,COMPLETE,FIRST
L005433,B7316,Mary Miller,Richard Miller,CONVENTIONAL,REFINANCE,OR,97616,Citimortgage,78310.00,24243.69,2.659,190.87,2019-05-17,2029-05-17,2026-10-21,2026-11-20,CURRENT,0,COMPLETE,SECOND
L006515,B7350,Robert Hernandez,,JUMBO,HOME_EQUITY,MS,84614,Citimortgage,195913.00,0.00,3.937,707.03,2011-11-03,2041-11-03,2016-02-06,2016-03-07,PAID_OFF,0,COMPLETE,FIRST
L001378,B2165,James Martinez,,ARM,HOME_EQUITY,CO,96889,Flagstar Bank,505250.00,0.00,5.462,2529.70,2014-11-09,2024-11-09,2015-10-07,2015-11-06,CLOSED,0,COMPLETE,FIRST
L007545,B3407,Jennifer Thomas,,FIXED,REFINANCE,MA,41969,Freedom Mortgage,560284.00,297652.33,5.848,3003.50,2012-08-23,2042-08-23,2015-05-07,2015-06-06,CURRENT,0,COMPLETE,SECOND
L000808,B8982,Robert Martinez,,FHA,PURCHASE,PA,39762,Freedom Mortgage,258355.00,100006.25,7.002,1658.25,2014-11-01,2044-11-01,2023-08-10,2023-09-09,ACTIVE,77,INCOMPLETE,SECOND
L002848,B3300,Lisa Brown,,JUMBO,HOME_EQUITY,SC,92943,Freedom Mortgage,672939.00,356293.60,5.057,3119.46,2013-02-27,2023-02-27,2016-04-19,2016-05-19,CURRENT,0,COMPLETE,SECOND
L009281,B4270,Susan Williams,Mary Thompson,FHA,CONSTRUCTION,VA,73353,Caliber Home Loans,685559.00,432067.95,4.968,3122.04,2022-04-06,2037-04-06,2027-11-25,2027-12-25,DELINQUENT,51,COMPLETE,SECOND
L006748,B1241,Joseph Martin,John Lee,VA,HOME_EQUITY,MO,52379,SunTrust Mortgage,650207.00,312237.27,5.371,3201.24,2015-02-25,2025-02-25,2019-05-19,2019-06-18,CURRENT,0,MISSING,SECOND
L006029,B6148,Lisa Johnson,James Thompson,CONVENTIONAL,REFINANCE,CA,26964,PNC Bank,171905.00,150375.18,3.342,526.63,2016-01-19,2026-01-19,2022-10-12,2022-11-11,CURRENT,0,COMPLETE,FIRST
L009737,B8770,Linda Williams,Jennifer Martinez,CONVENTIONAL,REFINANCE,DE,91318,Wells Fargo Home Mortgage,697252.00,303657.30,5.144,3287.78,2014-12-13,2024-12-13,2015-10-30,2015-11-29,CURRENT,0,COMPLETE,SECOND
L005662,B9255,Karen Lee,,VA,PURCHASE,AK,94799,Flagstar Bank,628304.00,347344.25,8.473,4879.98,2010-11-24,2040-11-24,2012-08-03,2012-09-02,CURRENT,0,COMPLETE,FIRST
L009738,B4864,Michael Martinez,,CONVENTIONAL,CASH_OUT_REFINANCE,AR,43740,Green Tree Servicing,587583.00,221104.02,2.747,1479.58,2018-09-23,2048-09-23,2019-06-13,2019-07-13,CURRENT,0,COMPLETE,SECOND
L009028,B9460,Barbara Johnson,,USDA,REFINANCE,DE,80611,PHH Mortgage,426499.00,138878.11,4.62,1806.22,2013-04-29,2028-04-29,2020-08-24,2020-09-23,CURRENT,0,MISSING,FIRST
L006713,B2992,Linda Jackson,,VA,PURCHASE,KS,91779,Green Tree Servicing,700685.00,301416.16,6.788,4359.90,2016-08-08,2046-08-08,2020-02-19,2020-03-20,CURRENT,0,INCOMPLETE,SECOND
L001155,B8780,Lisa Anderson,,FHA,CONSTRUCTION,GA,64277,PHH Mortgage,62582.00,20495.38,3.396,194.82,2018-12-16,2048-12-16,2026-10-29,2026-11-28,DELINQUENT,32,INCOMPLETE,FIRST
L007127,B6769,Michael Garcia,William Miller,USDA,CASH_OUT_REFINANCE,VA,36378,Green Tree Servicing,107318.00,71337.25,5.779,568.51,2018-12-15,2048-12-15,2024-03-08,2024-04-07,DEFAULT,187,COMPLETE,FIRST
L008427,B7265,Lisa Johnson,Robert Lee,USDA,PURCHASE,DE,33242,Green Tree Servicing,97989.00,30607.76,7.46,670.08,2010-01-22,2025-01-22,2012-12-22,2013-01-21,CURRENT,0,COMPLETE,FIRST
L006689,B7557,Joseph Thomas,,JUMBO,CONSTRUCTION,NM,46592,Green Tree Servicing,108052.00,0.00,7.793,771.88,2022-12-14,2032-12-14,2025-10-18,2025-11-17,PAID_OFF,0,COMPLETE,FIRST
L004474,B4228,James Johnson,,FIXED,PURCHASE,IA,31294,Citimortgage,59972.00,0.00,7.186,395.05,2014-09-04,2034-09-04,2021-11-05,2021-12-05,PAID_OFF,0,COMPLETE,SECOND
L006356,B1959,Richard White,Michael Hernandez,VA,HOME_EQUITY,NC,25921,Quicken Loans,241111.00,0.00,3.737,825.95,2010-11-05,2025-11-05,2018-07-25,2018-08-24,PAID_OFF,0,MISSING,FIRST
L006940,B9748,Charles Lee,David Lee,FIXED,PURCHASE,ID,36216,Freedom Mortgage,723846.00,535528.80,7.269,4823.17,2017-11-17,2047-11-17,2023-07-27,2023-08-26,DELINQUENT,83,INCOMPLETE,FIRST
L003779,B6511,Barbara Thomas,Patricia Williams,JUMBO,CONSTRUCTION,NC,58390,Green Tree Servicing,641075.00,501018.70,7.054,4145.30,2017-10-19,2027-10-19,2019-09-21,2019-10-21,CURRENT,0,COMPLETE,SECOND
L009558,B9595,Thomas Hernandez,Susan Johnson,FHA,REFINANCE,NH,91140,Bank of America,554355.00,0.00,5.405,2746.60,2016-01-30,2036-01-30,2024-08-23,2024-09-22,PAID_OFF,0,COMPLETE,SECOND
L003395,B9148,Karen Martin,,CONVENTIONAL,CONSTRUCTION,CO,64890,Caliber Home Loans,249113.00,0.00,5.45,1244.53,2017-01-26,2037-01-26,2026-12-05,2027-01-04,PAID_OFF,0,COMPLETE,FIRST
L002763,B2916,Jennifer Taylor,,CONVENTIONAL,REFINANCE,MT,57283,Quicken Loans,269710.00,106363.54,3.083,762.22,2018-10-10,2038-10-10,2022-05-12,2022-06-11,CURRENT,0,INCOMPLETE,FIRST
L002538,B7797,Sarah Wilson,Lisa Brown,USDA,CASH_OUT_REFINANCE,ND,76108,Wells Fargo Home Mortgage,403825.00,174261.32,3.933,1455.89,2022-08-21,2032-08-21,2025-03-18,2025-04-17,DEFAULT,275,MISSING,FIRST
L005142,B6103,William Thomas,,FHA,PURCHASE,CT,13275,Nationstar Mortgage,454084.00,327242.35,5.428,2259.37,2015-11-27,2025-11-27,2025-06-16,2025-07-16,DELINQUENT,43,MISSING,FIRST
L002599,B8903,Linda Davis,,JUMBO,REFINANCE,ND,80010,JPMorgan Chase Bank,120305.00,82195.45,5.613,619.00,2014-01-25,2044-01-25,2018-09-15,2018-10-15,DELINQUENT,55,COMPLETE,FIRST
L001268,B9981,Joseph White,Jessica Smith,VA,PURCHASE,NJ,42382,US Bank,309992.00,0.00,3.792,1077.53,2022-05-26,2052-05-26,2032-03-07,2032-04-06,CLOSED,0,COMPLETE,FIRST
L008100,B1557,Joseph Martin,,JUMBO,REFINANCE,AL,48040,SunTrust Mortgage,582725.00,252847.67,4.742,2533.01,2019-04-13,2034-04-13,2027-09-27,2027-10-27,CURRENT,0,COMPLETE,FIRST
L000992,B5570,Jessica Thomas,,CONVENTIONAL,PURCHASE,VT,11709,Flagstar Bank,395426.00,110404.32,8.215,2977.72,2018-07-04,2048-07-04,2027-12-10,2028-01-09,CURRENT,0,COMPLETE,SECOND
L001848,B9951,Lisa Smith,Susan Moore,FIXED,CONSTRUCTION,CO,66502,Bank of America,415310.00,358788.92,5.929,2257.18,2010-11-29,2040-11-29,2013-11-19,2013-12-19,CURRENT,0,COMPLETE,SECOND
L007597,B7452,Linda Johnson,,VA,REFINANCE,MA,48196,Bank of America,413507.00,328800.81,6.667,2527.11,2014-01-07,2029-01-07,2019-08-24,2019-09-23,DELINQUENT,61,INCOMPLETE,FIRST
L007283,B8969,Susan Johnson,Jennifer Brown,ARM,CONSTRUCTION,OH,27132,Wells Fargo Home Mortgage,111380.00,61769.49,7.862,802.70,2016-10-24,2031-10-24,2018-07-10,2018-08-09,CURRENT,0,COMPLETE,FIRST
L004646,B7577,Robert Lee,,CONVENTIONAL,CASH_OUT_REFINANCE,VA,25544,Freedom Mortgage,698050.00,0.00,7.464,4776.06,2022-05-03,2037-05-03,2026-11-10,2026-12-10,PAID_OFF,0,COMPLETE,SECOND
L003933,B8297,Karen Anderson,,USDA,CONSTRUCTION,UT,59551,Caliber Home Loans,494786.00,437843.46,6.481,2939.48,2019-07-31,2029-07-31,2021-04-24,2021-05-24,CURRENT,0,COMPLETE,SECOND
L007090,B2923,Charles White,,FHA,HOME_EQUITY,VA,41562,Nationstar Mortgage,75076.00,35382.01,4.409,303.43,2016-12-12,2046-12-12,2021-12-17,2022-01-16,CURRENT,0,COMPLETE,FIRST
L005570,B7720,Linda Moore,,FIXED,PURCHASE,OR,13866,Flagstar Bank,560451.00,155833.68,4.787,2459.31,2019-03-13,2039-03-13,2019-07-17,2019-08-16,CURRENT,0,COMPLETE,SECOND
L009569,B3171,Linda Wilson,Robert Wilson,CONVENTIONAL,REFINANCE,MO,73753,SunTrust Mortgage,437895.00,181032.85,7.944,3188.75,2018-04-15,2038-04-15,2029-03-15,2029-04-14,CURRENT,0,COMPLETE,FIRST
L001054,B8122,Robert Jones,Michael Jones,FHA,REFINANCE,NH,76631,Wells Fargo Home Mortgage,791816.00,318429.80,7.072,5133.08,2021-12-24,2041-12-24,2030-10-20,2030-11-19,CURRENT,0,INCOMPLETE,FIRST
L003642,B7696,John Martinez,Mary Thompson,FHA,CASH_OUT_REFINANCE,AR,43667,Quicken Loans,239948.00,72811.31,3.054,671.73,2022-08-01,2042-08-01,2027-12-03,2028-01-02,CURRENT,0,COMPLETE,FIRST
L005698,B8890,Richard Martinez,Karen Moore,FIXED,REFINANCE,MI,37226,US Bank,577232.00,217496.39,5.929,3137.21,2011-04-11,2041-04-11,2012-11-02,2012-12-02,CURRENT,0,COMPLETE,SECOND
L002650,B6270,Joseph Martinez,Charles Wilson,CONVENTIONAL,HOME_EQUITY,PA,10261,Flagstar Bank,453886.00,0.00,6.383,2655.72,2017-08-01,2032-08-01,2026-12-11,2027-01-10,PAID_OFF,0,COMPLETE,FIRST
L007273,B7534,Barbara Moore,Karen Williams,FIXED,CONSTRUCTION,RI,14273,Quicken Loans,61808.00,0.00,2.733,154.84,2011-01-05,2031-01-05,2014-12-29,2015-01-28,PAID_OFF,0,COMPLETE,SECOND
L005566,B9479,William White,Karen Jackson,CONVENTIONAL,CASH_OUT_REFINANCE,AK,65863,Freedom Mortgage,464297.00,153572.90,4.503,1916.50,2020-05-19,2035-05-19,2021-12-11,2022-01-10,CURRENT,0,INCOMPLETE,SECOND
L004278,B5656,William Brown,,VA,CASH_OUT_REFINANCE,NC,48022,JPMorgan Chase Bank,212158.00,156985.58,5.848,1137.31,2014-10-27,2034-10-27,2020-05-18,2020-06-17,CURRENT,0,INCOMPLETE,FIRST
L000140,B8393,Richard Garcia,,USDA,PURCHASE,CA,54295,SunTrust Mortgage,127289.00,104084.91,7.295,851.19,2010-10-01,2030-10-01,2026-01-06,2011-02-20,CURRENT,0,COMPLETE,SECOND
L006089,B3880,Linda Johnson,,JUMBO,PURCHASE,MT,53894,Nationstar Mortgage,568377.00,251493.47,2.566,1336.92,2020-12-29,2035-12-29,2024-09-17,2024-10-17,DELINQUENT,40,COMPLETE,FIRST
L001747,B5447,Thomas White,,USDA,HOME_EQUITY,SC,70427,Freedom Mortgage,410853.00,0.00,7.304,2750.80,2014-01-22,2044-01-22,2019-02-21,2019-03-23,PAID_OFF,0,MISSING,SECOND
L001225,B8349,David Johnson,Patricia Williams,VA,REFINANCE,LA,53498,PNC Bank,289671.00,166572.73,2.659,706.05,2022-10-23,2037-10-23,2030-04-16,2030-05-16,DELINQUENT,38,COMPLETE,FIRST
L006614,B8669,John White,,USDA,PURCHASE,TX,53079,Citimortgage,455535.00,330284.28,3.428,1431.44,2021-02-14,2036-02-14,2029-02-05,2029-03-07,DELINQUENT,74,MISSING,SECOND
L008064,B7684,James Taylor,,FHA,CASH_OUT_REFINANCE,MN,47453,PHH Mortgage,322458.00,0.00,5.947,1757.85,2011-12-29,2021-12-29,2021-01-24,2021-02-23,CLOSED,0,COMPLETE,FIRST
L001821,B3093,Mary Thomas,,FHA,CASH_OUT_REFINANCE,MT,74777,Caliber Home Loans,397730.00,0.00,2.57,936.99,2019-10-11,2049-10-11,2029-09-09,2029-10-09,PAID_OFF,0,COMPLETE,SECOND
L004819,B6683,Patricia Davis,Jennifer Hernandez,ARM,REFINANCE,KS,76614,SunTrust Mortgage,673634.00,546423.39,6.801,4199.60,2022-10-01,2042-10-01,2024-11-25,2024-12-25,CURRENT,0,INCOMPLETE,FIRST
L003445,B3622,Richard Davis,,ARM,CASH_OUT_REFINANCE,NC,47415,Freedom Mortgage,504891.00,283847.78,4.365,2020.20,2012-06-24,2032-06-24,2019-02-15,2019-03-17,CURRENT,0,COMPLETE,SECOND
L004740,B3451,Richard Anderson,,CONVENTIONAL,PURCHASE,MS,72423,Freedom Mortgage,76916.00,44385.82,3.16,222.80,2013-10-11,2043-10-11,2022-02-11,2022-03-13,DELINQUENT,81,INCOMPLETE,FIRST
L008303,B3918,Jessica Jackson,,FHA,HOME_EQUITY,DE,53822,Freedom Mortgage,611817.00,459612.94,2.58,1446.95,2021-07-31,2036-07-31,2024-12-02,2025-01-01,CURRENT,0,COMPLETE,SECOND
L002957,B9294,Mary Taylor,,ARM,CONSTRUCTION,MA,44021,Quicken Loans,116314.00,68123.71,4.978,530.76,2016-09-27,2031-09-27,2024-07-25,2024-08-24,CURRENT,0,MISSING,SECOND
L004900,B7396,Patricia Williams,,FIXED,CONSTRUCTION,GA,99967,PHH Mortgage,546936.00,492254.65,6.085,3050.76,2020-06-21,2030-06-21,2026-12-23,2027-01-22,DELINQUENT,72,COMPLETE,FIRST
L000743,B2219,William White,Charles Moore,ARM,CASH_OUT_REFINANCE,WA,97154,JPMorgan Chase Bank,235710.00,4291.80,4.74,1024.16,2013-06-15,2028-06-15,2022-04-09,2022-05-09,CLOSED,0,COMPLETE,FIRST
L000971,B6368,Robert Martinez,,USDA,CASH_OUT_REFINANCE,TN,33452,Wells Fargo Home Mortgage,440477.00,294676.52,6.097,2461.79,2018-07-02,2048-07-02,2018-09-01,2018-10-01,CURRENT,0,COMPLETE,SECOND
L006966,B9022,Susan Jackson,,FHA,PURCHASE,ID,14072,Wells Fargo Home Mortgage,178518.00,86361.06,4.67,764.21,2019-12-01,2039-12-01,2021-01-23,2021-02-22,CURRENT,0,COMPLETE,SECOND
L003555,B1908,Sarah Brown,Linda Martin,ARM,CASH_OUT_REFINANCE,NC,67978,Green Tree Servicing,602778.00,0.00,6.331,3498.17,2022-05-23,2052-05-23,2023-10-01,2023-10-31,PAID_OFF,0,COMPLETE,FIRST
L005116,B4856,John Martin,Mary Thompson,USDA,CONSTRUCTION,OR,41870,Quicken Loans,693476.00,219562.33,8.476,5388.08,2017-05-06,2032-05-06,2021-01-19,2021-02-18,CURRENT,0,COMPLETE,FIRST
L006141,B1322,Barbara Brown,Sarah Smith,FHA,REFINANCE,NY,84143,Flagstar Bank,454376.00,295069.99,4.292,1787.67,2013-05-14,2043-05-14,2018-10-25,2018-11-24,CURRENT,0,COMPLETE,SECOND
L000318,B5720,Jennifer Garcia,,ARM,REFINANCE,VA,31135,Quicken Loans,99617.00,77010.41,3.39,309.56,2016-05-18,2046-05-18,2025-12-26,2027-04-07,CURRENT,0,COMPLETE,FIRST
L001275,B6035,William Thomas,Mary Jackson,JUMBO,CONSTRUCTION,NM,35749,Flagstar Bank,564591.00,0.00,4.046,2093.97,2013-08-31,2033-08-31,2016-04-10,2016-05-10,CLOSED,0,COMPLETE,FIRST
L007991,B9643,John Brown,,CONVENTIONAL,CASH_OUT_REFINANCE,IN,46299,PHH Mortgage,515301.00,266883.25,6.598,3116.63,2021-10-06,2031-10-06,2030-03-02,2030-04-01,CURRENT,0,COMPLETE,FIRST
L000509,B7742,Jennifer Martin,Richard Hernandez,ARM,CONSTRUCTION,AZ,82634,PHH Mortgage,403723.00,327756.57,5.164,1911.09,2010-04-19,2030-04-19,2024-07-01,2011-09-16,CURRENT,0,COMPLETE,SECOND
L006462,B2973,David Thomas,Thomas White,VA,PURCHASE,RI,72810,SunTrust Mortgage,616251.00,487273.18,5.745,3245.33,2017-01-12,2027-01-12,2020-12-04,2021-01-03,CURRENT,0,MISSING,SECOND
L005627,B5031,Linda Wilson,,JUMBO,CONSTRUCTION,MA,83605,Freedom Mortgage,390967.00,188904.13,4.854,1739.61,2018-01-08,2028-01-08,2027-01-07,2027-02-06,CURRENT,0,COMPLETE,FIRST
L009810,B1886,Michael Moore,,FHA,HOME_EQUITY,AK,72852,US Bank,662353.00,0.00,5.433,3298.68,2012-05-26,2042-05-26,2018-12-13,2019-01-12,PAID_OFF,0,COMPLETE,SECOND
L005997,B3872,Jennifer Johnson,Karen Brown,FIXED,REFINANCE,AK,92790,Nationstar Mortgage,552119.00,285360.60,7.792,3943.60,2011-09-19,2031-09-19,2021-05-07,2021-06-06,DEFAULT,96,COMPLETE,SECOND
L006783,B7465,Karen Miller,Jennifer Williams,JUMBO,REFINANCE,ME,96214,SunTrust Mortgage,585127.00,484860.30,3.676,1971.68,2021-04-18,2031-04-18,2027-10-30,2027-11-29,CURRENT,0,COMPLETE,FIRST
L000399,B8932,Karen Jones,,JUMBO,CONSTRUCTION,CT,20998,Green Tree Servicing,80310.00,-48114.09,4.945,364.04,2015-03-30,2025-03-30,2018-05-05,2018-06-04,CURRENT,0,COMPLETE,FIRST
L004534,B1800,Robert Jackson,,JUMBO,PURCHASE,ID,15376,JPMorgan Chase Bank,580833.00,321459.13,7.38,3929.34,2010-02-23,2030-02-23,2016-04-25,2016-05-25,DELINQUENT,79,COMPLETE,FIRST
L006897,B7086,James Davis,,ARM,REFINANCE,MS,31085,Wells Fargo Home Mortgage,639319.00,423401.76,2.962,1735.86,2010-08-18,2040-08-18,2017-09-23,2017-10-23,CURRENT,0,COMPLETE,FIRST
L000276,B9728,William Miller,,USDA,CONSTRUCTION,NM,67062,SunTrust Mortgage,533367.00,200368.57,4.905,2398.15,2019-04-10,2034-04-10,2024-07-29,2026-05-26,CURRENT,0,COMPLETE,SECOND
L000997,B2288,Thomas Anderson,,CONVENTIONAL,CONSTRUCTION,NJ,73787,Freedom Mortgage,630172.00,214440.19,7.629,4406.95,2022-10-27,2042-10-27,2033-05-19,2033-06-18,CURRENT,0,COMPLETE,SECOND
L006358,B9083,Thomas Taylor,,FHA,HOME_EQUITY,NC,68026,US Bank,782791.00,539087.86,7.683,5513.00,2015-04-29,2045-04-29,2016-12-14,2017-01-13,CURRENT,0,MISSING,FIRST
L006506,B8906,Thomas Martinez,,FIXED,CONSTRUCTION,IN,11116,US Bank,487806.00,295006.77,4.635,2072.57,2017-12-28,2037-12-28,2024-05-29,2024-06-28,CURRENT,0,COMPLETE,SECOND
L001583,B6833,David Williams,,FHA,CASH_OUT_REFINANCE,OH,23955,Citimortgage,787391.00,260345.74,5.663,4087.41,2019-02-21,2029-02-21,2024-09-15,2024-10-15,CURRENT,0,COMPLETE,FIRST
L004507,B2593,Susan Davis,,USDA,CASH_OUT_REFINANCE,MA,30358,Wells Fargo Home Mortgage,497891.00,318645.85,3.018,1377.42,2018-04-20,2038-04-20,2028-12-27,2029-01-26,CURRENT,0,INCOMPLETE,SECOND
L008723,B5730,Charles Brown,Barbara Moore,CONVENTIONAL,PURCHASE,ND,76380,Flagstar Bank,571230.00,0.00,7.033,3682.67,2016-05-22,2026-05-22,2022-10-01,2022-10-31,CLOSED,0,INCOMPLETE,SECOND
L003886,B1156,Robert Thomas,,USDA,REFINANCE,AL,78817,SunTrust Mortgage,540407.00,0.00,8.27,4096.74,2014-07-29,2044-07-29,2018-05-06,2018-06-05,PAID_OFF,0,COMPLETE,SECOND
L008161,B9793,Robert Smith,,FHA,PURCHASE,DC,72426,Flagstar Bank,194766.00,133663.20,2.884,514.90,2022-12-06,2052-12-06,2031-01-04,2031-02-03,CURRENT,0,COMPLETE,SECOND
L000500,B1716,Patricia Lee,,VA,PURCHASE,DC,36518,Bank of America,188599.00,0.00,3.99,689.80,2027-07-09,2031-11-16,2013-07-22,2013-08-21,PAID_OFF,0,MISSING,SECOND
L005676,B1238,Michael White,,VA,CONSTRUCTION,CA,30111,Green Tree Servicing,141626.00,0.00,2.563,332.74,2014-03-25,2029-03-25,2020-02-03,2020-03-04,PAID_OFF,0,MISSING,SECOND
L000253,B4783,Susan Garcia,,JUMBO,CONSTRUCTION,NC,28024,Bank of America,675329.00,385754.79,3.893,2409.97,2010-08-02,2030-08-02,2025-06-20,2011-08-22,DELINQUENT,60,INCOMPLETE,FIRST
L003480,B5224,David Taylor,William Brown,JUMBO,CONSTRUCTION,DC,51877,Caliber Home Loans,728122.00,275487.04,7.422,4953.78,2022-12-10,2042-12-10,2024-03-17,2024-04-16,CURRENT,0,COMPLETE,FIRST
L003365,B3273,Joseph Thomas,Linda Garcia,VA,CASH_OUT_REFINANCE,AL,37954,Nationstar Mortgage,107024.00,41097.09,4.325,424.31,2020-11-01,2030-11-01,2021-05-13,2021-06-12,CURRENT,0,COMPLETE,FIRST
L006621,B1704,Thomas Williams,,FIXED,PURCHASE,MA,47860,Freedom Mortgage,345266.00,307099.90,3.962,1253.95,2013-01-10,2028-01-10,2021-11-21,2021-12-21,CURRENT,0,COMPLETE,FIRST
L008846,B1660,Patricia Jones,Jennifer White,JUMBO,CASH_OUT_REFINANCE,HI,45220,US Bank,384868.00,249534.68,8.127,2867.17,2014-05-17,2029-05-17,2018-08-21,2018-09-20,CURRENT,0,COMPLETE,SECOND
L005119,B6710,Barbara Lee,,VA,HOME_EQUITY,NC,78503,Freedom Mortgage,736099.00,463594.75,8.478,5720.59,2012-09-05,2032-09-05,2013-10-22,2013-11-21,CURRENT,0,INCOMPLETE,FIRST
L002975,B3545,Charles Jones,,USDA,PURCHASE,OK,76316,SunTrust Mortgage,58105.00,32951.88,7.91,421.31,2020-12-13,2030-12-13,2025-05-18,2025-06-17,DELINQUENT,43,COMPLETE,FIRST
L002555,B3015,Barbara Taylor,,VA,PURCHASE,NY,67212,SunTrust Mortgage,68222.00,40949.68,4.47,279.54,2020-12-24,2030-12-24,2027-07-21,2027-08-20,CURRENT,0,COMPLETE,FIRST
L008487,B9562,Karen Smith,Linda Jones,JUMBO,PURCHASE,ND,59667,PHH Mortgage,331340.00,167848.07,7.528,2286.47,2019-01-13,2029-01-13,2021-07-22,2021-08-21,DEFAULT,183,COMPLETE,SECOND
L007277,B7410,Sarah Hernandez,,VA,CASH_OUT_REFINANCE,MA,47755,Green Tree Servicing,642451.00,439875.64,5.006,2948.10,2011-11-03,2021-11-03,2016-11-11,2016-12-11,DEFAULT,252,INCOMPLETE,SECOND
L008937,B3187,Lisa Lee,,ARM,REFINANCE,OK,84786,US Bank,203032.00,0.00,3.731,694.39,2010-04-28,2040-04-28,2011-06-24,2011-07-24,PAID_OFF,0,COMPLETE,SECOND
L000647,B4683,Lisa Anderson,,JUMBO,HOME_EQUITY,NJ,11647,PNC Bank,68950.00,45144.21,6.754,426.88,2014-12-16,2024-12-16,2025-03-16,2021-12-23,CURRENT,0,COMPLETE,SECOND
L003393,B6880,Jessica Thompson,Michael Hernandez,FIXED,CASH_OUT_REFINANCE,OH,76552,Caliber Home Loans,84478.00,45444.53,7.263,562.43,2012-10-23,2022-10-23,2016-05-30,2016-06-29,DELINQUENT,54,COMPLETE,SECOND
L000209,B4707,John Martin,Patricia Martin,VA,HOME_EQUITY,NC,85352,US Bank,-685818.00,254019.11,8.278,5204.10,2020-03-14,2050-03-14,2026-09-23,2026-10-23,CURRENT,0,COMPLETE,SECOND
L000526,B7977,Jennifer Lee,,VA,CONSTRUCTION,ID,93113,US Bank,598583.00,297151.43,8.344,4578.36,2017-07-14,2027-07-14,2028-01-02,2028-02-01,CURRENT,0,,FIRST
L008954,B1018,Patricia Wilson,Joseph Jackson,FHA,HOME_EQUITY,ID,21851,Citimortgage,307730.00,97260.51,4.287,1209.30,2020-04-05,2035-04-05,2020-10-16,2020-11-15,DELINQUENT,78,COMPLETE,SECOND
L007134,B6166,Mary Thompson,John Lee,USDA,CONSTRUCTION,NM,58804,Bank of America,325106.00,228063.04,3.964,1181.33,2012-01-30,2022-01-30,2023-01-17,2023-02-16,DELINQUENT,41,COMPLETE,FIRST
L005831,B9205,Susan White,,VA,REFINANCE,SD,63444,JPMorgan Chase Bank,452121.00,385125.44,4.797,1988.09,2011-11-13,2041-11-13,2019-12-29,2020-01-28,CURRENT,0,INCOMPLETE,FIRST
L004014,B1414,Thomas Taylor,,ARM,CONSTRUCTION,CT,46246,JPMorgan Chase Bank,792219.00,552075.29,6.595,4789.29,2017-03-09,2032-03-09,2021-07-15,2021-08-14,CURRENT,0,MISSING,FIRST
L009779,B3127,Barbara Anderson,Michael White,ARM,CASH_OUT_REFINANCE,ID,96580,Bank of America,152711.00,84913.14,3.113,435.77,2020-12-06,2035-12-06,2025-01-06,2025-02-05,CURRENT,0,COMPLETE,SECOND
L003957,B3097,John Martinez,,FIXED,REFINANCE,IN,20396,JPMorgan Chase Bank,163744.00,130925.80,8.245,1237.56,2015-04-19,2035-04-19,2017-03-19,2017-04-18,CURRENT,0,COMPLETE,SECOND
L001803,B5171,Susan Martinez,Barbara Jackson,FHA,HOME_EQUITY,WI,81646,Green Tree Servicing,450372.00,0.00,6.775,2797.00,2011-11-01,2021-11-01,2018-06-13,2018-07-13,PAID_OFF,0,COMPLETE,SECOND
L004053,B3486,Sarah Moore,,VA,CASH_OUT_REFINANCE,OH,84721,PHH Mortgage,444319.00,143124.80,3.345,1362.39,2018-04-08,2033-04-08,2022-10-17,2022-11-16,CURRENT,0,INCOMPLETE,SECOND
L002862,B4799,Michael Martinez,,FIXED,PURCHASE,CA,83289,Bank of America,255080.00,140935.82,3.764,880.11,2015-07-06,2035-07-06,2025-07-05,2025-08-04,DELINQUENT,32,COMPLETE,SECOND
L005870,B4326,Richard Smith,,ARM,REFINANCE,TX,73720,Quicken Loans,311686.00,112115.92,8.441,2411.70,2015-08-03,2030-08-03,2018-05-11,2018-06-10,DEFAULT,284,MISSING,FIRST
L001475,B7861,Karen Martin,,VA,HOME_EQUITY,IA,55109,Green Tree Servicing,512121.00,241830.29,3.865,1814.40,2012-03-29,2027-03-29,2023-01-01,2023-01-31,DEFAULT,361,INCOMPLETE,FIRST
L004831,B3979,Jennifer White,,CONVENTIONAL,PURCHASE,CA,24381,Green Tree Servicing,168681.00,115998.83,7.708,1191.84,2010-11-13,2020-11-13,2016-08-14,2016-09-13,CURRENT,0,COMPLETE,FIRST
L007369,B5918,Jessica Martin,Michael Williams,FIXED,CASH_OUT_REFINANCE,MT,85596,US Bank,109776.00,0.00,7.526,757.33,2013-12-01,2033-12-01,2018-12-09,2019-01-08,PAID_OFF,0,INCOMPLETE,SECOND
L000256,B1694,Joseph Thomas,,FIXED,CASH_OUT_REFINANCE,AR,70469,Bank of America,,228966.55,5.612,1582.69,2018-11-15,2028-11-15,2025-03-17,2025-04-16,CURRENT,0,COMPLETE,SECOND
L009517,B6824,William Jackson,,FIXED,HOME_EQUITY,MS,46922,Citimortgage,326330.00,0.00,6.451,1929.73,2010-08-24,2025-08-24,2018-11-18,2018-12-18,PAID_OFF,0,COMPLETE,SECOND
L003338,B7670,Charles Johnson,,JUMBO,REFINANCE,MD,32259,SunTrust Mortgage,261352.00,156132.70,5.761,1380.18,2018-12-27,2048-12-27,2021-02-05,2021-03-07,CURRENT,0,COMPLETE,FIRST
L009198,B5002,Linda Martinez,,ARM,PURCHASE,VA,24522,Citimortgage,494705.00,0.00,5.862,2658.30,2013-03-28,2043-03-28,2014-07-29,2014-08-28,CLOSED,0,MISSING,FIRST
L001891,B2826,Sarah Hernandez,Karen Brown,ARM,HOME_EQUITY,CO,52978,JPMorgan Chase Bank,401980.00,0.00,6.068,2235.95,2011-03-16,2031-03-16,2020-06-17,2020-07-17,PAID_OFF,0,COMPLETE,SECOND
L003589,B8052,Jennifer Johnson,,FHA,CASH_OUT_REFINANCE,NJ,32814,Bank of America,223011.00,172805.52,6.061,1239.03,2016-01-24,2031-01-24,2016-05-28,2016-06-27,CURRENT,0,COMPLETE,FIRST
L001984,B6515,Jessica Miller,,VA,PURCHASE,ME,23041,Wells Fargo Home Mortgage,155719.00,49018.66,3.677,524.86,2014-03-28,2024-03-28,2022-08-24,2022-09-23,CURRENT,0,COMPLETE,SECOND
L000271,B9529,Karen Anderson,,ARM,PURCHASE,IL,45737,Bank of America,740995.00,18355.26,6.973,4736.38,2010-07-04,2030-07-04,2017-10-01,2017-10-31,CLOSED,0,COMPLETE,FIRST
L008598,B7400,Mary Anderson,,CONVENTIONAL,PURCHASE,OH,92748,Freedom Mortgage,587609.00,469469.39,8.213,4423.86,2010-07-26,2030-07-26,2012-04-30,2012-05-30,CURRENT,0,COMPLETE,SECOND
L008949,B1256,Karen Smith,,FHA,CONSTRUCTION,ME,27766,PHH Mortgage,235362.00,0.00,3.095,667.74,2010-08-12,2020-08-12,2010-12-11,2011-01-10,PAID_OFF,0,COMPLETE,FIRST
L003178,B3225,Patricia Miller,,CONVENTIONAL,REFINANCE,SD,76394,PNC Bank,251935.00,153592.90,5.447,1257.93,2022-01-21,2042-01-21,2025-03-20,2025-04-19,CURRENT,0,COMPLETE,SECOND
L008713,B3231,Michael White,Thomas Smith,FHA,CONSTRUCTION,IL,97385,US Bank,565828.00,412068.10,5.58,2894.21,2016-02-10,2036-02-10,2025-08-28,2025-09-27,DELINQUENT,89,COMPLETE,FIRST
L003412,B7747,Susan Thomas,,CONVENTIONAL,CONSTRUCTION,NC,65406,Nationstar Mortgage,173585.00,129493.72,4.102,652.71,2022-11-10,2042-11-10,2028-09-16,2028-10-16,CURRENT,0,INCOMPLETE,SECOND
L001144,B5201,William Miller,,FIXED,CASH_OUT_REFINANCE,VT,63686,Green Tree Servicing,122024.00,0.00,7.402,827.95,2019-03-31,2029-03-31,2019-09-20,2019-10-20,PAID_OFF,0,COMPLETE,SECOND
L002817,B8787,Richard Wilson,,CONVENTIONAL,REFINANCE,RI,86445,US Bank,797717.00,0.00,5.139,3757.85,2016-08-12,2031-08-12,2025-01-13,2025-02-12,PAID_OFF,0,COMPLETE,FIRST
L003809,B7335,Sarah Miller,,FHA,HOME_EQUITY,SC,69372,Citimortgage,446916.00,248859.17,8.12,3326.54,2020-10-27,2050-10-27,2031-05-11,2031-06-10,DELINQUENT,31,COMPLETE,SECOND
L005434,B2691,Linda Thompson,Karen Lee,VA,PURCHASE,NM,78211,PNC Bank,750150.00,480602.33,7.067,4859.53,2019-10-27,2049-10-27,2026-08-06,2026-09-05,CURRENT,0,COMPLETE,SECOND
L000510,B9222,Richard White,Richard Garcia,FIXED,HOME_EQUITY,FL,89309,Green Tree Servicing,370899.00,492548.36,6.756,2296.98,2019-07-03,2034-07-03,2022-08-19,2022-09-18,CLOSED,0,COMPLETE,FIRST
L002255,B8678,Robert Johnson,,CONVENTIONAL,PURCHASE,NM,96752,Green Tree Servicing,650958.00,470261.47,6.323,3773.01,2019-07-10,2049-07-10,2026-10-11,2026-11-10,CURRENT,0,COMPLETE,FIRST
L009030,B8413,James Thomas,,FHA,REFINANCE,MA,12504,Citimortgage,563353.00,319609.85,2.995,1546.64,2010-12-09,2040-12-09,2013-02-07,2013-03-09,DELINQUENT,51,INCOMPLETE,SECOND
L008647,B8914,Thomas Johnson,,ARM,REFINANCE,CA,38217,PHH Mortgage,225241.00,74852.87,8.434,1741.38,2022-09-06,2032-09-06,2028-10-02,2028-11-01,CURRENT,0,COMPLETE,SECOND
L007016,B6825,Susan Jones,,VA,CASH_OUT_REFINANCE,PA,23802,Freedom Mortgage,721655.00,570709.21,6.789,4491.04,2019-06-26,2049-06-26,2019-11-12,2019-12-12,CURRENT,0,MISSING,FIRST
L008175,B9294,Linda Jackson,,USDA,CONSTRUCTION,VT,94433,SunTrust Mortgage,137013.00,53647.14,5.537,695.42,2014-08-10,2034-08-10,2016-09-22,2016-10-22,DELINQUENT,73,COMPLETE,FIRST
L002916,B9077,Mary Johnson,,VA,PURCHASE,CT,28864,Freedom Mortgage,581347.00,458891.36,5.958,3175.03,2012-05-24,2042-05-24,2017-01-09,2017-02-08,CURRENT,0,INCOMPLETE,SECOND
L004481,B2471,Jessica White,,FHA,PURCHASE,CT,54530,Caliber Home Loans,170727.00,113892.99,3.262,510.50,2020-06-03,2040-06-03,2030-08-29,2030-09-28,CURRENT,0,COMPLETE,SECOND
L000757,B1992,Robert Martinez,Jessica Williams,VA,CONSTRUCTION,AL,29348,Freedom Mortgage,-254412.00,141621.28,5.641,1315.54,2021-04-22,2041-04-22,2024-03-03,2024-04-02,DEFAULT,194,COMPLETE,SECOND
L007790,B8176,Thomas Williams,Patricia Moore,FHA,CASH_OUT_REFINANCE,IA,88183,Citimortgage,218245.00,94860.29,3.729,746.02,2021-08-03,2051-08-03,2026-06-27,2026-07-27,CURRENT,0,INCOMPLETE,SECOND
L006471,B9775,Joseph Brown,,ARM,PURCHASE,MI,33299,PNC Bank,237715.00,0.00,6.218,1354.94,2017-01-19,2047-01-19,2023-02-03,2023-03-05,PAID_OFF,0,COMPLETE,SECOND
L006771,B3843,Barbara Moore,,CONVENTIONAL,REFINANCE,SD,73364,PNC Bank,298367.00,199025.05,6.843,1871.58,2012-11-05,2022-11-05,2015-03-28,2015-04-27,CURRENT,0,COMPLETE,SECOND
L001724,B4394,Patricia Thomas,John Lee,ARM,REFINANCE,NM,99897,Quicken Loans,662387.00,338304.14,7.59,4608.56,2015-09-03,2035-09-03,2022-08-12,2022-09-11,CURRENT,0,INCOMPLETE,FIRST
L003972,B1774,Susan Jackson,,FIXED,PURCHASE,UT,77912,JPMorgan Chase Bank,59490.00,41479.24,3.643,198.66,2019-12-14,2034-12-14,2024-06-01,2024-07-01,CURRENT,0,MISSING,SECOND
L008404,B6469,Karen Martin,,VA,CONSTRUCTION,VT,25824,Nationstar Mortgage,298905.00,137999.67,3.898,1068.04,2012-08-29,2027-08-29,2012-11-26,2012-12-26,CURRENT,0,MISSING,FIRST
L007216,B5052,Susan Hernandez,Barbara Miller,VA,PURCHASE,MS,15965,PHH Mortgage,630750.00,447293.38,8.24,4764.27,2015-12-07,2035-12-07,2025-04-27,2025-05-27,CURRENT,0,COMPLETE,FIRST
L009095,B8104,Jessica Thomas,,ARM,REFINANCE,NJ,75919,Bank of America,177875.00,145241.41,3.596,586.34,2018-05-09,2048-05-09,2027-02-11,2027-03-13,DELINQUENT,47,INCOMPLETE,SECOND
L002162,B3061,Lisa Williams,,FHA,HOME_EQUITY,ME,76234,Quicken Loans,785061.00,603877.25,7.649,5504.52,2018-12-05,2038-12-05,2020-09-16,2020-10-16,CURRENT,0,INCOMPLETE,FIRST
L001813,B2013,Sarah Hernandez,David Jones,FHA,HOME_EQUITY,IN,56524,PHH Mortgage,425558.00,0.00,7.543,2942.49,2014-09-16,2044-09-16,2022-11-25,2022-12-25,PAID_OFF,0,COMPLETE,SECOND
L002888,B5447,William Brown,,USDA,REFINANCE,MS,70031,PNC Bank,647975.00,183954.59,2.716,1613.24,2020-06-08,2050-06-08,2022-06-20,2022-07-20,CURRENT,0,COMPLETE,SECOND
L008476,B4441,Michael Garcia,,USDA,PURCHASE,KS,75437,US Bank,64834.00,0.00,5.107,303.51,2022-12-12,2032-12-12,2028-12-28,2029-01-27,PAID_OFF,0,COMPLETE,FIRST
L004842,B8227,John Garcia,,VA,HOME_EQUITY,OR,10651,US Bank,254678.00,129966.66,7.386,1724.30,2020-04-26,2040-04-26,2025-04-13,2025-05-13,CURRENT,0,COMPLETE,FIRST
L005559,B7704,John Thomas,Lisa Thompson,VA,HOME_EQUITY,OH,77812,Citimortgage,133871.00,110042.01,5.095,625.23,2018-05-28,2048-05-28,2025-03-13,2025-04-12,DELINQUENT,38,INCOMPLETE,FIRST
L008501,B6595,Mary Moore,,CONVENTIONAL,CASH_OUT_REFINANCE,VT,25200,Wells Fargo Home Mortgage,698512.00,544608.12,7.247,4640.27,2021-04-30,2041-04-30,2024-04-21,2024-05-21,CURRENT,0,COMPLETE,FIRST
L003595,B1752,William Johnson,,FIXED,HOME_EQUITY,MT,41087,US Bank,316586.00,275496.95,5.345,1551.14,2021-04-08,2031-04-08,2028-03-03,2028-04-02,CURRENT,0,COMPLETE,SECOND
L006705,B9308,Barbara Williams,Robert Miller,VA,REFINANCE,ID,58624,PNC Bank,777146.00,227515.89,7.347,5233.88,2013-09-27,2023-09-27,2023-12-04,2024-01-03,CURRENT,0,COMPLETE,SECOND
L006611,B8989,David Thomas,Jessica Garcia,FIXED,CONSTRUCTION,WA,36903,Green Tree Servicing,400541.00,243612.56,8.285,3041.94,2010-10-22,2025-10-22,2012-07-14,2012-08-13,CURRENT,0,COMPLETE,FIRST
L007482,B2089,Patricia Anderson,,JUMBO,PURCHASE,CO,14160,Quicken Loans,366629.00,123245.92,7.744,2602.58,2015-04-04,2030-04-04,2025-06-29,2025-07-29,CURRENT,0,COMPLETE,FIRST
L001292,B8659,Karen Hernandez,Joseph Taylor,FIXED,CONSTRUCTION,MT,48702,Flagstar Bank,779928.00,305920.30,6.085,4350.37,2015-03-10,2025-03-10,2021-09-17,2021-10-17,DELINQUENT,69,COMPLETE,SECOND
L007879,B4902,Jennifer Jackson,,FHA,HOME_EQUITY,NM,98813,SunTrust Mortgage,754630.00,0.00,2.846,1968.70,2016-10-24,2031-10-24,2018-09-07,2018-10-07,PAID_OFF,0,COMPLETE,SECOND
L000350,B5233,William White,John Hernandez,VA,PURCHASE,AR,62021,Green Tree Servicing,341265.00,363493.50,6.452,2018.35,2013-12-12,2023-12-12,2024-11-01,2024-12-01,DELINQUENT,35,INCOMPLETE,FIRST
L000948,B8320,Michael White,,FIXED,CONSTRUCTION,MI,43321,Green Tree Servicing,496597.00,303202.51,6.72,3059.04,2015-09-10,2045-09-10,2016-02-08,2016-03-09,CURRENT,0,COMPLETE,SECOND
L000764,B4302,Joseph White,,ARM,HOME_EQUITY,ME,63174,Quicken Loans,687134.00,235034.75,4.038,2543.43,2014-05-23,2034-05-23,2024-07-16,2024-08-15,PENDING,0,COMPLETE,FIRST
L003115,B5384,Thomas Martinez,,FIXED,PURCHASE,RI,77094,JPMorgan Chase Bank,483861.00,145264.78,4.365,1936.05,2022-01-29,2037-01-29,2031-02-01,2031-03-03,DELINQUENT,38,COMPLETE,SECOND
L008790,B7216,Karen Brown,Karen Garcia,VA,HOME_EQUITY,ND,15523,Flagstar Bank,276562.00,0.00,4.829,1224.22,2010-04-09,2040-04-09,2017-09-19,2017-10-19,CLOSED,0,COMPLETE,FIRST
L004321,B6374,James White,William Brown,ARM,CASH_OUT_REFINANCE,MD,88297,Wells Fargo Home Mortgage,280280.00,185689.95,5.566,1430.04,2014-04-24,2024-04-24,2024-03-25,2024-04-24,CURRENT,0,COMPLETE,FIRST
L002303,B4676,John Davis,,JUMBO,REFINANCE,OR,10330,Green Tree Servicing,521644.00,418298.78,5.915,2828.40,2022-06-27,2037-06-27,2023-10-27,2023-11-26,CURRENT,0,COMPLETE,SECOND
L008252,B7607,Lisa Jones,Karen Miller,CONVENTIONAL,HOME_EQUITY,NY,49930,Flagstar Bank,565477.00,0.00,2.771,1436.36,2014-03-11,2029-03-11,2018-12-20,2019-01-19,CLOSED,0,MISSING,FIRST
L008441,B2318,Patricia Martinez,,JUMBO,PURCHASE,SD,13783,Citimortgage,707231.00,374395.48,8.068,5230.44,2010-02-12,2020-02-12,2015-06-29,2015-07-29,CURRENT,0,COMPLETE,SECOND
L002472,B4149,Charles Garcia,John Taylor,VA,REFINANCE,NY,79391,PHH Mortgage,626123.00,535961.87,5.725,3285.84,2021-03-07,2041-03-07,2025-04-16,2025-05-16,CURRENT,0,MISSING,FIRST
L003692,B5764,David Williams,Karen Brown,FHA,CONSTRUCTION,CA,81980,SunTrust Mortgage,504292.00,340274.41,3.155,1458.45,2018-01-14,2033-01-14,2019-11-10,2019-12-10,CURRENT,0,COMPLETE,FIRST
L003768,B1310,Barbara Thompson,,CONVENTIONAL,CONSTRUCTION,TN,97509,Quicken Loans,151628.00,62272.18,3.87,537.90,2017-10-23,2047-10-23,2019-05-10,2019-06-09,CURRENT,0,COMPLETE,FIRST
L009342,B2748,John Hernandez,Jennifer Williams,FIXED,REFINANCE,AK,59474,Green Tree Servicing,274272.00,143983.79,5.169,1299.57,2014-11-22,2024-11-22,2025-05-12,2025-06-11,DELINQUENT,85,COMPLETE,FIRST
L008763,B5596,Patricia Jones,,ARM,PURCHASE,UT,16272,Nationstar Mortgage,127210.00,99194.33,4.826,562.76,2019-02-28,2039-02-28,2020-08-23,2020-09-22,CURRENT,0,COMPLETE,SECOND
L005284,B2070,Charles Jackson,,VA,PURCHASE,NM,51414,Freedom Mortgage,544075.00,271213.40,7.8,3890.14,2011-01-01,2021-01-01,2017-05-11,2017-06-10,CURRENT,0,COMPLETE,SECOND
L006256,B9221,Jennifer Anderson,,ARM,CASH_OUT_REFINANCE,NE,77828,Bank of America,295175.00,78826.50,4.435,1200.01,2012-11-22,2032-11-22,2018-03-13,2018-04-12,CURRENT,0,COMPLETE,FIRST
L002981,B1384,Thomas Moore,,VA,CASH_OUT_REFINANCE,NE,66084,PHH Mortgage,246953.00,203076.17,3.71,839.85,2019-01-09,2029-01-09,2027-02-08,2027-03-10,CURRENT,0,INCOMPLETE,SECOND
L006878,B2839,Mary Moore,William Martinez,FIXED,CONSTRUCTION,MA,78462,Citimortgage,125882.00,91903.79,4.388,506.34,2013-12-17,2033-12-17,2019-05-08,2019-06-07,CURRENT,0,COMPLETE,SECOND
L003878,B4575,Karen Jones,,CONVENTIONAL,REFINANCE,NC,14512,Bank of America,546419.00,312984.44,3.095,1550.24,2010-09-12,2020-09-12,2016-03-17,2016-04-16,CURRENT,0,COMPLETE,FIRST
L000638,B3918,Robert Jackson,Michael Martinez,JUMBO,PURCHASE,CA,54510,Caliber Home Loans,296580.00,162782.04,4.715,1281.84,2017-08-16,2027-08-16,2024-07-20,2024-08-19,CURRENT,0,,FIRST
L005183,B4481,Karen Lee,Richard Anderson,FHA,CASH_OUT_REFINANCE,CT,68424,PNC Bank,719754.00,330277.68,5.214,3440.06,2021-07-25,2031-07-25,2030-08-10,2030-09-09,DELINQUENT,31,COMPLETE,SECOND
L001234,B1644,Karen White,Jennifer Martinez,FIXED,CONSTRUCTION,KS,22274,JPMorgan Chase Bank,69674.00,41941.23,6.803,434.49,2011-09-06,2021-09-06,2020-01-12,2020-02-11,DEFAULT,192,COMPLETE,FIRST
L009472,B9282,Michael White,Karen Taylor,ARM,CONSTRUCTION,OK,36766,Wells Fargo Home Mortgage,363831.00,137906.34,6.171,2058.10,2022-10-18,2032-10-18,2023-10-05,2023-11-04,CURRENT,0,COMPLETE,FIRST
L004563,B8065,Mary Brown,,FHA,CONSTRUCTION,NC,63203,PNC Bank,401929.00,165514.25,7.293,2687.00,2010-03-05,2025-03-05,2012-12-13,2013-01-12,CURRENT,0,INCOMPLETE,FIRST
L009604,B6018,William Jackson,,JUMBO,CASH_OUT_REFINANCE,TN,29037,Green Tree Servicing,322083.00,227671.43,2.684,792.43,2021-04-23,2041-04-23,2024-11-26,2024-12-26,CURRENT,0,COMPLETE,SECOND
L003371,B3873,Joseph Martinez,,FHA,REFINANCE,FL,32686,JPMorgan Chase Bank,568269.00,422918.12,5.462,2845.23,2010-07-08,2020-07-08,2017-05-11,2017-06-10,CURRENT,0,COMPLETE,SECOND
L005302,B1292,Mary Johnson,Karen Brown,CONVENTIONAL,CONSTRUCTION,ND,45765,JPMorgan Chase Bank,679546.00,259776.14,4.57,2846.73,2012-12-08,2032-12-08,2023-02-08,2023-03-10,CURRENT,0,COMPLETE,FIRST
L003290,B6507,Jessica Miller,,CONVENTIONAL,CONSTRUCTION,OK,48868,Quicken Loans,303767.00,267997.59,7.172,1997.07,2016-04-12,2046-04-12,2024-08-08,2024-09-07,CURRENT,0,COMPLETE,SECOND
L008978,B5004,Thomas Martin,,USDA,CONSTRUCTION,AK,27088,Bank of America,562773.00,358105.77,4.998,2578.34,2012-12-25,2032-12-25,2020-04-19,2020-05-19,DEFAULT,256,COMPLETE,SECOND
L005970,B4059,Mary Thomas,Charles Thomas,FHA,PURCHASE,IN,57462,SunTrust Mortgage,277644.00,150065.85,5.972,1519.92,2022-10-08,2032-10-08,2026-03-08,2026-04-07,CURRENT,0,MISSING,SECOND
L008826,B5278,Richard Taylor,David Wilson,USDA,CASH_OUT_REFINANCE,NE,98767,PNC Bank,413987.00,0.00,8.39,3183.91,2012-08-05,2032-08-05,2014-11-25,2014-12-25,PAID_OFF,0,COMPLETE,FIRST
L005656,B7372,Barbara Smith,,ARM,PURCHASE,GA,68079,Quicken Loans,712394.00,0.00,8.471,5531.80,2017-11-20,2037-11-20,2025-03-10,2025-04-09,PAID_OFF,0,COMPLETE,SECOND
L001955,B5019,Sarah Taylor,William Anderson,FHA,CONSTRUCTION,NC,32500,Wells Fargo Home Mortgage,632078.00,369209.46,5.37,3111.40,2014-11-11,2024-11-11,2018-07-17,2018-08-16,DELINQUENT,76,INCOMPLETE,FIRST
L009482,B7423,Robert Martinez,Lisa Martinez,FHA,PURCHASE,WY,51352,Wells Fargo Home Mortgage,570236.00,196353.17,6.018,3145.71,2016-10-21,2036-10-21,2018-05-20,2018-06-19,CURRENT,0,COMPLETE,SECOND
L009840,B9029,Thomas Hernandez,John Brown,CONVENTIONAL,HOME_EQUITY,OR,46789,JPMorgan Chase Bank,632605.00,364009.10,2.553,1480.45,2011-12-16,2031-12-16,2021-12-13,2022-01-12,CURRENT,0,MISSING,SECOND
L008351,B9689,Jennifer Thompson,,JUMBO,HOME_EQUITY,SD,51754,Nationstar Mortgage,437061.00,0.00,7.439,2980.36,2011-04-10,2031-04-10,2011-08-07,2011-09-06,PAID_OFF,0,COMPLETE,FIRST
L009201,B4507,Mary Williams,,ARM,REFINANCE,MD,92522,SunTrust Mortgage,283460.00,228515.62,7.577,1968.80,2020-01-13,2040-01-13,2024-05-01,2024-05-31,DELINQUENT,41,COMPLETE,FIRST
L003498,B8388,Karen Martin,,USDA,HOME_EQUITY,MA,92858,Citimortgage,700119.00,496929.17,4.902,3145.98,2018-01-09,2038-01-09,2028-12-04,2029-01-03,CURRENT,0,COMPLETE,FIRST
L001100,B9714,Patricia Williams,,USDA,CONSTRUCTION,OR,30109,Green Tree Servicing,277497.00,158138.89,7.275,1850.56,2012-07-12,2032-07-12,2020-10-29,2020-11-28,CURRENT,0,INCOMPLETE,SECOND
L006353,B7586,Linda White,,FHA,REFINANCE,ND,35427,US Bank,495077.00,0.00,7.309,3316.97,2010-08-27,2040-08-27,2017-12-27,2018-01-26,PAID_OFF,0,COMPLETE,SECOND
L007635,B7314,Patricia Brown,Susan Thomas,ARM,CONSTRUCTION,AL,68028,PNC Bank,592678.00,463194.74,4.073,2212.81,2015-03-24,2025-03-24,2016-01-25,2016-02-24,DEFAULT,272,COMPLETE,SECOND
L004384,B8133,Michael Lee,James Davis,CONVENTIONAL,HOME_EQUITY,MS,31517,Bank of America,356902.00,237809.69,4.051,1325.33,2015-11-04,2030-11-04,2015-12-22,2016-01-21,CURRENT,0,COMPLETE,FIRST
L005065,B5810,Mary Moore,Barbara Jackson,FHA,REFINANCE,DC,72123,Caliber Home Loans,331928.00,0.00,2.689,818.17,2022-01-16,2032-01-16,2024-02-15,2024-03-16,PAID_OFF,0,COMPLETE,SECOND
L008806,B8683,Joseph Martin,,FIXED,CASH_OUT_REFINANCE,NJ,53677,Freedom Mortgage,236251.00,193772.66,4.653,1007.67,2012-09-20,2022-09-20,2023-06-30,2023-07-30,DELINQUENT,72,MISSING,FIRST
L002717,B1965,Patricia Thompson,Jennifer Martin,USDA,CONSTRUCTION,NH,50095,PHH Mortgage,76990.00,0.00,7.368,519.99,2021-04-30,2031-04-30,2023-04-04,2023-05-04,PAID_OFF,0,MISSING,FIRST
L004561,B4910,Jennifer Johnson,,FIXED,HOME_EQUITY,PA,92946,Wells Fargo Home Mortgage,707260.00,289746.97,5.705,3698.68,2015-12-18,2025-12-18,2024-08-31,2024-09-30,CURRENT,0,COMPLETE,FIRST
L001249,B9231,Thomas White,,USDA,CONSTRUCTION,IN,62403,Wells Fargo Home Mortgage,395495.00,238560.79,6.558,2377.52,2011-01-18,2041-01-18,2016-05-29,2016-06-28,DEFAULT,176,COMPLETE,SECOND
L003413,B7777,Michael White,Linda Thomas,CONVENTIONAL,HOME_EQUITY,NH,84797,SunTrust Mortgage,526598.00,256286.22,8.377,4043.70,2019-11-10,2039-11-10,2022-07-12,2022-08-11,DELINQUENT,81,INCOMPLETE,FIRST
L009752,B2880,David White,,ARM,HOME_EQUITY,NC,98067,US Bank,81287.00,38368.94,7.451,555.20,2022-10-15,2032-10-15,2025-07-18,2025-08-17,DELINQUENT,42,COMPLETE,FIRST
L004038,B2476,Barbara Martinez,,ARM,CASH_OUT_REFINANCE,GA,14480,Quicken Loans,753434.00,277785.74,3.471,2397.24,2013-08-31,2043-08-31,2017-02-06,2017-03-08,CURRENT,0,COMPLETE,FIRST
L008785,B7354,Robert Garcia,William Smith,ARM,REFINANCE,DE,56328,Flagstar Bank,554505.00,0.00,6.485,3296.30,2016-11-18,2031-11-18,2025-08-21,2025-09-20,PAID_OFF,0,COMPLETE,FIRST
L009031,B8681,Susan Johnson,,CONVENTIONAL,HOME_EQUITY,ND,45127,US Bank,619847.00,339525.95,5.712,3245.52,2019-07-26,2049-07-26,2024-07-30,2024-08-29,CURRENT,0,COMPLETE,FIRST
L002800,B9931,Jennifer Thomas,,FHA,CONSTRUCTION,ND,33297,PHH Mortgage,525689.00,371523.46,3.27,1575.75,2011-05-07,2026-05-07,2016-12-22,2017-01-21,CURRENT,0,COMPLETE,SECOND
L000247,B5185,David Taylor,,CONVENTIONAL,CASH_OUT_REFINANCE,CA,95119,Caliber Home Loans,228593.00,-193428.85,2.861,599.50,2014-07-03,2034-07-03,2015-03-07,2015-04-06,CURRENT,0,COMPLETE,FIRST
L005292,B1300,William Lee,,CONVENTIONAL,PURCHASE,ME,16839,JPMorgan Chase Bank,752347.00,365526.24,3.117,2149.64,2014-11-06,2029-11-06,2023-01-18,2023-02-17,CURRENT,0,COMPLETE,SECOND
L002866,B8858,David Williams,,USDA,REFINANCE,DC,55702,US Bank,56574.00,25062.15,7.122,369.34,2013-02-24,2033-02-24,2018-04-11,2018-05-11,DELINQUENT,49,COMPLETE,SECOND
L004603,B4622,Mary Martin,,FHA,CASH_OUT_REFINANCE,TN,10436,Green Tree Servicing,65675.00,32268.96,8.414,506.54,2015-07-26,2025-07-26,2015-12-24,2016-01-23,CURRENT,0,COMPLETE,SECOND
L009397,B4245,Lisa Miller,Richard Jackson,FIXED,REFINANCE,ME,92886,Nationstar Mortgage,751485.00,234133.94,6.43,4429.38,2018-06-06,2033-06-06,2026-03-19,2026-04-18,CURRENT,0,COMPLETE,FIRST
L000563,B6463,Thomas Johnson,,USDA,REFINANCE,WV,83668,PHH Mortgage,673210.00,199813.81,0.0209,1903.16,2016-07-08,2046-07-08,2024-05-05,2024-06-04,CURRENT,0,COMPLETE,SECOND
L001223,B7290,Patricia Thompson,Richard Moore,CONVENTIONAL,REFINANCE,SC,23090,Freedom Mortgage,241105.00,126583.84,6.072,1341.99,2016-01-07,2026-01-07,2022-06-13,2022-07-13,CURRENT,0,MISSING,SECOND
L005520,B1650,Jennifer Wilson,,FHA,CASH_OUT_REFINANCE,AK,23945,Citimortgage,240510.00,193566.88,8.142,1795.05,2020-06-27,2040-06-27,2028-11-23,2028-12-23,CURRENT,0,COMPLETE,SECOND
L005574,B5715,Jennifer Thomas,,FHA,CONSTRUCTION,FL,53432,JPMorgan Chase Bank,654867.00,320331.71,4.675,2806.38,2021-02-17,2051-02-17,2022-03-02,2022-04-01,CURRENT,0,COMPLETE,SECOND
L009966,B6348,Lisa Miller,,VA,CASH_OUT_REFINANCE,WY,24070,US Bank,57015.00,33528.36,5.155,269.42,2019-02-03,2034-02-03,2021-02-08,2021-03-10,CURRENT,0,COMPLETE,FIRST
L006159,B7242,William Davis,,USDA,CASH_OUT_REFINANCE,GA,32717,Caliber Home Loans,569712.00,0.00,7.485,3908.94,2019-08-11,2029-08-11,2023-12-26,2024-01-25,CLOSED,0,INCOMPLETE,SECOND
L000846,B8099,David Garcia,,CONVENTIONAL,CONSTRUCTION,ME,79414,JPMorgan Chase Bank,536101.00,283818.71,3.452,1696.40,2011-05-04,2041-05-04,2017-04-19,2017-05-19,CURRENT,23,COMPLETE,SECOND
L009142,B4893,Charles Davis,,FHA,HOME_EQUITY,VA,10228,SunTrust Mortgage,446800.00,309219.17,2.637,1080.03,2013-12-19,2023-12-19,2016-01-30,2016-02-29,CURRENT,0,INCOMPLETE,SECOND
L004177,B9884,Joseph Martin,,ARM,PURCHASE,PA,67079,JPMorgan Chase Bank,551568.00,348182.15,5.76,2912.28,2017-02-01,2032-02-01,2020-02-06,2020-03-07,CURRENT,0,COMPLETE,SECOND
L000668,B4493,William Garcia,Richard Garcia,FIXED,REFINANCE,IN,89970,Flagstar Bank,372122.00,420148.59,5.511,1879.87,2017-03-06,2047-03-06,2018-05-31,2018-06-30,DELINQUENT,39,COMPLETE,FIRST
L006424,B1352,Michael White,,ARM,PURCHASE,NH,61818,Freedom Mortgage,738566.00,291748.61,6.619,4481.19,2020-03-04,2040-03-04,2027-09-03,2027-10-03,CURRENT,0,COMPLETE,FIRST
L005904,B8750,Joseph Williams,,VA,REFINANCE,MS,31987,US Bank,458703.00,0.00,4.694,1973.72,2020-10-13,2035-10-13,2026-11-22,2026-12-22,CLOSED,0,COMPLETE,FIRST
L002690,B7736,Robert Jones,Lisa Jones,FHA,CASH_OUT_REFINANCE,ME,41438,Wells Fargo Home Mortgage,762324.00,262129.26,7.637,5336.71,2012-09-15,2032-09-15,2012-10-23,2012-11-22,DELINQUENT,49,MISSING,FIRST
L001492,B9378,David Thomas,,USDA,HOME_EQUITY,NM,60790,SunTrust Mortgage,287779.00,0.00,3.176,837.82,2018-11-25,2048-11-25,2021-04-21,2021-05-21,PAID_OFF,0,COMPLETE,SECOND
L009921,B6955,Karen Smith,,ARM,CASH_OUT_REFINANCE,IA,18842,Bank of America,208490.00,86855.79,4.209,804.41,2014-09-11,2024-09-11,2022-12-02,2023-01-01,CURRENT,0,COMPLETE,FIRST
L005896,B3320,John Thomas,,JUMBO,CONSTRUCTION,KS,34631,Nationstar Mortgage,329212.00,280947.89,7.672,2315.24,2017-03-07,2047-03-07,2021-11-08,2021-12-08,CURRENT,0,COMPLETE,SECOND
L003937,B8786,Mary Miller,Michael Miller,CONVENTIONAL,CONSTRUCTION,AR,70769,SunTrust Mortgage,191034.00,162080.16,4.768,834.95,2021-02-06,2051-02-06,2027-08-08,2027-09-07,CURRENT,0,COMPLETE,FIRST
L000717,B5034,Charles Brown,,CONVENTIONAL,CASH_OUT_REFINANCE,NM,79119,SunTrust Mortgage,433457.00,222450.87,3.348,1330.28,2021-01-03,2036-01-03,2029-12-29,2030-01-28,CURRENT,0,,SECOND
L002694,B1651,William Hernandez,,ARM,REFINANCE,IL,65233,JPMorgan Chase Bank,676434.00,403347.04,2.823,1750.44,2015-07-09,2030-07-09,2019-10-29,2019-11-28,CURRENT,0,MISSING,SECOND
L003343,B6351,William Johnson,,ARM,HOME_EQUITY,CT,89352,Freedom Mortgage,466330.00,386615.30,3.706,1584.20,2011-09-18,2031-09-18,2016-10-21,2016-11-20,DELINQUENT,56,INCOMPLETE,SECOND
L001033,B9698,Richard Thomas,Charles Williams,FIXED,REFINANCE,LA,25534,Caliber Home Loans,278767.00,0.00,3.216,821.81,2010-08-27,2030-08-27,2013-07-07,2013-08-06,PAID_OFF,0,COMPLETE,SECOND
L003547,B5260,Patricia Moore,,JUMBO,CONSTRUCTION,IN,60529,JPMorgan Chase Bank,780072.00,364587.57,5.164,3692.60,2010-05-07,2040-05-07,2016-10-12,2016-11-11,DELINQUENT,48,COMPLETE,SECOND
L002084,B7200,Jennifer Wilson,,USDA,CASH_OUT_REFINANCE,ND,12491,Citimortgage,588131.00,340735.38,4.875,2628.21,2021-04-06,2051-04-06,2029-11-03,2029-12-03,DELINQUENT,69,MISSING,FIRST
L001703,B4621,Karen Martin,Charles Jackson,CONVENTIONAL,HOME_EQUITY,MN,66592,JPMorgan Chase Bank,136461.00,61705.30,8.399,1050.62,2016-03-13,2026-03-13,2027-02-24,2027-03-26,CURRENT,0,INCOMPLETE,SECOND
L004855,B8180,Thomas Brown,Linda Anderson,FHA,PURCHASE,MI,66922,Bank of America,720136.00,387979.04,7.656,5053.91,2013-01-24,2028-01-24,2021-07-20,2021-08-19,CURRENT,0,COMPLETE,FIRST
L001799,B1209,John Davis,David Thompson,VA,HOME_EQUITY,TN,46941,JPMorgan Chase Bank,537717.00,257004.19,5.837,2877.10,2012-04-27,2027-04-27,2020-01-23,2020-02-22,DELINQUENT,55,COMPLETE,SECOND
L007650,B9267,William Johnson,,USDA,CONSTRUCTION,NJ,25286,Quicken Loans,545889.00,240013.60,7.828,3917.12,2014-03-25,2034-03-25,2019-05-06,2019-06-05,CURRENT,0,MISSING,FIRST
L002513,B2920,Patricia Miller,,FIXED,CASH_OUT_REFINANCE,UT,58288,Citimortgage,176578.00,137964.42,4.38,708.96,2017-08-08,2047-08-08,2022-03-25,2022-04-24,DELINQUENT,85,MISSING,FIRST
L000398,B7763,Thomas Thomas,,VA,PURCHASE,KS,51724,Freedom Mortgage,389966.00,228523.67,4.048,1447.03,2026-10-27,2022-09-17,2015-01-24,2015-02-23,CURRENT,0,COMPLETE,SECOND
L000875,B7799,Barbara White,Jessica Smith,USDA,REFINANCE,SD,61348,PNC Bank,167455.00,80741.55,5.798,890.00,2021-10-01,2031-10-01,2024-07-28,2024-08-27,DELINQUENT,46,COMPLETE,SECOND
L009954,B1572,Barbara Garcia,,FHA,CONSTRUCTION,FL,84590,Caliber Home Loans,332173.00,0.00,4.109,1251.16,2015-09-21,2035-09-21,2018-10-04,2018-11-03,PAID_OFF,0,COMPLETE,FIRST
L003903,B9228,David Davis,,JUMBO,REFINANCE,AR,80332,PHH Mortgage,754752.00,0.00,3.243,2243.69,2011-10-21,2041-10-21,2015-01-01,2015-01-31,PAID_OFF,0,INCOMPLETE,SECOND
L000677,B8393,Jessica Smith,,VA,PURCHASE,WY,91748,Green Tree Servicing,209598.00,208694.65,6.403,1230.22,2011-08-22,2026-08-22,2018-12-26,2019-01-25,CURRENT,0,COMPLETE,SECOND
L000658,B6417,Linda Taylor,,ARM,CASH_OUT_REFINANCE,ND,50194,PHH Mortgage,522253.00,182023.31,6.697,3206.07,2022-09-29,2042-09-29,2029-06-28,2029-07-28,N/A,0,COMPLETE,FIRST
L001035,B6931,Barbara White,,ARM,REFINANCE,NV,84390,Caliber Home Loans,429239.00,222930.40,2.863,1126.50,2016-06-08,2036-06-08,2019-11-20,2019-12-20,DELINQUENT,42,COMPLETE,SECOND
L003479,B3236,Richard Garcia,,CONVENTIONAL,REFINANCE,KY,13039,Bank of America,310295.00,109534.97,4.562,1297.60,2014-01-20,2029-01-20,2014-06-20,2014-07-20,DELINQUENT,71,MISSING,SECOND
L003415,B4581,Richard Brown,,CONVENTIONAL,CASH_OUT_REFINANCE,NJ,64235,PNC Bank,524076.00,299326.17,2.977,1430.16,2011-08-20,2041-08-20,2015-04-29,2015-05-29,CURRENT,0,COMPLETE,SECOND
L008917,B1873,Sarah Wilson,,VA,CONSTRUCTION,NJ,21343,PNC Bank,401821.00,188498.34,7.482,2755.89,2011-01-08,2031-01-08,2011-03-13,2011-04-12,CURRENT,0,MISSING,SECOND
L001581,B2718,Lisa Garcia,,VA,CASH_OUT_REFINANCE,AZ,99116,JPMorgan Chase Bank,509621.00,224065.35,6.998,3269.13,2018-08-06,2048-08-06,2025-02-06,2025-03-08,DEFAULT,311,COMPLETE,SECOND
L003732,B1479,David Lee,,CONVENTIONAL,PURCHASE,GA,49475,Freedom Mortgage,202289.00,0.00,5.961,1105.36,2020-11-13,2040-11-13,2023-10-26,2023-11-25,CLOSED,0,MISSING,SECOND
L006862,B9158,Joseph Anderson,,FHA,CASH_OUT_REFINANCE,CT,97231,SunTrust Mortgage,373121.00,0.00,6.514,2227.97,2017-03-02,2037-03-02,2021-01-26,2021-02-25,PAID_OFF,0,COMPLETE,SECOND
L008830,B8532,David Taylor,,FIXED,PURCHASE,KS,21693,SunTrust Mortgage,197310.00,0.00,8.039,1453.99,2018-12-16,2048-12-16,2022-04-18,2022-05-18,CLOSED,0,COMPLETE,FIRST
L003532,B4200,Thomas Wilson,Barbara Taylor,JUMBO,HOME_EQUITY,TX,56358,PNC Bank,629842.00,409333.63,5.042,2911.02,2016-08-20,2036-08-20,2026-03-02,2026-04-01,CURRENT,0,COMPLETE,SECOND
L009204,B8924,Karen Moore,Mary Jackson,FHA,PURCHASE,ND,65694,Quicken Loans,557778.00,0.00,7.358,3762.12,2013-08-10,2023-08-10,2022-07-11,2022-08-10,PAID_OFF,0,COMPLETE,SECOND
L007943,B7983,Mary Garcia,William Jones,VA,REFINANCE,TX,37136,Nationstar Mortgage,374179.00,206402.85,6.355,2179.75,2011-02-23,2021-02-23,2015-04-25,2015-05-25,DEFAULT,155,MISSING,FIRST
L002971,B6674,Linda Hernandez,William Moore,ARM,CASH_OUT_REFINANCE,MS,70729,PHH Mortgage,155148.00,56719.58,5.509,783.48,2012-03-06,2042-03-06,2015-01-01,2015-01-31,CURRENT,0,COMPLETE,SECOND
L001340,B3496,Richard Lee,,ARM,PURCHASE,DE,86386,Flagstar Bank,287839.00,268525.89,8.367,2207.65,2017-03-28,2027-03-28,2019-07-18,2019-08-17,CURRENT,0,COMPLETE,SECOND
L001037,B6252,Patricia White,,FHA,REFINANCE,RI,50781,Green Tree Servicing,329503.00,294906.69,6.541,1975.67,2012-04-10,2022-04-10,2018-05-05,2018-06-04,DELINQUENT,69,MISSING,FIRST
L000946,B2759,Joseph Brown,Joseph Davis,VA,PURCHASE,NC,16265,Green Tree Servicing,205327.00,68681.78,6.056,1139.84,2012-06-05,2032-06-05,2020-05-28,2020-06-27,CURRENT,0,COMPLETE,SECOND
L000830,B1838,William Garcia,,FHA,PURCHASE,MO,99795,Caliber Home Loans,570760.00,593256.75,8.433,4412.12,2014-10-15,2034-10-15,2023-08-12,2023-09-11,CURRENT,0,COMPLETE,FIRST
L009831,B8289,Charles Brown,,VA,CONSTRUCTION,NE,55316,Wells Fargo Home Mortgage,631505.00,270643.26,3.373,1952.56,2012-08-23,2027-08-23,2019-11-24,2019-12-24,CURRENT,0,COMPLETE,FIRST
L004789,B9568,Jessica Brown,Karen Garcia,FIXED,CASH_OUT_REFINANCE,MS,16443,Green Tree Servicing,427294.00,353753.60,2.772,1085.75,2016-01-18,2046-01-18,2022-02-02,2022-03-04,CURRENT,0,COMPLETE,FIRST
L001026,B6997,John Thompson,,USDA,CONSTRUCTION,MI,71662,Bank of America,643015.00,371655.52,3.067,1807.78,2012-05-21,2022-05-21,2018-02-09,2018-03-11,CURRENT,0,COMPLETE,FIRST
L003853,B3249,Jennifer Miller,Joseph Anderson,ARM,CASH_OUT_REFINANCE,OH,72044,Green Tree Servicing,629025.00,0.00,6.624,3819.44,2021-01-06,2041-01-06,2026-08-03,2026-09-02,PAID_OFF,0,COMPLETE,SECOND
L007290,B2645,Michael Davis,,VA,HOME_EQUITY,ME,91625,PNC Bank,237481.00,160129.26,7.791,1696.03,2016-03-03,2026-03-03,2020-02-10,2020-03-11,CURRENT,0,COMPLETE,SECOND
L008139,B7309,Sarah Moore,Robert Johnson,ARM,PURCHASE,WA,22603,PHH Mortgage,113384.00,95925.28,5.308,551.69,2013-12-10,2043-12-10,2016-01-13,2016-02-12,CURRENT,0,MISSING,FIRST
L009385,B4936,Robert Moore,,ARM,PURCHASE,OK,79908,JPMorgan Chase Bank,293645.00,167167.15,2.969,799.18,2022-10-03,2032-10-03,2033-01-20,2033-02-19,CURRENT,0,COMPLETE,FIRST
L006883,B9325,Mary Thompson,Sarah Taylor,ARM,REFINANCE,SD,37184,Citimortgage,285374.00,112691.01,7.254,1897.59,2010-06-10,2025-06-10,2013-01-03,2013-02-02,CURRENT,0,COMPLETE,SECOND
L003196,B6211,Linda Thompson,Joseph Martinez,ARM,PURCHASE,NM,97069,PHH Mortgage,85645.00,37774.47,6.894,541.23,2019-03-25,2034-03-25,2021-06-19,2021-07-19,DELINQUENT,87,COMPLETE,FIRST
L001294,B9978,Richard Garcia,,USDA,CASH_OUT_REFINANCE,WI,29583,JPMorgan Chase Bank,674157.00,0.00,4.836,2988.54,2017-11-10,2032-11-10,2021-02-12,2021-03-14,PAID_OFF,0,COMPLETE,SECOND
L006429,B7388,Barbara Martin,,VA,CASH_OUT_REFINANCE,NC,32942,Citimortgage,782235.00,0.00,7.824,5610.19,2012-09-14,2027-09-14,2022-01-25,2022-02-24,PAID_OFF,0,COMPLETE,FIRST
L008384,B4463,Patricia Hernandez,,ARM,PURCHASE,IA,91856,SunTrust Mortgage,655818.00,529869.79,2.528,1519.75,2016-02-10,2026-02-10,2018-01-01,2018-01-31,DEFAULT,352,INCOMPLETE,SECOND
L005287,B8825,Thomas Taylor,,ARM,PURCHASE,NY,59875,Caliber Home Loans,319207.00,190301.37,6.046,1769.10,2014-12-04,2044-12-04,2018-11-18,2018-12-18,CURRENT,0,INCOMPLETE,SECOND
L004723,B1565,Sarah Taylor,,ARM,CONSTRUCTION,IA,33993,SunTrust Mortgage,335701.00,272177.44,3.74,1150.89,2012-02-18,2042-02-18,2012-11-09,2012-12-09,CURRENT,0,COMPLETE,SECOND
L005471,B4684,William Davis,,JUMBO,CONSTRUCTION,PA,54011,Quicken Loans,175755.00,48512.87,2.574,414.69,2014-07-11,2044-07-11,2015-12-05,2016-01-04,DEFAULT,100,COMPLETE,FIRST
L004539,B8837,Richard Garcia,,VA,REFINANCE,DC,43476,PNC Bank,550445.00,0.00,5.15,2598.56,2012-07-19,2042-07-19,2016-11-30,2016-12-30,CLOSED,0,COMPLETE,SECOND
L002948,B6615,Barbara Davis,,VA,HOME_EQUITY,GA,48520,PNC Bank,708517.00,512444.01,4.151,2695.97,2011-04-26,2026-04-26,2021-05-27,2021-06-26,DELINQUENT,84,COMPLETE,FIRST
L000891,B7400,Michael White,,FIXED,PURCHASE,IL,16280,JPMorgan Chase Bank,458196.00,0.00,2.876,1207.96,2011-03-28,2021-03-28,2020-08-31,2020-09-30,CLOSED,0,COMPLETE,SECOND
L003591,B7392,Susan Garcia,,VA,REFINANCE,PA,51730,PNC Bank,122031.00,95675.11,5.507,616.02,2020-06-17,2040-06-17,2027-01-08,2027-02-07,CURRENT,0,COMPLETE,SECOND
L009107,B8382,Jennifer Smith,James Miller,JUMBO,PURCHASE,OH,49160,PNC Bank,107381.00,69069.00,5.496,540.99,2017-09-26,2027-09-26,2022-09-08,2022-10-08,DEFAULT,203,COMPLETE,FIRST
L005066,B5060,Charles Lee,,ARM,REFINANCE,NH,93594,Citimortgage,650490.00,464125.20,2.894,1725.64,2020-08-05,2035-08-05,2022-07-17,2022-08-16,CURRENT,0,COMPLETE,SECOND
L002561,B3341,David Moore,,FIXED,REFINANCE,AK,55063,US Bank,484167.00,393836.06,3.246,1440.64,2012-06-09,2032-06-09,2017-09-10,2017-10-10,CURRENT,0,COMPLETE,FIRST
L004171,B1628,William Brown,James Brown,USDA,HOME_EQUITY,SD,54768,Wells Fargo Home Mortgage,253988.00,136705.76,4.884,1137.10,2010-03-15,2020-03-15,2020-04-15,2020-05-15,CURRENT,0,MISSING,FIRST
L004218,B2841,Linda Martin,Richard Jackson,CONVENTIONAL,HOME_EQUITY,ID,47933,Caliber Home Loans,739125.00,397728.88,6.849,4640.41,2015-09-26,2025-09-26,2023-12-07,2024-01-06,CURRENT,0,INCOMPLETE,FIRST
L001039,B5271,Richard Smith,,ARM,CASH_OUT_REFINANCE,TX,58469,Green Tree Servicing,262134.00,215685.47,8.196,1969.41,2010-10-12,2025-10-12,2011-09-24,2011-10-24,CURRENT,0,COMPLETE,SECOND
L000431,B8302,John Martinez,,JUMBO,CASH_OUT_REFINANCE,NJ,48987,Caliber Home Loans,117077.00,131186.72,7.447,799.22,2015-07-16,2035-07-16,2025-10-29,2025-11-28,CURRENT,0,COMPLETE,FIRST
L006722,B5845,Robert Taylor,,FIXED,CONSTRUCTION,GA,94474,Bank of America,263266.00,186247.12,8.254,1991.91,2018-09-24,2048-09-24,2021-08-21,2021-09-20,CURRENT,0,MISSING,SECOND
L001450,B9518,James Taylor,,FHA,PURCHASE,KY,21570,Wells Fargo Home Mortgage,120023.00,79870.06,4.593,505.33,2022-10-31,2042-10-31,2031-08-29,2031-09-28,CURRENT,0,INCOMPLETE,SECOND
L004825,B2815,Jessica Martin,,VA,HOME_EQUITY,TN,88670,Quicken Loans,209140.00,94421.47,6.595,1264.34,2011-09-27,2041-09-27,2019-01-14,2019-02-13,CURRENT,0,COMPLETE,FIRST
L007122,B4312,Thomas Johnson,,FIXED,CONSTRUCTION,WI,21397,Citimortgage,367961.00,302047.12,3.998,1348.52,2011-04-04,2021-04-04,2017-06-10,2017-07-10,DEFAULT,157,COMPLETE,SECOND
L006572,B4025,David Davis,Richard Anderson,JUMBO,PURCHASE,CT,62148,PHH Mortgage,575895.00,492868.53,6.008,3171.65,2018-08-26,2038-08-26,2026-12-22,2027-01-21,CURRENT,0,COMPLETE,SECOND
L002708,B9294,Mary Williams,,CONVENTIONAL,REFINANCE,NJ,48577,Green Tree Servicing,483667.00,0.00,6.264,2777.22,2015-03-22,2025-03-22,2020-07-14,2020-08-13,CLOSED,0,COMPLETE,SECOND
L000621,B1004,Thomas Brown,Richard Thomas,FIXED,CONSTRUCTION,NM,72190,PNC Bank,389044.00,0.00,2.967,1058.10,2011-03-04,2026-03-04,2024-08-21,2017-01-26,PAID_OFF,0,COMPLETE,SECOND
L000057,B9163,Michael Thompson,,CONVENTIONAL,CASH_OUT_REFINANCE,NJ,74866,SunTrust Mortgage,589728.00,323635.73,5.301,2865.64,2016-12-02,2016-06-09,2017-04-05,2017-05-05,CURRENT,0,MISSING,SECOND
L001968,B9663,Robert Martin,,USDA,PURCHASE,WA,53088,Caliber Home Loans,402086.00,195853.52,4.119,1518.18,2014-04-20,2029-04-20,2021-12-10,2022-01-09,CURRENT,0,INCOMPLETE,SECOND
L006842,B1287,Linda Thomas,Robert Thompson,JUMBO,CONSTRUCTION,CO,19552,Freedom Mortgage,371435.00,210204.78,4.637,1578.82,2016-03-27,2046-03-27,2023-09-11,2023-10-11,CURRENT,0,INCOMPLETE,SECOND
L000691,B1416,Susan Martinez,,USDA,PURCHASE,ME,76155,Bank of America,619711.00,381769.60,3.257,1850.20,2015-02-04,2045-02-04,2024-06-25,2024-07-25,CURRENT,33,COMPLETE,SECOND
L004508,B6857,Charles Anderson,,FHA,HOME_EQUITY,AL,28365,Green Tree Servicing,703939.00,447274.90,7.471,4820.87,2017-04-08,2037-04-08,2028-02-10,2028-03-11,CURRENT,0,COMPLETE,FIRST
L008095,B4861,Jennifer Taylor,,JUMBO,HOME_EQUITY,AK,21386,Freedom Mortgage,747988.00,0.00,7.198,4935.35,2015-08-08,2030-08-08,2023-06-21,2023-07-21,CLOSED,0,COMPLETE,SECOND
L005560,B5539,James Jackson,,FHA,CONSTRUCTION,KS,21477,Green Tree Servicing,191608.00,0.00,6.681,1173.46,2019-11-20,2029-11-20,2029-06-10,2029-07-10,PAID_OFF,0,COMPLETE,SECOND
L005367,B1711,Lisa Martin,Sarah Hernandez,FIXED,REFINANCE,SD,75734,SunTrust Mortgage,630932.00,251672.19,5.503,3182.68,2017-08-01,2037-08-01,2026-01-12,2026-02-11,DELINQUENT,63,COMPLETE,SECOND
L007949,B8068,Richard Wilson,,VA,CONSTRUCTION,SD,52041,PNC Bank,632691.00,0.00,5.936,3442.68,2018-07-04,2033-07-04,2024-09-03,2024-10-03,PAID_OFF,0,COMPLETE,SECOND
L007661,B1946,Susan Garcia,,VA,REFINANCE,SC,21578,PHH Mortgage,608001.00,0.00,6.534,3641.62,2018-04-03,2048-04-03,2027-12-03,2028-01-02,PAID_OFF,0,INCOMPLETE,SECOND
L006935,B3677,Charles Smith,,FIXED,HOME_EQUITY,SC,18707,Bank of America,610237.00,497845.27,5.268,2946.83,2018-05-22,2048-05-22,2029-01-16,2029-02-15,CURRENT,0,COMPLETE,FIRST
L001804,B4026,Sarah Lee,,CONVENTIONAL,REFINANCE,NY,54647,Quicken Loans,302890.00,259993.92,5.482,1522.07,2020-10-30,2040-10-30,2027-03-09,2027-04-08,DELINQUENT,33,COMPLETE,FIRST
L005769,B5558,Linda Martinez,,USDA,PURCHASE,NC,85095,Caliber Home Loans,459320.00,260428.13,8.104,3412.14,2019-01-18,2049-01-18,2025-11-27,2025-12-27,CURRENT,0,INCOMPLETE,SECOND
L004088,B9419,Linda Johnson,,VA,PURCHASE,UT,73199,Citimortgage,178611.00,145023.05,3.165,518.20,2010-03-05,2020-03-05,2020-01-06,2020-02-05,CURRENT,0,COMPLETE,SECOND
L002490,B1127,David Miller,,ARM,PURCHASE,IN,40786,PNC Bank,665874.00,375582.79,2.665,1626.67,2021-08-14,2036-08-14,2028-04-25,2028-05-25,CURRENT,0,COMPLETE,FIRST
L007404,B7814,Susan Jones,Barbara Thompson,JUMBO,CONSTRUCTION,MN,74711,Flagstar Bank,187094.00,133511.39,5.371,921.14,2013-07-30,2023-07-30,2016-09-20,2016-10-20,CURRENT,0,COMPLETE,FIRST
L007368,B2406,Sarah Brown,,VA,PURCHASE,CA,42717,Green Tree Servicing,338433.00,276702.98,5.014,1555.49,2019-01-01,2039-01-01,2020-04-28,2020-05-28,DEFAULT,289,INCOMPLETE,SECOND
L009796,B4254,Jessica Johnson,,FHA,CASH_OUT_REFINANCE,MN,15504,JPMorgan Chase Bank,641225.00,0.00,6.625,3894.11,2018-11-28,2038-11-28,2026-06-28,2026-07-28,PAID_OFF,0,COMPLETE,FIRST
L002069,B3146,Michael Moore,,ARM,PURCHASE,AR,82077,Freedom Mortgage,176417.00,120939.61,5.04,815.05,2010-01-09,2020-01-09,2016-06-14,2016-07-14,CURRENT,0,MISSING,FIRST
L005059,B4811,Barbara Garcia,,USDA,CONSTRUCTION,AR,89298,Freedom Mortgage,627665.00,186620.64,4.742,2728.36,2018-07-23,2028-07-23,2026-03-04,2026-04-03,CURRENT,0,COMPLETE,SECOND
L008122,B6238,Richard Williams,,FHA,HOME_EQUITY,TN,36067,SunTrust Mortgage,58556.00,33687.14,5.815,312.13,2018-10-04,2028-10-04,2021-08-29,2021-09-28,CURRENT,0,COMPLETE,FIRST
L002280,B2392,Robert Lee,,JUMBO,PURCHASE,VT,67301,Quicken Loans,545893.00,209561.15,5.114,2559.06,2018-03-06,2038-03-06,2024-07-07,2024-08-06,DELINQUENT,86,COMPLETE,FIRST
L000612,B9736,Joseph Davis,,CONVENTIONAL,CONSTRUCTION,OH,40423,Freedom Mortgage,581201.00,31102.72,3.968,2114.02,2010-05-22,2040-05-22,2018-08-18,2018-09-17,CLOSED,0,COMPLETE,SECOND
L004462,B3986,Susan Thomas,,CONVENTIONAL,PURCHASE,SC,40057,SunTrust Mortgage,511450.00,158464.55,6.173,2894.08,2012-12-23,2042-12-23,2013-11-27,2013-12-27,CURRENT,0,COMPLETE,FIRST
L003516,B1167,Joseph Martinez,,JUMBO,HOME_EQUITY,WI,39394,Freedom Mortgage,424273.00,314487.41,7.152,2781.53,2014-11-21,2024-11-21,2024-05-24,2024-06-23,CURRENT,0,COMPLETE,SECOND
L008214,B3700,Robert Moore,Thomas Lee,FHA,HOME_EQUITY,MT,98732,Flagstar Bank,661340.00,220269.22,2.995,1815.65,2010-06-22,2020-06-22,2016-04-27,2016-05-27,CURRENT,0,COMPLETE,FIRST
L000632,B6291,Sarah Anderson,,CONVENTIONAL,REFINANCE,QQ,56924,US Bank,440366.00,205537.29,5.883,2374.78,2010-10-05,2030-10-05,2018-09-15,2018-10-15,CURRENT,0,COMPLETE,FIRST
L000797,B7658,Jessica Thompson,,FIXED,CONSTRUCTION,KS,68479,Quicken Loans,281707.00,91134.34,3.952,1020.53,2013-09-18,2028-09-18,2024-02-01,2024-03-02,PENDING,0,COMPLETE,FIRST
L002764,B3864,Lisa Williams,Charles White,VA,HOME_EQUITY,MA,68851,Freedom Mortgage,142847.00,76004.83,2.698,353.28,2013-08-07,2033-08-07,2024-04-23,2024-05-23,CURRENT,0,INCOMPLETE,FIRST
L003797,B6152,Mary Garcia,,USDA,REFINANCE,DC,75758,Freedom Mortgage,734186.00,669054.34,5.371,3614.70,2015-11-17,2045-11-17,2019-12-31,2020-01-30,CURRENT,0,COMPLETE,FIRST
L005281,B2786,Jessica Wilson,Charles Thompson,JUMBO,PURCHASE,CT,61912,Freedom Mortgage,726277.00,0.00,3.148,2095.79,2011-02-07,2041-02-07,2017-02-23,2017-03-25,PAID_OFF,0,MISSING,SECOND
L006577,B1921,David Thomas,,CONVENTIONAL,HOME_EQUITY,UT,66590,US Bank,296719.00,135520.46,5.936,1614.55,2019-12-19,2029-12-19,2024-12-06,2025-01-05,DELINQUENT,76,COMPLETE,SECOND
L001425,B6497,Jessica Wilson,,FIXED,PURCHASE,OK,24906,Green Tree Servicing,721209.00,0.00,6.563,4338.85,2016-06-01,2046-06-01,2026-04-30,2026-05-30,PAID_OFF,0,MISSING,FIRST
L002504,B3747,Karen Williams,,CONVENTIONAL,HOME_EQUITY,KS,18222,PNC Bank,746160.00,0.00,7.361,5034.78,2014-11-10,2024-11-10,2019-02-17,2019-03-19,PAID_OFF,0,COMPLETE,FIRST
L004189,B7386,Linda Miller,,JUMBO,REFINANCE,ND,90871,SunTrust Mortgage,678627.00,456654.94,6.024,3747.38,2021-12-25,2051-12-25,2025-07-27,2025-08-26,CURRENT,0,COMPLETE,SECOND
L008253,B6203,Karen Jones,,FIXED,HOME_EQUITY,IL,80527,Caliber Home Loans,756304.00,0.00,3.518,2438.95,2019-02-08,2029-02-08,2020-06-15,2020-07-15,PAID_OFF,0,COMPLETE,SECOND
L000457,B9520,Joseph Garcia,,CONVENTIONAL,CONSTRUCTION,UT,96853,Nationstar Mortgage,649672.00,730710.97,7.209,4293.19,2021-04-26,2031-04-26,2022-10-31,2022-11-30,CURRENT,0,MISSING,FIRST
L000770,B7757,Sarah Miller,,CONVENTIONAL,CASH_OUT_REFINANCE,LA,34650,Quicken Loans,233524.00,159662.25,8.337,1784.65,2022-12-08,2032-12-08,2030-05-19,2030-06-18,CURRENT,1,COMPLETE,SECOND
L006891,B4063,Richard Wilson,Linda Martinez,FIXED,CONSTRUCTION,IL,21109,Citimortgage,757703.00,597371.75,7.517,5221.02,2021-08-28,2051-08-28,2027-06-29,2027-07-29,CURRENT,0,COMPLETE,FIRST
L000083,B1265,Linda Jackson,,ARM,CASH_OUT_REFINANCE,MO,43728,Citimortgage,323441.00,153217.53,0.0873,1725.56,2022-12-28,2052-12-28,2026-05-20,2026-06-19,CURRENT,0,COMPLETE,SECOND
L005988,B2235,Jennifer Moore,Robert Anderson,USDA,CASH_OUT_REFINANCE,IN,38267,SunTrust Mortgage,204636.00,78714.15,5.877,1102.43,2017-03-14,2047-03-14,2017-10-20,2017-11-19,DELINQUENT,71,COMPLETE,SECOND
L006459,B3887,Sarah Johnson,Sarah Jones,USDA,CASH_OUT_REFINANCE,SC,35692,US Bank,728157.00,451685.78,3.035,2025.79,2019-08-09,2029-08-09,2023-06-19,2023-07-19,CURRENT,0,COMPLETE,FIRST
L005417,B7178,Barbara Martin,,FIXED,CONSTRUCTION,ND,34436,US Bank,406153.00,299206.19,6.956,2589.77,2020-03-17,2040-03-17,2030-05-23,2030-06-22,DELINQUENT,82,COMPLETE,FIRST
L005202,B9353,Jennifer Martinez,,FHA,PURCHASE,KS,79788,JPMorgan Chase Bank,443869.00,325526.63,5.263,2141.41,2018-03-27,2038-03-27,2021-07-08,2021-08-07,CURRENT,0,INCOMPLETE,SECOND
L006879,B2171,James Thomas,,JUMBO,CONSTRUCTION,NM,70995,PHH Mortgage,76015.00,44722.30,7.72,537.93,2020-10-19,2050-10-19,2030-07-01,2030-07-31,CURRENT,0,COMPLETE,FIRST
L007394,B8835,Patricia Smith,,CONVENTIONAL,CONSTRUCTION,ME,50540,Nationstar Mortgage,71100.00,33509.14,4.813,313.69,2014-07-22,2024-07-22,2022-12-01,2022-12-31,DELINQUENT,35,INCOMPLETE,SECOND
L002117,B3752,Charles Thomas,James Thomas,FIXED,HOME_EQUITY,NV,92136,Caliber Home Loans,373526.00,199681.09,3.734,1278.52,2011-01-24,2021-01-24,2021-06-22,2021-07-22,CURRENT,0,COMPLETE,FIRST
L004579,B5125,Michael Martin,,USDA,HOME_EQUITY,NE,11616,Flagstar Bank,422906.00,0.00,7.165,2777.61,2016-04-14,2031-04-14,2023-09-22,2023-10-22,CLOSED,0,COMPLETE,SECOND
L009740,B7360,Linda Williams,,FIXED,HOME_EQUITY,SD,69786,PHH Mortgage,126665.00,44722.85,4.068,472.33,2015-05-08,2030-05-08,2025-10-21,2025-11-20,CURRENT,0,COMPLETE,SECOND
L007676,B9598,Susan Garcia,,FIXED,PURCHASE,MA,99378,Quicken Loans,715040.00,209699.99,4.23,2772.57,2017-04-05,2032-04-05,2027-12-24,2028-01-23,CURRENT,0,INCOMPLETE,FIRST
L005572,B3803,William Lee,,VA,CONSTRUCTION,MI,87025,PHH Mortgage,603918.00,307426.42,7.446,4122.04,2011-12-15,2041-12-15,2019-01-25,2019-02-24,CURRENT,0,COMPLETE,FIRST
L001667,B6744,Mary Williams,Karen White,JUMBO,CASH_OUT_REFINANCE,KS,48708,Caliber Home Loans,295097.00,248855.89,8.142,2202.46,2022-06-26,2032-06-26,2026-06-19,2026-07-19,CURRENT,0,COMPLETE,FIRST
L008261,B2390,Karen Jackson,Michael Jackson,FIXED,HOME_EQUITY,ME,99632,Bank of America,724090.00,287507.33,3.47,2303.21,2020-10-30,2050-10-30,2028-10-04,2028-11-03,CURRENT,0,COMPLETE,FIRST
L001766,B2916,Robert Moore,,USDA,CONSTRUCTION,MT,19290,PNC Bank,433752.00,0.00,7.412,2947.06,2014-08-21,2044-08-21,2017-11-10,2017-12-10,PAID_OFF,0,COMPLETE,SECOND
L003784,B4009,Thomas Anderson,Jessica Garcia,ARM,HOME_EQUITY,RI,37027,Freedom Mortgage,344335.00,132579.30,7.849,2477.46,2019-02-14,2034-02-14,2021-09-29,2021-10-29,CURRENT,0,MISSING,SECOND
L004456,B9425,Mary Davis,,FIXED,REFINANCE,PA,44293,Freedom Mortgage,667694.00,0.00,6.552,4010.17,2013-05-05,2023-05-05,2022-03-07,2022-04-06,PAID_OFF,0,INCOMPLETE,SECOND
L005195,B4755,Barbara Lee,,JUMBO,PURCHASE,MS,29208,US Bank,664009.00,296646.42,6.95,4230.29,2010-10-13,2020-10-13,2012-08-09,2012-09-08,CURRENT,0,COMPLETE,SECOND
L004199,B7263,Barbara Moore,Lisa Wilson,USDA,HOME_EQUITY,MS,71105,PNC Bank,393592.00,241575.15,7.496,2704.50,2017-06-08,2027-06-08,2026-10-20,2026-11-19,DELINQUENT,57,COMPLETE,FIRST
L006489,B9575,Mary Johnson,,VA,HOME_EQUITY,TX,55712,JPMorgan Chase Bank,588214.00,183704.33,2.534,1366.32,2012-04-28,2027-04-28,2016-12-27,2017-01-26,DELINQUENT,66,COMPLETE,FIRST
L009005,B9898,Jessica Brown,,JUMBO,REFINANCE,NE,75994,Flagstar Bank,468778.00,274360.85,4.546,1953.48,2017-05-18,2037-05-18,2028-04-11,2028-05-11,CURRENT,0,COMPLETE,FIRST
L007648,B1051,Jennifer Brown,Jennifer Jones,VA,REFINANCE,MN,17799,JPMorgan Chase Bank,82391.00,69601.34,6.09,459.95,2010-01-10,2020-01-10,2011-08-25,2011-09-24,DELINQUENT,52,COMPLETE,SECOND
L001288,B8271,Richard Hernandez,Jessica Garcia,FHA,CASH_OUT_REFINANCE,DC,85526,Caliber Home Loans,116609.00,51247.69,4.236,452.79,2011-08-25,2031-08-25,2019-11-27,2019-12-27,CURRENT,0,COMPLETE,FIRST
L001534,B9231,Jessica Williams,,FIXED,CONSTRUCTION,MD,76993,Freedom Mortgage,275482.00,130729.62,6.993,1765.91,2020-01-17,2040-01-17,2024-08-18,2024-09-17,CURRENT,0,COMPLETE,FIRST
L009939,B2014,Michael Thompson,,FIXED,HOME_EQUITY,NJ,19955,Freedom Mortgage,389457.00,193838.81,5.676,2026.34,2021-04-09,2041-04-09,2025-03-02,2025-04-01,DEFAULT,248,COMPLETE,SECOND
L002049,B7584,Richard Taylor,,ARM,CONSTRUCTION,DC,60445,Caliber Home Loans,768926.00,417958.08,7.413,5225.04,2016-12-15,2036-12-15,2021-12-21,2022-01-20,DELINQUENT,58,INCOMPLETE,SECOND
L006155,B2709,Robert Taylor,,FHA,HOME_EQUITY,DC,99076,US Bank,607146.00,388946.85,7.334,4081.74,2018-05-08,2028-05-08,2023-02-06,2023-03-08,CURRENT,0,COMPLETE,FIRST
L004994,B3312,Lisa Williams,,USDA,REFINANCE,VA,99130,Bank of America,222335.00,153571.12,6.181,1259.73,2021-02-15,2036-02-15,2029-11-14,2029-12-14,CURRENT,0,COMPLETE,FIRST
L001107,B3736,Joseph White,,JUMBO,PURCHASE,WY,70377,Nationstar Mortgage,56578.00,25606.24,6.309,327.20,2022-01-27,2032-01-27,2031-10-04,2031-11-03,DELINQUENT,38,COMPLETE,FIRST
L008045,B7149,Jennifer Jones,,JUMBO,REFINANCE,NJ,71281,Quicken Loans,797422.00,563811.57,4.447,3250.62,2022-07-18,2032-07-18,2022-09-02,2022-10-02,CURRENT,0,COMPLETE,SECOND
L005969,B7627,Mary Garcia,,FHA,HOME_EQUITY,KS,39477,Flagstar Bank,355986.00,249480.10,5.411,1765.72,2010-03-15,2040-03-15,2013-06-24,2013-07-24,CURRENT,0,INCOMPLETE,FIRST
L007703,B9522,Patricia Thomas,,JUMBO,CASH_OUT_REFINANCE,IA,23870,PNC Bank,620995.00,364615.11,8.037,4575.03,2020-07-11,2040-07-11,2020-11-11,2020-12-11,CURRENT,0,COMPLETE,SECOND
L004565,B5254,Sarah Williams,Jessica Davis,CONVENTIONAL,CONSTRUCTION,KS,25421,SunTrust Mortgage,715269.00,289696.90,4.518,2962.29,2020-11-17,2050-11-17,2023-08-09,2023-09-08,DELINQUENT,79,COMPLETE,FIRST
L009223,B1646,Michael Moore,,JUMBO,CASH_OUT_REFINANCE,NY,62426,PHH Mortgage,773530.00,437999.50,7.263,5149.97,2012-05-24,2022-05-24,2012-07-23,2012-08-22,DELINQUENT,43,COMPLETE,FIRST
L002286,B3559,Barbara Miller,,ARM,CONSTRUCTION,ID,42096,US Bank,776028.00,0.00,5.082,3615.13,2013-10-26,2023-10-26,2020-10-22,2020-11-21,PAID_OFF,0,COMPLETE,SECOND
L008223,B1878,Robert Lee,,FHA,CONSTRUCTION,NH,90278,Bank of America,668420.00,447285.37,2.934,1797.72,2021-07-06,2036-07-06,2022-11-30,2022-12-30,CURRENT,0,COMPLETE,FIRST
L003046,B6387,Patricia Taylor,,USDA,CONSTRUCTION,TX,41050,US Bank,180361.00,56969.65,3.018,498.97,2010-11-04,2030-11-04,2013-11-05,2013-12-05,CURRENT,0,COMPLETE,SECOND
L002302,B1744,Karen Moore,,FIXED,REFINANCE,MA,73373,Green Tree Servicing,478601.00,270088.77,6.136,2691.97,2020-01-22,2035-01-22,2020-11-12,2020-12-12,DEFAULT,214,COMPLETE,SECOND
L008371,B1041,William Thompson,,USDA,CONSTRUCTION,FL,56805,Bank of America,637904.00,334119.78,4.364,2551.83,2017-07-30,2027-07-30,2018-11-22,2018-12-22,CURRENT,0,COMPLETE,SECOND
L008375,B9913,David Jackson,,USDA,HOME_EQUITY,SD,49859,JPMorgan Chase Bank,409712.00,213221.66,4.486,1684.80,2011-07-15,2026-07-15,2022-04-26,2022-05-26,CURRENT,0,COMPLETE,SECOND
L000683,B1743,Mary White,,FIXED,CASH_OUT_REFINANCE,NM,58719,SunTrust Mortgage,197572.00,76268.10,7.584,1373.52,2013-12-23,2023-12-23,2015-06-30,2015-07-30,CURRENT,11,INCOMPLETE,SECOND
L006100,B2413,Robert Miller,,JUMBO,CONSTRUCTION,MT,81679,Freedom Mortgage,163669.00,54018.68,6.21,931.69,2017-04-30,2027-04-30,2022-12-27,2023-01-26,CURRENT,0,COMPLETE,FIRST
L006700,B9942,James Anderson,,FIXED,CONSTRUCTION,WY,97523,Green Tree Servicing,445820.00,170875.28,3.089,1262.38,2011-06-12,2021-06-12,2021-04-09,2021-05-09,DELINQUENT,47,MISSING,FIRST
L003409,B2289,John Jones,Charles Thomas,CONVENTIONAL,CASH_OUT_REFINANCE,ME,88938,Flagstar Bank,613842.00,343003.30,6.808,3830.78,2019-05-23,2039-05-23,2030-04-21,2030-05-21,DEFAULT,179,COMPLETE,FIRST
L000025,B2391,David Miller,,CONVENTIONAL,CASH_OUT_REFINANCE,RI,66349,JPMorgan Chase Bank,105164.00,42959.22,3.433,330.94,2011-02-12,2021-02-12,2014-04-01,2014-05-01,CLOSED,0,COMPLETE,SECOND
L000539,B3947,William Brown,James Anderson,FHA,CONSTRUCTION,MS,84379,Citimortgage,-388355.00,254415.62,5.076,1807.02,2014-03-04,2034-03-04,2017-01-01,2017-01-31,CURRENT,0,COMPLETE,SECOND
L007107,B9293,Robert Thomas,,JUMBO,HOME_EQUITY,CO,78824,Freedom Mortgage,353432.00,195291.58,4.701,1523.03,2019-07-09,2039-07-09,2024-05-13,2024-06-12,CURRENT,0,COMPLETE,FIRST
L009834,B4555,Joseph Johnson,,CONVENTIONAL,PURCHASE,OR,44755,Quicken Loans,431373.00,233208.11,6.601,2610.20,2013-02-22,2023-02-22,2019-05-10,2019-06-09,CURRENT,0,INCOMPLETE,SECOND
L001881,B3592,Joseph White,Sarah Moore,CONVENTIONAL,PURCHASE,MS,25156,Flagstar Bank,329925.00,0.00,7.967,2409.47,2020-07-08,2030-07-08,2028-01-20,2028-02-19,PAID_OFF,0,MISSING,SECOND
L009044,B4336,Charles Williams,,JUMBO,CASH_OUT_REFINANCE,DC,46756,Wells Fargo Home Mortgage,446709.00,0.00,5.163,2114.16,2020-10-05,2030-10-05,2025-10-12,2025-11-11,PAID_OFF,0,COMPLETE,FIRST
L002090,B2723,Jennifer Martinez,,USDA,REFINANCE,IN,43708,Quicken Loans,738031.00,0.00,5.991,4053.08,2011-10-11,2041-10-11,2016-01-28,2016-02-27,PAID_OFF,0,INCOMPLETE,SECOND
L007282,B6627,Sarah Lee,Jennifer Smith,VA,HOME_EQUITY,MN,39965,JPMorgan Chase Bank,238197.00,82057.86,8.136,1776.47,2018-06-16,2038-06-16,2021-10-03,2021-11-02,CURRENT,0,COMPLETE,SECOND
L009799,B5569,Thomas Thompson,,FHA,CONSTRUCTION,MT,94143,Quicken Loans,512335.00,245754.35,5.186,2435.56,2016-09-26,2046-09-26,2025-09-03,2025-10-03,CURRENT,0,COMPLETE,SECOND
L007031,B5953,Thomas Wilson,,ARM,HOME_EQUITY,DC,98781,Caliber Home Loans,143354.00,52156.94,3.534,464.40,2020-10-04,2040-10-04,2022-02-11,2022-03-13,DEFAULT,156,INCOMPLETE,SECOND
L006436,B1074,Jessica Jones,,FIXED,REFINANCE,NJ,84573,JPMorgan Chase Bank,124493.00,94791.69,2.505,285.87,2017-06-19,2047-06-19,2025-04-01,2025-05-01,DELINQUENT,33,COMPLETE,SECOND
L004341,B4889,Jennifer Williams,Richard Lee,CONVENTIONAL,HOME_EQUITY,OH,64048,Nationstar Mortgage,163858.00,111443.57,4.558,684.63,2013-11-09,2033-11-09,2023-05-03,2023-06-02,CURRENT,0,MISSING,SECOND
L004803,B6131,Richard Lee,Robert Johnson,FIXED,CASH_OUT_REFINANCE,NC,19287,Bank of America,735567.00,0.00,3.945,2659.99,2020-09-27,2035-09-27,2031-05-08,2031-06-07,CLOSED,0,COMPLETE,FIRST
L008659,B2088,Charles Martin,,FIXED,PURCHASE,NV,88334,JPMorgan Chase Bank,328058.00,188941.15,3.827,1150.85,2022-06-03,2032-06-03,2032-10-07,2032-11-06,CURRENT,0,COMPLETE,SECOND
L007377,B1206,Barbara Anderson,Susan Garcia,VA,HOME_EQUITY,MS,89486,Flagstar Bank,520968.00,197176.29,4.569,2181.94,2021-06-20,2041-06-20,2024-10-01,2024-10-31,DEFAULT,190,COMPLETE,SECOND
L009191,B7435,Barbara Thompson,Charles Brown,FHA,REFINANCE,NE,96465,JPMorgan Chase Bank,133051.00,77486.07,7.037,858.26,2010-04-11,2020-04-11,2016-03-15,2016-04-14,CURRENT,0,MISSING,SECOND
L008463,B9412,Jennifer Jackson,,FIXED,REFINANCE,SD,35500,SunTrust Mortgage,779345.00,226178.82,7.852,5609.47,2018-04-28,2048-04-28,2023-08-28,2023-09-27,DELINQUENT,67,COMPLETE,FIRST
L005060,B3660,David Martin,,CONVENTIONAL,HOME_EQUITY,NY,28023,US Bank,444970.00,351826.98,3.577,1459.02,2020-12-27,2050-12-27,2022-10-24,2022-11-23,CURRENT,0,COMPLETE,SECOND
L005748,B2667,Lisa Thompson,,VA,CASH_OUT_REFINANCE,NM,57546,Citimortgage,568315.00,268970.47,5.339,2781.38,2014-11-22,2034-11-22,2017-04-26,2017-05-26,CURRENT,0,MISSING,FIRST
L000887,B6337,Barbara Smith,,JUMBO,PURCHASE,OK,28672,PHH Mortgage,752699.00,0.00,6.475,4467.58,2018-02-11,2033-02-11,2028-04-09,2028-05-09,CLOSED,0,INCOMPLETE,SECOND
L007371,B5761,Thomas Jackson,,USDA,REFINANCE,MI,22268,Quicken Loans,263074.00,240790.29,6.01,1449.32,2011-08-01,2041-08-01,2019-08-26,2019-09-25,CURRENT,0,INCOMPLETE,FIRST
L002455,B8255,Susan Wilson,Thomas Moore,USDA,HOME_EQUITY,AL,15836,Green Tree Servicing,58795.00,36291.83,3.802,204.91,2010-12-05,2020-12-05,2016-12-18,2017-01-17,CURRENT,0,COMPLETE,SECOND
L009528,B5609,Thomas Taylor,,ARM,CONSTRUCTION,HI,47943,Caliber Home Loans,252379.00,74283.74,7.035,1627.53,2022-11-22,2037-11-22,2025-10-05,2025-11-04,CURRENT,0,INCOMPLETE,SECOND
